2026-06-14T00:10:13.295-05:00  INFO 42381 --- [backend] [main] [                                                 ] com.nib.backend.BackendApplication       : Starting BackendApplication using Java 21.0.11 with PID 42381 (/Users/rmeji/Desktop/Coding/Nib/backend/target/classes started by rmeji in /Users/rmeji/Desktop/Coding/Nib/backend)
2026-06-14T00:10:13.297-05:00  INFO 42381 --- [backend] [main] [                                                 ] com.nib.backend.BackendApplication       : The following 1 profile is active: "dev"
2026-06-14T00:10:13.886-05:00  INFO 42381 --- [backend] [main] [                                                 ] .s.d.r.c.RepositoryConfigurationDelegate : Multiple Spring Data modules found, entering strict repository configuration mode
2026-06-14T00:10:13.887-05:00  INFO 42381 --- [backend] [main] [                                                 ] .s.d.r.c.RepositoryConfigurationDelegate : Bootstrapping Spring Data JPA repositories in DEFAULT mode.
2026-06-14T00:10:13.978-05:00  INFO 42381 --- [backend] [main] [                                                 ] .s.d.r.c.RepositoryConfigurationDelegate : Finished Spring Data repository scanning in 84 ms. Found 10 JPA repository interfaces.
2026-06-14T00:10:14.328-05:00  INFO 42381 --- [backend] [main] [                                                 ] o.s.boot.tomcat.TomcatWebServer          : Tomcat initialized with port 8080 (http)
2026-06-14T00:10:14.336-05:00  INFO 42381 --- [backend] [main] [                                                 ] o.apache.catalina.core.StandardService   : Starting service [Tomcat]
2026-06-14T00:10:14.336-05:00  INFO 42381 --- [backend] [main] [                                                 ] o.apache.catalina.core.StandardEngine    : Starting Servlet engine: [Apache Tomcat/11.0.21]
2026-06-14T00:10:14.369-05:00  INFO 42381 --- [backend] [main] [                                                 ] b.w.c.s.WebApplicationContextInitializer : Root WebApplicationContext: initialization completed in 1052 ms
2026-06-14T00:10:14.437-05:00  INFO 42381 --- [backend] [main] [                                                 ] org.hibernate.orm.jpa                    : HHH008540: Processing PersistenceUnitInfo [name: default]
2026-06-14T00:10:14.468-05:00  INFO 42381 --- [backend] [main] [                                                 ] org.hibernate.orm.core                   : HHH000001: Hibernate ORM core version 7.2.12.Final
2026-06-14T00:10:14.694-05:00  INFO 42381 --- [backend] [main] [                                                 ] o.s.o.j.p.SpringPersistenceUnitInfo      : No LoadTimeWeaver setup: ignoring JPA class transformer
2026-06-14T00:10:14.712-05:00  INFO 42381 --- [backend] [main] [                                                 ] com.zaxxer.hikari.HikariDataSource       : HikariPool-1 - Starting...
2026-06-14T00:10:15.364-05:00  INFO 42381 --- [backend] [main] [                                                 ] com.zaxxer.hikari.pool.HikariPool        : HikariPool-1 - Added connection org.postgresql.jdbc.PgConnection@65f96d58
2026-06-14T00:10:15.366-05:00  INFO 42381 --- [backend] [main] [                                                 ] com.zaxxer.hikari.HikariDataSource       : HikariPool-1 - Start completed.
2026-06-14T00:10:16.250-05:00  INFO 42381 --- [backend] [main] [                                                 ] org.hibernate.orm.core                   : HHH000489: No JTA platform available (set 'hibernate.transaction.jta.platform' to enable JTA platform integration)
2026-06-14T00:10:16.251-05:00  INFO 42381 --- [backend] [main] [                                                 ] org.hibernate.orm.jdbc.batch             : HHH100501: Automatic JDBC statement batching enabled (maximum batch size 50)
2026-06-14T00:10:16.997-05:00  INFO 42381 --- [backend] [main] [                                                 ] j.LocalContainerEntityManagerFactoryBean : Initialized JPA EntityManagerFactory for persistence unit 'default'
2026-06-14T00:10:17.065-05:00  INFO 42381 --- [backend] [main] [                                                 ] o.s.d.j.r.query.QueryEnhancerFactories   : Hibernate is in classpath; If applicable, HQL parser will be used.
2026-06-14T00:10:17.196-05:00 ERROR 42381 --- [backend] [main] [                                                 ] i.n.r.d.DnsServerAddressStreamProviders  : Unable to load io.netty.resolver.dns.macos.MacOSDnsServerAddressStreamProvider, fallback to system defaults. This may result in incorrect DNS resolutions on MacOS. Check whether you have a dependency on 'io.netty:netty-resolver-dns-native-macos'. Use DEBUG level to see the full stack: java.lang.UnsatisfiedLinkError: failed to load the required native library
2026-06-14T00:10:17.615-05:00  INFO 42381 --- [backend] [main] [                                                 ] o.s.boot.web.servlet.RegistrationBean    : Filter apiRateLimitFilterRegistration was not registered (disabled)
2026-06-14T00:10:17.648-05:00  INFO 42381 --- [backend] [main] [                                                 ] eAuthenticationProviderManagerConfigurer : Global AuthenticationManager configured with AuthenticationProvider bean with name authenticationProvider
2026-06-14T00:10:18.889-05:00  INFO 42381 --- [backend] [main] [                                                 ] o.s.b.a.e.web.EndpointLinksResolver      : Exposing 4 endpoints beneath base path '/actuator'
2026-06-14T00:10:18.943-05:00  INFO 42381 --- [backend] [main] [                                                 ] o.s.boot.tomcat.TomcatWebServer          : Tomcat started on port 8080 (http) with context path '/'
2026-06-14T00:10:18.951-05:00  INFO 42381 --- [backend] [main] [                                                 ] com.nib.backend.BackendApplication       : Started BackendApplication in 5.873 seconds (process running for 6.066)
2026-06-14T00:10:18.989-05:00  INFO 42381 --- [backend] [main] [                                                 ] c.n.b.config.DatabaseMigrationRunner     : Running idempotent database migrations...
2026-06-14T00:10:19.332-05:00  INFO 42381 --- [backend] [main] [                                                 ] c.n.b.config.DatabaseMigrationRunner     : tsvector column, GIN index, and auto-populate trigger verified on content_blocks
2026-06-14T00:10:19.531-05:00  INFO 42381 --- [backend] [main] [                                                 ] c.n.b.config.DatabaseMigrationRunner     : Partial-ingestion warning columns verified on ingestion_jobs
2026-06-14T00:10:19.620-05:00  INFO 42381 --- [backend] [main] [                                                 ] c.n.b.config.DatabaseMigrationRunner     : Structured visual evidence columns verified on content_blocks
2026-06-14T00:10:19.752-05:00  INFO 42381 --- [backend] [main] [                                                 ] c.n.b.config.DatabaseMigrationRunner     : Answer audit table verified
2026-06-14T00:10:19.875-05:00  INFO 42381 --- [backend] [main] [                                                 ] c.n.b.config.DatabaseMigrationRunner     : Chat message feedback table verified
2026-06-14T00:10:20.061-05:00  INFO 42381 --- [backend] [main] [                                                 ] c.n.b.config.DatabaseMigrationRunner     : Semantic cache tables verified
2026-06-14T00:10:20.186-05:00  INFO 42381 --- [backend] [main] [                                                 ] c.n.b.config.DatabaseMigrationRunner     : Cost usage telemetry table verified
2026-06-14T00:10:20.186-05:00  INFO 42381 --- [backend] [main] [                                                 ] c.n.b.config.DatabaseMigrationRunner     : Database migrations complete.
2026-06-14T00:10:31.982-05:00  INFO 42381 --- [backend] [http-nio-8080-exec-1] [                                                 ] o.a.c.c.C.[Tomcat].[localhost].[/]       : Initializing Spring DispatcherServlet 'dispatcherServlet'
2026-06-14T00:10:31.983-05:00  INFO 42381 --- [backend] [http-nio-8080-exec-1] [                                                 ] o.s.web.servlet.DispatcherServlet        : Initializing Servlet 'dispatcherServlet'
2026-06-14T00:10:31.988-05:00  INFO 42381 --- [backend] [http-nio-8080-exec-1] [                                                 ] o.s.web.servlet.DispatcherServlet        : Completed initialization in 5 ms
2026-06-14T00:23:08.958-05:00  INFO 42381 --- [backend] [SpringApplicationShutdownHook] [                                                 ] o.s.boot.tomcat.GracefulShutdown         : Commencing graceful shutdown. Waiting for active requests to complete
2026-06-14T00:23:08.964-05:00  INFO 42381 --- [backend] [tomcat-shutdown] [                                                 ] o.s.boot.tomcat.GracefulShutdown         : Graceful shutdown complete
2026-06-14T00:23:09.013-05:00  INFO 42381 --- [backend] [SpringApplicationShutdownHook] [                                                 ] j.LocalContainerEntityManagerFactoryBean : Closing JPA EntityManagerFactory for persistence unit 'default'
2026-06-14T00:23:09.016-05:00  INFO 42381 --- [backend] [SpringApplicationShutdownHook] [                                                 ] com.zaxxer.hikari.HikariDataSource       : HikariPool-1 - Shutdown initiated...
2026-06-14T00:23:09.482-05:00  INFO 42381 --- [backend] [SpringApplicationShutdownHook] [                                                 ] com.zaxxer.hikari.HikariDataSource       : HikariPool-1 - Shutdown completed.
2026-06-14T00:23:16.742-05:00  INFO 43068 --- [backend] [main] [                                                 ] com.nib.backend.BackendApplication       : Starting BackendApplication using Java 21.0.11 with PID 43068 (/Users/rmeji/Desktop/Coding/Nib/backend/target/classes started by rmeji in /Users/rmeji/Desktop/Coding/Nib/backend)
2026-06-14T00:23:16.744-05:00  INFO 43068 --- [backend] [main] [                                                 ] com.nib.backend.BackendApplication       : The following 1 profile is active: "dev"
2026-06-14T00:23:17.315-05:00  INFO 43068 --- [backend] [main] [                                                 ] .s.d.r.c.RepositoryConfigurationDelegate : Multiple Spring Data modules found, entering strict repository configuration mode
2026-06-14T00:23:17.316-05:00  INFO 43068 --- [backend] [main] [                                                 ] .s.d.r.c.RepositoryConfigurationDelegate : Bootstrapping Spring Data JPA repositories in DEFAULT mode.
2026-06-14T00:23:17.401-05:00  INFO 43068 --- [backend] [main] [                                                 ] .s.d.r.c.RepositoryConfigurationDelegate : Finished Spring Data repository scanning in 80 ms. Found 10 JPA repository interfaces.
2026-06-14T00:23:17.753-05:00  INFO 43068 --- [backend] [main] [                                                 ] o.s.boot.tomcat.TomcatWebServer          : Tomcat initialized with port 8080 (http)
2026-06-14T00:23:17.760-05:00  INFO 43068 --- [backend] [main] [                                                 ] o.apache.catalina.core.StandardService   : Starting service [Tomcat]
2026-06-14T00:23:17.760-05:00  INFO 43068 --- [backend] [main] [                                                 ] o.apache.catalina.core.StandardEngine    : Starting Servlet engine: [Apache Tomcat/11.0.21]
2026-06-14T00:23:17.793-05:00  INFO 43068 --- [backend] [main] [                                                 ] b.w.c.s.WebApplicationContextInitializer : Root WebApplicationContext: initialization completed in 1027 ms
2026-06-14T00:23:17.865-05:00  INFO 43068 --- [backend] [main] [                                                 ] org.hibernate.orm.jpa                    : HHH008540: Processing PersistenceUnitInfo [name: default]
2026-06-14T00:23:17.896-05:00  INFO 43068 --- [backend] [main] [                                                 ] org.hibernate.orm.core                   : HHH000001: Hibernate ORM core version 7.2.12.Final
2026-06-14T00:23:18.121-05:00  INFO 43068 --- [backend] [main] [                                                 ] o.s.o.j.p.SpringPersistenceUnitInfo      : No LoadTimeWeaver setup: ignoring JPA class transformer
2026-06-14T00:23:18.138-05:00  INFO 43068 --- [backend] [main] [                                                 ] com.zaxxer.hikari.HikariDataSource       : HikariPool-1 - Starting...
2026-06-14T00:23:18.790-05:00  INFO 43068 --- [backend] [main] [                                                 ] com.zaxxer.hikari.pool.HikariPool        : HikariPool-1 - Added connection org.postgresql.jdbc.PgConnection@6b6939e1
2026-06-14T00:23:18.792-05:00  INFO 43068 --- [backend] [main] [                                                 ] com.zaxxer.hikari.HikariDataSource       : HikariPool-1 - Start completed.
2026-06-14T00:23:19.685-05:00  INFO 43068 --- [backend] [main] [                                                 ] org.hibernate.orm.core                   : HHH000489: No JTA platform available (set 'hibernate.transaction.jta.platform' to enable JTA platform integration)
2026-06-14T00:23:19.686-05:00  INFO 43068 --- [backend] [main] [                                                 ] org.hibernate.orm.jdbc.batch             : HHH100501: Automatic JDBC statement batching enabled (maximum batch size 50)
2026-06-14T00:23:20.521-05:00  INFO 43068 --- [backend] [main] [                                                 ] j.LocalContainerEntityManagerFactoryBean : Initialized JPA EntityManagerFactory for persistence unit 'default'
2026-06-14T00:23:20.587-05:00  INFO 43068 --- [backend] [main] [                                                 ] o.s.d.j.r.query.QueryEnhancerFactories   : Hibernate is in classpath; If applicable, HQL parser will be used.
2026-06-14T00:23:20.720-05:00 ERROR 43068 --- [backend] [main] [                                                 ] i.n.r.d.DnsServerAddressStreamProviders  : Unable to load io.netty.resolver.dns.macos.MacOSDnsServerAddressStreamProvider, fallback to system defaults. This may result in incorrect DNS resolutions on MacOS. Check whether you have a dependency on 'io.netty:netty-resolver-dns-native-macos'. Use DEBUG level to see the full stack: java.lang.UnsatisfiedLinkError: failed to load the required native library
2026-06-14T00:23:21.109-05:00  INFO 43068 --- [backend] [main] [                                                 ] o.s.boot.web.servlet.RegistrationBean    : Filter apiRateLimitFilterRegistration was not registered (disabled)
2026-06-14T00:23:21.143-05:00  INFO 43068 --- [backend] [main] [                                                 ] eAuthenticationProviderManagerConfigurer : Global AuthenticationManager configured with AuthenticationProvider bean with name authenticationProvider
2026-06-14T00:23:22.409-05:00  INFO 43068 --- [backend] [main] [                                                 ] o.s.b.a.e.web.EndpointLinksResolver      : Exposing 4 endpoints beneath base path '/actuator'
2026-06-14T00:23:22.462-05:00  INFO 43068 --- [backend] [main] [                                                 ] o.s.boot.tomcat.TomcatWebServer          : Tomcat started on port 8080 (http) with context path '/'
2026-06-14T00:23:22.470-05:00  INFO 43068 --- [backend] [main] [                                                 ] com.nib.backend.BackendApplication       : Started BackendApplication in 5.938 seconds (process running for 6.131)
2026-06-14T00:23:22.509-05:00  INFO 43068 --- [backend] [main] [                                                 ] c.n.b.config.DatabaseMigrationRunner     : Running idempotent database migrations...
2026-06-14T00:23:23.389-05:00  INFO 43068 --- [backend] [main] [                                                 ] c.n.b.config.DatabaseMigrationRunner     : tsvector column, GIN index, and auto-populate trigger verified on content_blocks
2026-06-14T00:23:23.609-05:00  INFO 43068 --- [backend] [main] [                                                 ] c.n.b.config.DatabaseMigrationRunner     : Partial-ingestion warning columns verified on ingestion_jobs
2026-06-14T00:23:23.697-05:00  INFO 43068 --- [backend] [main] [                                                 ] c.n.b.config.DatabaseMigrationRunner     : Structured visual evidence columns verified on content_blocks
2026-06-14T00:23:23.829-05:00  INFO 43068 --- [backend] [main] [                                                 ] c.n.b.config.DatabaseMigrationRunner     : Answer audit table verified
2026-06-14T00:23:23.945-05:00  INFO 43068 --- [backend] [main] [                                                 ] c.n.b.config.DatabaseMigrationRunner     : Chat message feedback table verified
2026-06-14T00:23:24.155-05:00  INFO 43068 --- [backend] [main] [                                                 ] c.n.b.config.DatabaseMigrationRunner     : Semantic cache tables verified
2026-06-14T00:23:24.276-05:00  INFO 43068 --- [backend] [main] [                                                 ] c.n.b.config.DatabaseMigrationRunner     : Cost usage telemetry table verified
2026-06-14T00:23:24.277-05:00  INFO 43068 --- [backend] [main] [                                                 ] c.n.b.config.DatabaseMigrationRunner     : Database migrations complete.
2026-06-14T00:23:57.254-05:00  INFO 43068 --- [backend] [http-nio-8080-exec-4] [                                                 ] o.a.c.c.C.[Tomcat].[localhost].[/]       : Initializing Spring DispatcherServlet 'dispatcherServlet'
2026-06-14T00:23:57.255-05:00  INFO 43068 --- [backend] [http-nio-8080-exec-4] [                                                 ] o.s.web.servlet.DispatcherServlet        : Initializing Servlet 'dispatcherServlet'
2026-06-14T00:23:57.266-05:00  INFO 43068 --- [backend] [http-nio-8080-exec-4] [                                                 ] o.s.web.servlet.DispatcherServlet        : Completed initialization in 11 ms
2026-06-14T00:30:04.166-05:00 ERROR 43068 --- [backend] [http-nio-8080-exec-7] [20445ae0ac95c7a87a670baf1b60fd38-51e5ca3c197c4932] c.n.b.exception.GlobalExceptionHandler   : Unhandled runtime exception

java.lang.NullPointerException: Cannot invoke "String.substring(int)" because "authHeader" is null
	at com.nib.backend.controller.AuthController.me(AuthController.java:42) ~[classes/:na]
	at java.base/jdk.internal.reflect.DirectMethodHandleAccessor.invoke(DirectMethodHandleAccessor.java:103) ~[na:na]
	at java.base/java.lang.reflect.Method.invoke(Method.java:580) ~[na:na]
	at org.springframework.web.method.support.InvocableHandlerMethod.doInvoke(InvocableHandlerMethod.java:252) ~[spring-web-7.0.7.jar:7.0.7]
	at org.springframework.web.method.support.InvocableHandlerMethod.invokeForRequest(InvocableHandlerMethod.java:184) ~[spring-web-7.0.7.jar:7.0.7]
	at org.springframework.web.servlet.mvc.method.annotation.ServletInvocableHandlerMethod.invokeAndHandle(ServletInvocableHandlerMethod.java:117) ~[spring-webmvc-7.0.7.jar:7.0.7]
	at org.springframework.web.servlet.mvc.method.annotation.RequestMappingHandlerAdapter.invokeHandlerMethod(RequestMappingHandlerAdapter.java:934) ~[spring-webmvc-7.0.7.jar:7.0.7]
	at org.springframework.web.servlet.mvc.method.annotation.RequestMappingHandlerAdapter.handleInternal(RequestMappingHandlerAdapter.java:853) ~[spring-webmvc-7.0.7.jar:7.0.7]
	at org.springframework.web.servlet.mvc.method.AbstractHandlerMethodAdapter.handle(AbstractHandlerMethodAdapter.java:86) ~[spring-webmvc-7.0.7.jar:7.0.7]
	at org.springframework.web.servlet.DispatcherServlet.doDispatch(DispatcherServlet.java:963) ~[spring-webmvc-7.0.7.jar:7.0.7]
	at org.springframework.web.servlet.DispatcherServlet.doService(DispatcherServlet.java:866) ~[spring-webmvc-7.0.7.jar:7.0.7]
	at org.springframework.web.servlet.FrameworkServlet.processRequest(FrameworkServlet.java:1000) ~[spring-webmvc-7.0.7.jar:7.0.7]
	at org.springframework.web.servlet.FrameworkServlet.doGet(FrameworkServlet.java:892) ~[spring-webmvc-7.0.7.jar:7.0.7]
	at jakarta.servlet.http.HttpServlet.doHead(HttpServlet.java:214) ~[tomcat-embed-core-11.0.21.jar:6.1]
	at jakarta.servlet.http.HttpServlet.service(HttpServlet.java:646) ~[tomcat-embed-core-11.0.21.jar:6.1]
	at org.springframework.web.servlet.FrameworkServlet.service(FrameworkServlet.java:874) ~[spring-webmvc-7.0.7.jar:7.0.7]
	at jakarta.servlet.http.HttpServlet.service(HttpServlet.java:710) ~[tomcat-embed-core-11.0.21.jar:6.1]
	at org.apache.catalina.core.ApplicationFilterChain.doFilter(ApplicationFilterChain.java:128) ~[tomcat-embed-core-11.0.21.jar:11.0.21]
	at org.apache.tomcat.websocket.server.WsFilter.doFilter(WsFilter.java:53) ~[tomcat-embed-websocket-11.0.21.jar:11.0.21]
	at org.apache.catalina.core.ApplicationFilterChain.doFilter(ApplicationFilterChain.java:107) ~[tomcat-embed-core-11.0.21.jar:11.0.21]
	at org.springframework.web.filter.OncePerRequestFilter.doFilter(OncePerRequestFilter.java:110) ~[spring-web-7.0.7.jar:7.0.7]
	at org.apache.catalina.core.ApplicationFilterChain.doFilter(ApplicationFilterChain.java:107) ~[tomcat-embed-core-11.0.21.jar:11.0.21]
	at com.nib.backend.config.MdcLoggingFilter.doFilterInternal(MdcLoggingFilter.java:57) ~[classes/:na]
	at org.springframework.web.filter.OncePerRequestFilter.doFilter(OncePerRequestFilter.java:116) ~[spring-web-7.0.7.jar:7.0.7]
	at org.apache.catalina.core.ApplicationFilterChain.doFilter(ApplicationFilterChain.java:107) ~[tomcat-embed-core-11.0.21.jar:11.0.21]
	at org.springframework.web.filter.CompositeFilter$VirtualFilterChain.doFilter(CompositeFilter.java:108) ~[spring-web-7.0.7.jar:7.0.7]
	at org.springframework.security.web.FilterChainProxy.lambda$doFilterInternal$3(FilterChainProxy.java:235) ~[spring-security-web-7.0.5.jar:7.0.5]
	at org.springframework.security.web.ObservationFilterChainDecorator$FilterObservation$SimpleFilterObservation.lambda$wrap$1(ObservationFilterChainDecorator.java:493) ~[spring-security-web-7.0.5.jar:7.0.5]
	at org.springframework.security.web.ObservationFilterChainDecorator$AroundFilterObservation$SimpleAroundFilterObservation.lambda$wrap$1(ObservationFilterChainDecorator.java:354) ~[spring-security-web-7.0.5.jar:7.0.5]
	at org.springframework.security.web.ObservationFilterChainDecorator.lambda$wrapSecured$0(ObservationFilterChainDecorator.java:86) ~[spring-security-web-7.0.5.jar:7.0.5]
	at org.springframework.security.web.ObservationFilterChainDecorator$VirtualFilterChain.doFilter(ObservationFilterChainDecorator.java:132) ~[spring-security-web-7.0.5.jar:7.0.5]
	at org.springframework.security.web.access.intercept.AuthorizationFilter.doFilter(AuthorizationFilter.java:101) ~[spring-security-web-7.0.5.jar:7.0.5]
	at org.springframework.security.web.ObservationFilterChainDecorator$ObservationFilter.wrapFilter(ObservationFilterChainDecorator.java:244) ~[spring-security-web-7.0.5.jar:7.0.5]
	at org.springframework.security.web.ObservationFilterChainDecorator$ObservationFilter.doFilter(ObservationFilterChainDecorator.java:231) ~[spring-security-web-7.0.5.jar:7.0.5]
	at org.springframework.security.web.ObservationFilterChainDecorator$VirtualFilterChain.doFilter(ObservationFilterChainDecorator.java:141) ~[spring-security-web-7.0.5.jar:7.0.5]
	at org.springframework.security.web.access.ExceptionTranslationFilter.doFilter(ExceptionTranslationFilter.java:126) ~[spring-security-web-7.0.5.jar:7.0.5]
	at org.springframework.security.web.access.ExceptionTranslationFilter.doFilter(ExceptionTranslationFilter.java:120) ~[spring-security-web-7.0.5.jar:7.0.5]
	at org.springframework.security.web.ObservationFilterChainDecorator$ObservationFilter.wrapFilter(ObservationFilterChainDecorator.java:244) ~[spring-security-web-7.0.5.jar:7.0.5]
	at org.springframework.security.web.ObservationFilterChainDecorator$ObservationFilter.doFilter(ObservationFilterChainDecorator.java:231) ~[spring-security-web-7.0.5.jar:7.0.5]
	at org.springframework.security.web.ObservationFilterChainDecorator$VirtualFilterChain.doFilter(ObservationFilterChainDecorator.java:141) ~[spring-security-web-7.0.5.jar:7.0.5]
	at org.springframework.security.web.session.SessionManagementFilter.doFilter(SessionManagementFilter.java:132) ~[spring-security-web-7.0.5.jar:7.0.5]
	at org.springframework.security.web.session.SessionManagementFilter.doFilter(SessionManagementFilter.java:86) ~[spring-security-web-7.0.5.jar:7.0.5]
	at org.springframework.security.web.ObservationFilterChainDecorator$ObservationFilter.wrapFilter(ObservationFilterChainDecorator.java:244) ~[spring-security-web-7.0.5.jar:7.0.5]
	at org.springframework.security.web.ObservationFilterChainDecorator$ObservationFilter.doFilter(ObservationFilterChainDecorator.java:231) ~[spring-security-web-7.0.5.jar:7.0.5]
	at org.springframework.security.web.ObservationFilterChainDecorator$VirtualFilterChain.doFilter(ObservationFilterChainDecorator.java:141) ~[spring-security-web-7.0.5.jar:7.0.5]
	at org.springframework.security.web.authentication.AnonymousAuthenticationFilter.doFilter(AnonymousAuthenticationFilter.java:100) ~[spring-security-web-7.0.5.jar:7.0.5]
	at org.springframework.security.web.ObservationFilterChainDecorator$ObservationFilter.wrapFilter(ObservationFilterChainDecorator.java:244) ~[spring-security-web-7.0.5.jar:7.0.5]
	at org.springframework.security.web.ObservationFilterChainDecorator$ObservationFilter.doFilter(ObservationFilterChainDecorator.java:231) ~[spring-security-web-7.0.5.jar:7.0.5]
	at org.springframework.security.web.ObservationFilterChainDecorator$VirtualFilterChain.doFilter(ObservationFilterChainDecorator.java:141) ~[spring-security-web-7.0.5.jar:7.0.5]
	at org.springframework.security.web.servletapi.SecurityContextHolderAwareRequestFilter.doFilter(SecurityContextHolderAwareRequestFilter.java:181) ~[spring-security-web-7.0.5.jar:7.0.5]
	at org.springframework.security.web.ObservationFilterChainDecorator$ObservationFilter.wrapFilter(ObservationFilterChainDecorator.java:244) ~[spring-security-web-7.0.5.jar:7.0.5]
	at org.springframework.security.web.ObservationFilterChainDecorator$ObservationFilter.doFilter(ObservationFilterChainDecorator.java:231) ~[spring-security-web-7.0.5.jar:7.0.5]
	at org.springframework.security.web.ObservationFilterChainDecorator$VirtualFilterChain.doFilter(ObservationFilterChainDecorator.java:141) ~[spring-security-web-7.0.5.jar:7.0.5]
	at org.springframework.security.web.savedrequest.RequestCacheAwareFilter.doFilter(RequestCacheAwareFilter.java:63) ~[spring-security-web-7.0.5.jar:7.0.5]
	at org.springframework.security.web.ObservationFilterChainDecorator$ObservationFilter.wrapFilter(ObservationFilterChainDecorator.java:244) ~[spring-security-web-7.0.5.jar:7.0.5]
	at org.springframework.security.web.ObservationFilterChainDecorator$ObservationFilter.doFilter(ObservationFilterChainDecorator.java:231) ~[spring-security-web-7.0.5.jar:7.0.5]
	at org.springframework.security.web.ObservationFilterChainDecorator$VirtualFilterChain.doFilter(ObservationFilterChainDecorator.java:141) ~[spring-security-web-7.0.5.jar:7.0.5]
	at com.nib.backend.config.ApiRateLimitFilter.doFilterInternal(ApiRateLimitFilter.java:43) ~[classes/:na]
	at org.springframework.web.filter.OncePerRequestFilter.doFilter(OncePerRequestFilter.java:116) ~[spring-web-7.0.7.jar:7.0.7]
	at org.springframework.security.web.ObservationFilterChainDecorator$ObservationFilter.wrapFilter(ObservationFilterChainDecorator.java:244) ~[spring-security-web-7.0.5.jar:7.0.5]
	at org.springframework.security.web.ObservationFilterChainDecorator$ObservationFilter.doFilter(ObservationFilterChainDecorator.java:231) ~[spring-security-web-7.0.5.jar:7.0.5]
	at org.springframework.security.web.ObservationFilterChainDecorator$VirtualFilterChain.doFilter(ObservationFilterChainDecorator.java:141) ~[spring-security-web-7.0.5.jar:7.0.5]
	at com.nib.backend.config.JwtAuthFilter.doFilterInternal(JwtAuthFilter.java:39) ~[classes/:na]
	at org.springframework.web.filter.OncePerRequestFilter.doFilter(OncePerRequestFilter.java:116) ~[spring-web-7.0.7.jar:7.0.7]
	at org.springframework.security.web.ObservationFilterChainDecorator$ObservationFilter.wrapFilter(ObservationFilterChainDecorator.java:244) ~[spring-security-web-7.0.5.jar:7.0.5]
	at org.springframework.security.web.ObservationFilterChainDecorator$ObservationFilter.doFilter(ObservationFilterChainDecorator.java:231) ~[spring-security-web-7.0.5.jar:7.0.5]
	at org.springframework.security.web.ObservationFilterChainDecorator$VirtualFilterChain.doFilter(ObservationFilterChainDecorator.java:141) ~[spring-security-web-7.0.5.jar:7.0.5]
	at org.springframework.security.web.authentication.logout.LogoutFilter.doFilter(LogoutFilter.java:110) ~[spring-security-web-7.0.5.jar:7.0.5]
	at org.springframework.security.web.authentication.logout.LogoutFilter.doFilter(LogoutFilter.java:96) ~[spring-security-web-7.0.5.jar:7.0.5]
	at org.springframework.security.web.ObservationFilterChainDecorator$ObservationFilter.wrapFilter(ObservationFilterChainDecorator.java:244) ~[spring-security-web-7.0.5.jar:7.0.5]
	at org.springframework.security.web.ObservationFilterChainDecorator$ObservationFilter.doFilter(ObservationFilterChainDecorator.java:231) ~[spring-security-web-7.0.5.jar:7.0.5]
	at org.springframework.security.web.ObservationFilterChainDecorator$VirtualFilterChain.doFilter(ObservationFilterChainDecorator.java:141) ~[spring-security-web-7.0.5.jar:7.0.5]
	at org.springframework.web.filter.CorsFilter.doFilterInternal(CorsFilter.java:91) ~[spring-web-7.0.7.jar:7.0.7]
	at org.springframework.web.filter.OncePerRequestFilter.doFilter(OncePerRequestFilter.java:116) ~[spring-web-7.0.7.jar:7.0.7]
	at org.springframework.security.web.ObservationFilterChainDecorator$ObservationFilter.wrapFilter(ObservationFilterChainDecorator.java:244) ~[spring-security-web-7.0.5.jar:7.0.5]
	at org.springframework.security.web.ObservationFilterChainDecorator$ObservationFilter.doFilter(ObservationFilterChainDecorator.java:231) ~[spring-security-web-7.0.5.jar:7.0.5]
	at org.springframework.security.web.ObservationFilterChainDecorator$VirtualFilterChain.doFilter(ObservationFilterChainDecorator.java:141) ~[spring-security-web-7.0.5.jar:7.0.5]
	at org.springframework.security.web.header.HeaderWriterFilter.doHeadersAfter(HeaderWriterFilter.java:90) ~[spring-security-web-7.0.5.jar:7.0.5]
	at org.springframework.security.web.header.HeaderWriterFilter.doFilterInternal(HeaderWriterFilter.java:75) ~[spring-security-web-7.0.5.jar:7.0.5]
	at org.springframework.web.filter.OncePerRequestFilter.doFilter(OncePerRequestFilter.java:116) ~[spring-web-7.0.7.jar:7.0.7]
	at org.springframework.security.web.ObservationFilterChainDecorator$ObservationFilter.wrapFilter(ObservationFilterChainDecorator.java:244) ~[spring-security-web-7.0.5.jar:7.0.5]
	at org.springframework.security.web.ObservationFilterChainDecorator$ObservationFilter.doFilter(ObservationFilterChainDecorator.java:231) ~[spring-security-web-7.0.5.jar:7.0.5]
	at org.springframework.security.web.ObservationFilterChainDecorator$VirtualFilterChain.doFilter(ObservationFilterChainDecorator.java:141) ~[spring-security-web-7.0.5.jar:7.0.5]
	at org.springframework.security.web.context.SecurityContextHolderFilter.doFilter(SecurityContextHolderFilter.java:82) ~[spring-security-web-7.0.5.jar:7.0.5]
	at org.springframework.security.web.context.SecurityContextHolderFilter.doFilter(SecurityContextHolderFilter.java:69) ~[spring-security-web-7.0.5.jar:7.0.5]
	at org.springframework.security.web.ObservationFilterChainDecorator$ObservationFilter.wrapFilter(ObservationFilterChainDecorator.java:244) ~[spring-security-web-7.0.5.jar:7.0.5]
	at org.springframework.security.web.ObservationFilterChainDecorator$ObservationFilter.doFilter(ObservationFilterChainDecorator.java:231) ~[spring-security-web-7.0.5.jar:7.0.5]
	at org.springframework.security.web.ObservationFilterChainDecorator$VirtualFilterChain.doFilter(ObservationFilterChainDecorator.java:141) ~[spring-security-web-7.0.5.jar:7.0.5]
	at org.springframework.security.web.context.request.async.WebAsyncManagerIntegrationFilter.doFilterInternal(WebAsyncManagerIntegrationFilter.java:62) ~[spring-security-web-7.0.5.jar:7.0.5]
	at org.springframework.web.filter.OncePerRequestFilter.doFilter(OncePerRequestFilter.java:116) ~[spring-web-7.0.7.jar:7.0.7]
	at org.springframework.security.web.ObservationFilterChainDecorator$ObservationFilter.wrapFilter(ObservationFilterChainDecorator.java:244) ~[spring-security-web-7.0.5.jar:7.0.5]
	at org.springframework.security.web.ObservationFilterChainDecorator$ObservationFilter.doFilter(ObservationFilterChainDecorator.java:231) ~[spring-security-web-7.0.5.jar:7.0.5]
	at org.springframework.security.web.ObservationFilterChainDecorator$VirtualFilterChain.doFilter(ObservationFilterChainDecorator.java:141) ~[spring-security-web-7.0.5.jar:7.0.5]
	at org.springframework.security.web.session.DisableEncodeUrlFilter.doFilterInternal(DisableEncodeUrlFilter.java:42) ~[spring-security-web-7.0.5.jar:7.0.5]
	at org.springframework.web.filter.OncePerRequestFilter.doFilter(OncePerRequestFilter.java:116) ~[spring-web-7.0.7.jar:7.0.7]
	at org.springframework.security.web.ObservationFilterChainDecorator$ObservationFilter.wrapFilter(ObservationFilterChainDecorator.java:244) ~[spring-security-web-7.0.5.jar:7.0.5]
	at org.springframework.security.web.ObservationFilterChainDecorator$AroundFilterObservation$SimpleAroundFilterObservation.lambda$wrap$0(ObservationFilterChainDecorator.java:337) ~[spring-security-web-7.0.5.jar:7.0.5]
	at org.springframework.security.web.ObservationFilterChainDecorator$ObservationFilter.doFilter(ObservationFilterChainDecorator.java:228) ~[spring-security-web-7.0.5.jar:7.0.5]
	at org.springframework.security.web.ObservationFilterChainDecorator$VirtualFilterChain.doFilter(ObservationFilterChainDecorator.java:141) ~[spring-security-web-7.0.5.jar:7.0.5]
	at org.springframework.security.web.FilterChainProxy.doFilterInternal(FilterChainProxy.java:237) ~[spring-security-web-7.0.5.jar:7.0.5]
	at org.springframework.security.web.FilterChainProxy.doFilter(FilterChainProxy.java:195) ~[spring-security-web-7.0.5.jar:7.0.5]
	at org.springframework.web.filter.CompositeFilter$VirtualFilterChain.doFilter(CompositeFilter.java:113) ~[spring-web-7.0.7.jar:7.0.7]
	at org.springframework.web.filter.ServletRequestPathFilter.doFilter(ServletRequestPathFilter.java:52) ~[spring-web-7.0.7.jar:7.0.7]
	at org.springframework.web.filter.CompositeFilter$VirtualFilterChain.doFilter(CompositeFilter.java:113) ~[spring-web-7.0.7.jar:7.0.7]
	at org.springframework.web.filter.CompositeFilter.doFilter(CompositeFilter.java:74) ~[spring-web-7.0.7.jar:7.0.7]
	at org.springframework.security.config.annotation.web.configuration.WebSecurityConfiguration$CompositeFilterChainProxy.doFilter(WebSecurityConfiguration.java:317) ~[spring-security-config-7.0.5.jar:7.0.5]
	at org.springframework.web.filter.DelegatingFilterProxy.invokeDelegate(DelegatingFilterProxy.java:355) ~[spring-web-7.0.7.jar:7.0.7]
	at org.springframework.web.filter.DelegatingFilterProxy.doFilter(DelegatingFilterProxy.java:272) ~[spring-web-7.0.7.jar:7.0.7]
	at org.apache.catalina.core.ApplicationFilterChain.doFilter(ApplicationFilterChain.java:107) ~[tomcat-embed-core-11.0.21.jar:11.0.21]
	at org.springframework.web.filter.RequestContextFilter.doFilterInternal(RequestContextFilter.java:100) ~[spring-web-7.0.7.jar:7.0.7]
	at org.springframework.web.filter.OncePerRequestFilter.doFilter(OncePerRequestFilter.java:116) ~[spring-web-7.0.7.jar:7.0.7]
	at org.apache.catalina.core.ApplicationFilterChain.doFilter(ApplicationFilterChain.java:107) ~[tomcat-embed-core-11.0.21.jar:11.0.21]
	at org.springframework.web.filter.FormContentFilter.doFilterInternal(FormContentFilter.java:93) ~[spring-web-7.0.7.jar:7.0.7]
	at org.springframework.web.filter.OncePerRequestFilter.doFilter(OncePerRequestFilter.java:116) ~[spring-web-7.0.7.jar:7.0.7]
	at org.apache.catalina.core.ApplicationFilterChain.doFilter(ApplicationFilterChain.java:107) ~[tomcat-embed-core-11.0.21.jar:11.0.21]
	at org.springframework.web.filter.ServerHttpObservationFilter.doFilterInternal(ServerHttpObservationFilter.java:110) ~[spring-web-7.0.7.jar:7.0.7]
	at org.springframework.web.filter.OncePerRequestFilter.doFilter(OncePerRequestFilter.java:116) ~[spring-web-7.0.7.jar:7.0.7]
	at org.apache.catalina.core.ApplicationFilterChain.doFilter(ApplicationFilterChain.java:107) ~[tomcat-embed-core-11.0.21.jar:11.0.21]
	at org.springframework.web.filter.CharacterEncodingFilter.doFilterInternal(CharacterEncodingFilter.java:199) ~[spring-web-7.0.7.jar:7.0.7]
	at org.springframework.web.filter.OncePerRequestFilter.doFilter(OncePerRequestFilter.java:116) ~[spring-web-7.0.7.jar:7.0.7]
	at org.apache.catalina.core.ApplicationFilterChain.doFilter(ApplicationFilterChain.java:107) ~[tomcat-embed-core-11.0.21.jar:11.0.21]
	at org.apache.catalina.core.StandardWrapperValve.invoke(StandardWrapperValve.java:165) ~[tomcat-embed-core-11.0.21.jar:11.0.21]
	at org.apache.catalina.core.StandardContextValve.invoke(StandardContextValve.java:77) ~[tomcat-embed-core-11.0.21.jar:11.0.21]
	at org.apache.catalina.authenticator.AuthenticatorBase.invoke(AuthenticatorBase.java:492) ~[tomcat-embed-core-11.0.21.jar:11.0.21]
	at org.apache.catalina.core.StandardHostValve.invoke(StandardHostValve.java:113) ~[tomcat-embed-core-11.0.21.jar:11.0.21]
	at org.apache.catalina.valves.ErrorReportValve.invoke(ErrorReportValve.java:83) ~[tomcat-embed-core-11.0.21.jar:11.0.21]
	at org.apache.catalina.core.StandardEngineValve.invoke(StandardEngineValve.java:72) ~[tomcat-embed-core-11.0.21.jar:11.0.21]
	at org.apache.catalina.connector.CoyoteAdapter.service(CoyoteAdapter.java:341) ~[tomcat-embed-core-11.0.21.jar:11.0.21]
	at org.apache.coyote.http11.Http11Processor.service(Http11Processor.java:397) ~[tomcat-embed-core-11.0.21.jar:11.0.21]
	at org.apache.coyote.AbstractProcessorLight.process(AbstractProcessorLight.java:63) ~[tomcat-embed-core-11.0.21.jar:11.0.21]
	at org.apache.coyote.AbstractProtocol$ConnectionHandler.process(AbstractProtocol.java:903) ~[tomcat-embed-core-11.0.21.jar:11.0.21]
	at org.apache.tomcat.util.net.NioEndpoint$SocketProcessor.doRun(NioEndpoint.java:1801) ~[tomcat-embed-core-11.0.21.jar:11.0.21]
	at org.apache.tomcat.util.net.SocketProcessorBase.run(SocketProcessorBase.java:52) ~[tomcat-embed-core-11.0.21.jar:11.0.21]
	at org.apache.tomcat.util.threads.ThreadPoolExecutor.runWorker(ThreadPoolExecutor.java:946) ~[tomcat-embed-core-11.0.21.jar:11.0.21]
	at org.apache.tomcat.util.threads.ThreadPoolExecutor$Worker.run(ThreadPoolExecutor.java:480) ~[tomcat-embed-core-11.0.21.jar:11.0.21]
	at org.apache.tomcat.util.threads.TaskThread$WrappingRunnable.run(TaskThread.java:57) ~[tomcat-embed-core-11.0.21.jar:11.0.21]
	at java.base/java.lang.Thread.run(Thread.java:1583) ~[na:na]

2026-06-14T00:37:52.584-05:00  INFO 43068 --- [backend] [SpringApplicationShutdownHook] [                                                 ] o.s.boot.tomcat.GracefulShutdown         : Commencing graceful shutdown. Waiting for active requests to complete
2026-06-14T00:37:52.596-05:00  INFO 43068 --- [backend] [tomcat-shutdown] [                                                 ] o.s.boot.tomcat.GracefulShutdown         : Graceful shutdown complete
2026-06-14T00:37:52.772-05:00  INFO 43068 --- [backend] [SpringApplicationShutdownHook] [                                                 ] j.LocalContainerEntityManagerFactoryBean : Closing JPA EntityManagerFactory for persistence unit 'default'
2026-06-14T00:37:52.776-05:00  INFO 43068 --- [backend] [SpringApplicationShutdownHook] [                                                 ] com.zaxxer.hikari.HikariDataSource       : HikariPool-1 - Shutdown initiated...
2026-06-14T00:37:53.269-05:00  INFO 43068 --- [backend] [SpringApplicationShutdownHook] [                                                 ] com.zaxxer.hikari.HikariDataSource       : HikariPool-1 - Shutdown completed.
2026-06-14T00:37:58.604-05:00  INFO 44215 --- [backend] [main] [                                                 ] com.nib.backend.BackendApplication       : Starting BackendApplication using Java 21.0.11 with PID 44215 (/Users/rmeji/Desktop/Coding/Nib/backend/target/classes started by rmeji in /Users/rmeji/Desktop/Coding/Nib/backend)
2026-06-14T00:37:58.606-05:00  INFO 44215 --- [backend] [main] [                                                 ] com.nib.backend.BackendApplication       : The following 1 profile is active: "dev"
2026-06-14T00:37:59.193-05:00  INFO 44215 --- [backend] [main] [                                                 ] .s.d.r.c.RepositoryConfigurationDelegate : Multiple Spring Data modules found, entering strict repository configuration mode
2026-06-14T00:37:59.194-05:00  INFO 44215 --- [backend] [main] [                                                 ] .s.d.r.c.RepositoryConfigurationDelegate : Bootstrapping Spring Data JPA repositories in DEFAULT mode.
2026-06-14T00:37:59.282-05:00  INFO 44215 --- [backend] [main] [                                                 ] .s.d.r.c.RepositoryConfigurationDelegate : Finished Spring Data repository scanning in 84 ms. Found 10 JPA repository interfaces.
2026-06-14T00:37:59.640-05:00  INFO 44215 --- [backend] [main] [                                                 ] o.s.boot.tomcat.TomcatWebServer          : Tomcat initialized with port 8080 (http)
2026-06-14T00:37:59.648-05:00  INFO 44215 --- [backend] [main] [                                                 ] o.apache.catalina.core.StandardService   : Starting service [Tomcat]
2026-06-14T00:37:59.648-05:00  INFO 44215 --- [backend] [main] [                                                 ] o.apache.catalina.core.StandardEngine    : Starting Servlet engine: [Apache Tomcat/11.0.21]
2026-06-14T00:37:59.681-05:00  INFO 44215 --- [backend] [main] [                                                 ] b.w.c.s.WebApplicationContextInitializer : Root WebApplicationContext: initialization completed in 1053 ms
2026-06-14T00:37:59.751-05:00  INFO 44215 --- [backend] [main] [                                                 ] org.hibernate.orm.jpa                    : HHH008540: Processing PersistenceUnitInfo [name: default]
2026-06-14T00:37:59.783-05:00  INFO 44215 --- [backend] [main] [                                                 ] org.hibernate.orm.core                   : HHH000001: Hibernate ORM core version 7.2.12.Final
2026-06-14T00:38:00.012-05:00  INFO 44215 --- [backend] [main] [                                                 ] o.s.o.j.p.SpringPersistenceUnitInfo      : No LoadTimeWeaver setup: ignoring JPA class transformer
2026-06-14T00:38:00.030-05:00  INFO 44215 --- [backend] [main] [                                                 ] com.zaxxer.hikari.HikariDataSource       : HikariPool-1 - Starting...
2026-06-14T00:38:00.733-05:00  INFO 44215 --- [backend] [main] [                                                 ] com.zaxxer.hikari.pool.HikariPool        : HikariPool-1 - Added connection org.postgresql.jdbc.PgConnection@6b6939e1
2026-06-14T00:38:00.734-05:00  INFO 44215 --- [backend] [main] [                                                 ] com.zaxxer.hikari.HikariDataSource       : HikariPool-1 - Start completed.
2026-06-14T00:38:01.642-05:00  INFO 44215 --- [backend] [main] [                                                 ] org.hibernate.orm.core                   : HHH000489: No JTA platform available (set 'hibernate.transaction.jta.platform' to enable JTA platform integration)
2026-06-14T00:38:01.643-05:00  INFO 44215 --- [backend] [main] [                                                 ] org.hibernate.orm.jdbc.batch             : HHH100501: Automatic JDBC statement batching enabled (maximum batch size 50)
2026-06-14T00:38:02.496-05:00  INFO 44215 --- [backend] [main] [                                                 ] j.LocalContainerEntityManagerFactoryBean : Initialized JPA EntityManagerFactory for persistence unit 'default'
2026-06-14T00:38:02.538-05:00  INFO 44215 --- [backend] [main] [                                                 ] o.s.d.j.r.query.QueryEnhancerFactories   : Hibernate is in classpath; If applicable, HQL parser will be used.
2026-06-14T00:38:02.678-05:00 ERROR 44215 --- [backend] [main] [                                                 ] i.n.r.d.DnsServerAddressStreamProviders  : Unable to load io.netty.resolver.dns.macos.MacOSDnsServerAddressStreamProvider, fallback to system defaults. This may result in incorrect DNS resolutions on MacOS. Check whether you have a dependency on 'io.netty:netty-resolver-dns-native-macos'. Use DEBUG level to see the full stack: java.lang.UnsatisfiedLinkError: failed to load the required native library
2026-06-14T00:38:03.082-05:00  INFO 44215 --- [backend] [main] [                                                 ] o.s.boot.web.servlet.RegistrationBean    : Filter apiRateLimitFilterRegistration was not registered (disabled)
2026-06-14T00:38:03.114-05:00  INFO 44215 --- [backend] [main] [                                                 ] eAuthenticationProviderManagerConfigurer : Global AuthenticationManager configured with AuthenticationProvider bean with name authenticationProvider
2026-06-14T00:38:04.347-05:00  INFO 44215 --- [backend] [main] [                                                 ] o.s.b.a.e.web.EndpointLinksResolver      : Exposing 4 endpoints beneath base path '/actuator'
2026-06-14T00:38:04.400-05:00  INFO 44215 --- [backend] [main] [                                                 ] o.s.boot.tomcat.TomcatWebServer          : Tomcat started on port 8080 (http) with context path '/'
2026-06-14T00:38:04.409-05:00  INFO 44215 --- [backend] [main] [                                                 ] com.nib.backend.BackendApplication       : Started BackendApplication in 6.017 seconds (process running for 6.214)
2026-06-14T00:38:04.447-05:00  INFO 44215 --- [backend] [main] [                                                 ] c.n.b.config.DatabaseMigrationRunner     : Running idempotent database migrations...
2026-06-14T00:38:05.128-05:00  INFO 44215 --- [backend] [main] [                                                 ] c.n.b.config.DatabaseMigrationRunner     : tsvector column, GIN index, and auto-populate trigger verified on content_blocks
2026-06-14T00:38:05.351-05:00  INFO 44215 --- [backend] [main] [                                                 ] c.n.b.config.DatabaseMigrationRunner     : Partial-ingestion warning columns verified on ingestion_jobs
2026-06-14T00:38:05.438-05:00  INFO 44215 --- [backend] [main] [                                                 ] c.n.b.config.DatabaseMigrationRunner     : Structured visual evidence columns verified on content_blocks
2026-06-14T00:38:05.559-05:00  INFO 44215 --- [backend] [main] [                                                 ] c.n.b.config.DatabaseMigrationRunner     : Answer audit table verified
2026-06-14T00:38:05.682-05:00  INFO 44215 --- [backend] [main] [                                                 ] c.n.b.config.DatabaseMigrationRunner     : Chat message feedback table verified
2026-06-14T00:38:05.890-05:00  INFO 44215 --- [backend] [main] [                                                 ] c.n.b.config.DatabaseMigrationRunner     : Semantic cache tables verified
2026-06-14T00:38:06.011-05:00  INFO 44215 --- [backend] [main] [                                                 ] c.n.b.config.DatabaseMigrationRunner     : Cost usage telemetry table verified
2026-06-14T00:38:06.011-05:00  INFO 44215 --- [backend] [main] [                                                 ] c.n.b.config.DatabaseMigrationRunner     : Database migrations complete.
2026-06-14T00:41:14.595-05:00  INFO 44215 --- [backend] [http-nio-8080-exec-2] [                                                 ] o.a.c.c.C.[Tomcat].[localhost].[/]       : Initializing Spring DispatcherServlet 'dispatcherServlet'
2026-06-14T00:41:14.596-05:00  INFO 44215 --- [backend] [http-nio-8080-exec-2] [                                                 ] o.s.web.servlet.DispatcherServlet        : Initializing Servlet 'dispatcherServlet'
2026-06-14T00:41:14.632-05:00  INFO 44215 --- [backend] [http-nio-8080-exec-2] [                                                 ] o.s.web.servlet.DispatcherServlet        : Completed initialization in 36 ms
2026-06-14T00:43:02.228-05:00  INFO 44215 --- [backend] [SpringApplicationShutdownHook] [                                                 ] o.s.boot.tomcat.GracefulShutdown         : Commencing graceful shutdown. Waiting for active requests to complete
2026-06-14T00:43:02.234-05:00  INFO 44215 --- [backend] [tomcat-shutdown] [                                                 ] o.s.boot.tomcat.GracefulShutdown         : Graceful shutdown complete
2026-06-14T00:43:02.276-05:00  INFO 44215 --- [backend] [SpringApplicationShutdownHook] [                                                 ] j.LocalContainerEntityManagerFactoryBean : Closing JPA EntityManagerFactory for persistence unit 'default'
2026-06-14T00:43:02.286-05:00  INFO 44215 --- [backend] [SpringApplicationShutdownHook] [                                                 ] com.zaxxer.hikari.HikariDataSource       : HikariPool-1 - Shutdown initiated...
2026-06-14T00:43:02.752-05:00  INFO 44215 --- [backend] [SpringApplicationShutdownHook] [                                                 ] com.zaxxer.hikari.HikariDataSource       : HikariPool-1 - Shutdown completed.
2026-06-14T00:43:06.013-05:00  INFO 44856 --- [backend] [main] [                                                 ] com.nib.backend.BackendApplication       : Starting BackendApplication using Java 21.0.11 with PID 44856 (/Users/rmeji/Desktop/Coding/Nib/backend/target/classes started by rmeji in /Users/rmeji/Desktop/Coding/Nib/backend)
2026-06-14T00:43:06.016-05:00  INFO 44856 --- [backend] [main] [                                                 ] com.nib.backend.BackendApplication       : The following 1 profile is active: "dev"
2026-06-14T00:43:06.637-05:00  INFO 44856 --- [backend] [main] [                                                 ] .s.d.r.c.RepositoryConfigurationDelegate : Multiple Spring Data modules found, entering strict repository configuration mode
2026-06-14T00:43:06.638-05:00  INFO 44856 --- [backend] [main] [                                                 ] .s.d.r.c.RepositoryConfigurationDelegate : Bootstrapping Spring Data JPA repositories in DEFAULT mode.
2026-06-14T00:43:06.724-05:00  INFO 44856 --- [backend] [main] [                                                 ] .s.d.r.c.RepositoryConfigurationDelegate : Finished Spring Data repository scanning in 80 ms. Found 10 JPA repository interfaces.
2026-06-14T00:43:07.078-05:00  INFO 44856 --- [backend] [main] [                                                 ] o.s.boot.tomcat.TomcatWebServer          : Tomcat initialized with port 8080 (http)
2026-06-14T00:43:07.086-05:00  INFO 44856 --- [backend] [main] [                                                 ] o.apache.catalina.core.StandardService   : Starting service [Tomcat]
2026-06-14T00:43:07.086-05:00  INFO 44856 --- [backend] [main] [                                                 ] o.apache.catalina.core.StandardEngine    : Starting Servlet engine: [Apache Tomcat/11.0.21]
2026-06-14T00:43:07.118-05:00  INFO 44856 --- [backend] [main] [                                                 ] b.w.c.s.WebApplicationContextInitializer : Root WebApplicationContext: initialization completed in 1076 ms
2026-06-14T00:43:07.188-05:00  INFO 44856 --- [backend] [main] [                                                 ] org.hibernate.orm.jpa                    : HHH008540: Processing PersistenceUnitInfo [name: default]
2026-06-14T00:43:07.219-05:00  INFO 44856 --- [backend] [main] [                                                 ] org.hibernate.orm.core                   : HHH000001: Hibernate ORM core version 7.2.12.Final
2026-06-14T00:43:07.446-05:00  INFO 44856 --- [backend] [main] [                                                 ] o.s.o.j.p.SpringPersistenceUnitInfo      : No LoadTimeWeaver setup: ignoring JPA class transformer
2026-06-14T00:43:07.464-05:00  INFO 44856 --- [backend] [main] [                                                 ] com.zaxxer.hikari.HikariDataSource       : HikariPool-1 - Starting...
2026-06-14T00:43:08.253-05:00  INFO 44856 --- [backend] [main] [                                                 ] com.zaxxer.hikari.pool.HikariPool        : HikariPool-1 - Added connection org.postgresql.jdbc.PgConnection@37c45154
2026-06-14T00:43:08.254-05:00  INFO 44856 --- [backend] [main] [                                                 ] com.zaxxer.hikari.HikariDataSource       : HikariPool-1 - Start completed.
2026-06-14T00:43:09.133-05:00  INFO 44856 --- [backend] [main] [                                                 ] org.hibernate.orm.core                   : HHH000489: No JTA platform available (set 'hibernate.transaction.jta.platform' to enable JTA platform integration)
2026-06-14T00:43:09.135-05:00  INFO 44856 --- [backend] [main] [                                                 ] org.hibernate.orm.jdbc.batch             : HHH100501: Automatic JDBC statement batching enabled (maximum batch size 50)
2026-06-14T00:43:09.938-05:00  INFO 44856 --- [backend] [main] [                                                 ] j.LocalContainerEntityManagerFactoryBean : Initialized JPA EntityManagerFactory for persistence unit 'default'
2026-06-14T00:43:10.009-05:00  INFO 44856 --- [backend] [main] [                                                 ] o.s.d.j.r.query.QueryEnhancerFactories   : Hibernate is in classpath; If applicable, HQL parser will be used.
2026-06-14T00:43:10.152-05:00 ERROR 44856 --- [backend] [main] [                                                 ] i.n.r.d.DnsServerAddressStreamProviders  : Unable to load io.netty.resolver.dns.macos.MacOSDnsServerAddressStreamProvider, fallback to system defaults. This may result in incorrect DNS resolutions on MacOS. Check whether you have a dependency on 'io.netty:netty-resolver-dns-native-macos'. Use DEBUG level to see the full stack: java.lang.UnsatisfiedLinkError: failed to load the required native library
2026-06-14T00:43:10.568-05:00  INFO 44856 --- [backend] [main] [                                                 ] o.s.boot.web.servlet.RegistrationBean    : Filter apiRateLimitFilterRegistration was not registered (disabled)
2026-06-14T00:43:10.600-05:00  INFO 44856 --- [backend] [main] [                                                 ] eAuthenticationProviderManagerConfigurer : Global AuthenticationManager configured with AuthenticationProvider bean with name authenticationProvider
2026-06-14T00:43:11.937-05:00  INFO 44856 --- [backend] [main] [                                                 ] o.s.b.a.e.web.EndpointLinksResolver      : Exposing 4 endpoints beneath base path '/actuator'
2026-06-14T00:43:11.992-05:00  INFO 44856 --- [backend] [main] [                                                 ] o.s.boot.tomcat.TomcatWebServer          : Tomcat started on port 8080 (http) with context path '/'
2026-06-14T00:43:12.000-05:00  INFO 44856 --- [backend] [main] [                                                 ] com.nib.backend.BackendApplication       : Started BackendApplication in 6.211 seconds (process running for 6.407)
2026-06-14T00:43:12.038-05:00  INFO 44856 --- [backend] [main] [                                                 ] c.n.b.config.DatabaseMigrationRunner     : Running idempotent database migrations...
2026-06-14T00:43:12.805-05:00  INFO 44856 --- [backend] [main] [                                                 ] c.n.b.config.DatabaseMigrationRunner     : tsvector column, GIN index, and auto-populate trigger verified on content_blocks
2026-06-14T00:43:13.024-05:00  INFO 44856 --- [backend] [main] [                                                 ] c.n.b.config.DatabaseMigrationRunner     : Partial-ingestion warning columns verified on ingestion_jobs
2026-06-14T00:43:13.111-05:00  INFO 44856 --- [backend] [main] [                                                 ] c.n.b.config.DatabaseMigrationRunner     : Structured visual evidence columns verified on content_blocks
2026-06-14T00:43:13.243-05:00  INFO 44856 --- [backend] [main] [                                                 ] c.n.b.config.DatabaseMigrationRunner     : Answer audit table verified
2026-06-14T00:43:13.355-05:00  INFO 44856 --- [backend] [main] [                                                 ] c.n.b.config.DatabaseMigrationRunner     : Chat message feedback table verified
2026-06-14T00:43:13.527-05:00  INFO 44856 --- [backend] [main] [                                                 ] c.n.b.config.DatabaseMigrationRunner     : Semantic cache tables verified
2026-06-14T00:43:13.643-05:00  INFO 44856 --- [backend] [main] [                                                 ] c.n.b.config.DatabaseMigrationRunner     : Cost usage telemetry table verified
2026-06-14T00:43:13.644-05:00  INFO 44856 --- [backend] [main] [                                                 ] c.n.b.config.DatabaseMigrationRunner     : Database migrations complete.
2026-06-14T00:44:11.232-05:00  INFO 44856 --- [backend] [http-nio-8080-exec-1] [                                                 ] o.a.c.c.C.[Tomcat].[localhost].[/]       : Initializing Spring DispatcherServlet 'dispatcherServlet'
2026-06-14T00:44:11.233-05:00  INFO 44856 --- [backend] [http-nio-8080-exec-1] [                                                 ] o.s.web.servlet.DispatcherServlet        : Initializing Servlet 'dispatcherServlet'
2026-06-14T00:44:11.239-05:00  INFO 44856 --- [backend] [http-nio-8080-exec-1] [                                                 ] o.s.web.servlet.DispatcherServlet        : Completed initialization in 5 ms
2026-06-14T00:46:15.350-05:00  INFO 44856 --- [backend] [SpringApplicationShutdownHook] [                                                 ] o.s.boot.tomcat.GracefulShutdown         : Commencing graceful shutdown. Waiting for active requests to complete
2026-06-14T00:46:15.356-05:00  INFO 44856 --- [backend] [tomcat-shutdown] [                                                 ] o.s.boot.tomcat.GracefulShutdown         : Graceful shutdown complete
2026-06-14T00:46:15.392-05:00  INFO 44856 --- [backend] [SpringApplicationShutdownHook] [                                                 ] j.LocalContainerEntityManagerFactoryBean : Closing JPA EntityManagerFactory for persistence unit 'default'
2026-06-14T00:46:15.395-05:00  INFO 44856 --- [backend] [SpringApplicationShutdownHook] [                                                 ] com.zaxxer.hikari.HikariDataSource       : HikariPool-1 - Shutdown initiated...
2026-06-14T00:46:15.833-05:00  INFO 44856 --- [backend] [SpringApplicationShutdownHook] [                                                 ] com.zaxxer.hikari.HikariDataSource       : HikariPool-1 - Shutdown completed.
2026-06-14T00:46:19.487-05:00  INFO 45367 --- [backend] [main] [                                                 ] com.nib.backend.BackendApplication       : Starting BackendApplication using Java 21.0.11 with PID 45367 (/Users/rmeji/Desktop/Coding/Nib/backend/target/classes started by rmeji in /Users/rmeji/Desktop/Coding/Nib/backend)
2026-06-14T00:46:19.489-05:00  INFO 45367 --- [backend] [main] [                                                 ] com.nib.backend.BackendApplication       : The following 1 profile is active: "dev"
2026-06-14T00:46:20.161-05:00  INFO 45367 --- [backend] [main] [                                                 ] .s.d.r.c.RepositoryConfigurationDelegate : Multiple Spring Data modules found, entering strict repository configuration mode
2026-06-14T00:46:20.162-05:00  INFO 45367 --- [backend] [main] [                                                 ] .s.d.r.c.RepositoryConfigurationDelegate : Bootstrapping Spring Data JPA repositories in DEFAULT mode.
2026-06-14T00:46:20.269-05:00  INFO 45367 --- [backend] [main] [                                                 ] .s.d.r.c.RepositoryConfigurationDelegate : Finished Spring Data repository scanning in 100 ms. Found 10 JPA repository interfaces.
2026-06-14T00:46:20.626-05:00  INFO 45367 --- [backend] [main] [                                                 ] o.s.boot.tomcat.TomcatWebServer          : Tomcat initialized with port 8080 (http)
2026-06-14T00:46:20.634-05:00  INFO 45367 --- [backend] [main] [                                                 ] o.apache.catalina.core.StandardService   : Starting service [Tomcat]
2026-06-14T00:46:20.634-05:00  INFO 45367 --- [backend] [main] [                                                 ] o.apache.catalina.core.StandardEngine    : Starting Servlet engine: [Apache Tomcat/11.0.21]
2026-06-14T00:46:20.729-05:00  INFO 45367 --- [backend] [main] [                                                 ] b.w.c.s.WebApplicationContextInitializer : Root WebApplicationContext: initialization completed in 1217 ms
2026-06-14T00:46:20.805-05:00  INFO 45367 --- [backend] [main] [                                                 ] org.hibernate.orm.jpa                    : HHH008540: Processing PersistenceUnitInfo [name: default]
2026-06-14T00:46:20.836-05:00  INFO 45367 --- [backend] [main] [                                                 ] org.hibernate.orm.core                   : HHH000001: Hibernate ORM core version 7.2.12.Final
2026-06-14T00:46:21.064-05:00  INFO 45367 --- [backend] [main] [                                                 ] o.s.o.j.p.SpringPersistenceUnitInfo      : No LoadTimeWeaver setup: ignoring JPA class transformer
2026-06-14T00:46:21.080-05:00  INFO 45367 --- [backend] [main] [                                                 ] com.zaxxer.hikari.HikariDataSource       : HikariPool-1 - Starting...
2026-06-14T00:46:21.713-05:00  INFO 45367 --- [backend] [main] [                                                 ] com.zaxxer.hikari.pool.HikariPool        : HikariPool-1 - Added connection org.postgresql.jdbc.PgConnection@37c45154
2026-06-14T00:46:21.714-05:00  INFO 45367 --- [backend] [main] [                                                 ] com.zaxxer.hikari.HikariDataSource       : HikariPool-1 - Start completed.
2026-06-14T00:46:22.555-05:00  INFO 45367 --- [backend] [main] [                                                 ] org.hibernate.orm.core                   : HHH000489: No JTA platform available (set 'hibernate.transaction.jta.platform' to enable JTA platform integration)
2026-06-14T00:46:22.557-05:00  INFO 45367 --- [backend] [main] [                                                 ] org.hibernate.orm.jdbc.batch             : HHH100501: Automatic JDBC statement batching enabled (maximum batch size 50)
2026-06-14T00:46:23.274-05:00  INFO 45367 --- [backend] [main] [                                                 ] j.LocalContainerEntityManagerFactoryBean : Initialized JPA EntityManagerFactory for persistence unit 'default'
2026-06-14T00:46:23.340-05:00  INFO 45367 --- [backend] [main] [                                                 ] o.s.d.j.r.query.QueryEnhancerFactories   : Hibernate is in classpath; If applicable, HQL parser will be used.
2026-06-14T00:46:23.472-05:00 ERROR 45367 --- [backend] [main] [                                                 ] i.n.r.d.DnsServerAddressStreamProviders  : Unable to load io.netty.resolver.dns.macos.MacOSDnsServerAddressStreamProvider, fallback to system defaults. This may result in incorrect DNS resolutions on MacOS. Check whether you have a dependency on 'io.netty:netty-resolver-dns-native-macos'. Use DEBUG level to see the full stack: java.lang.UnsatisfiedLinkError: failed to load the required native library
2026-06-14T00:46:23.854-05:00  INFO 45367 --- [backend] [main] [                                                 ] o.s.boot.web.servlet.RegistrationBean    : Filter apiRateLimitFilterRegistration was not registered (disabled)
2026-06-14T00:46:23.884-05:00  INFO 45367 --- [backend] [main] [                                                 ] eAuthenticationProviderManagerConfigurer : Global AuthenticationManager configured with AuthenticationProvider bean with name authenticationProvider
2026-06-14T00:46:25.110-05:00  INFO 45367 --- [backend] [main] [                                                 ] o.s.b.a.e.web.EndpointLinksResolver      : Exposing 4 endpoints beneath base path '/actuator'
2026-06-14T00:46:25.162-05:00  INFO 45367 --- [backend] [main] [                                                 ] o.s.boot.tomcat.TomcatWebServer          : Tomcat started on port 8080 (http) with context path '/'
2026-06-14T00:46:25.170-05:00  INFO 45367 --- [backend] [main] [                                                 ] com.nib.backend.BackendApplication       : Started BackendApplication in 5.908 seconds (process running for 6.1)
2026-06-14T00:46:25.207-05:00  INFO 45367 --- [backend] [main] [                                                 ] c.n.b.config.DatabaseMigrationRunner     : Running idempotent database migrations...
2026-06-14T00:46:25.522-05:00  INFO 45367 --- [backend] [main] [                                                 ] c.n.b.config.DatabaseMigrationRunner     : tsvector column, GIN index, and auto-populate trigger verified on content_blocks
2026-06-14T00:46:25.710-05:00  INFO 45367 --- [backend] [main] [                                                 ] c.n.b.config.DatabaseMigrationRunner     : Partial-ingestion warning columns verified on ingestion_jobs
2026-06-14T00:46:25.803-05:00  INFO 45367 --- [backend] [main] [                                                 ] c.n.b.config.DatabaseMigrationRunner     : Structured visual evidence columns verified on content_blocks
2026-06-14T00:46:25.929-05:00  INFO 45367 --- [backend] [main] [                                                 ] c.n.b.config.DatabaseMigrationRunner     : Answer audit table verified
2026-06-14T00:46:26.057-05:00  INFO 45367 --- [backend] [main] [                                                 ] c.n.b.config.DatabaseMigrationRunner     : Chat message feedback table verified
2026-06-14T00:46:26.278-05:00  INFO 45367 --- [backend] [main] [                                                 ] c.n.b.config.DatabaseMigrationRunner     : Semantic cache tables verified
2026-06-14T00:46:26.405-05:00  INFO 45367 --- [backend] [main] [                                                 ] c.n.b.config.DatabaseMigrationRunner     : Cost usage telemetry table verified
2026-06-14T00:46:26.405-05:00  INFO 45367 --- [backend] [main] [                                                 ] c.n.b.config.DatabaseMigrationRunner     : Database migrations complete.
2026-06-14T00:47:28.251-05:00  INFO 45367 --- [backend] [http-nio-8080-exec-1] [                                                 ] o.a.c.c.C.[Tomcat].[localhost].[/]       : Initializing Spring DispatcherServlet 'dispatcherServlet'
2026-06-14T00:47:28.252-05:00  INFO 45367 --- [backend] [http-nio-8080-exec-1] [                                                 ] o.s.web.servlet.DispatcherServlet        : Initializing Servlet 'dispatcherServlet'
2026-06-14T00:47:28.259-05:00  INFO 45367 --- [backend] [http-nio-8080-exec-1] [                                                 ] o.s.web.servlet.DispatcherServlet        : Completed initialization in 7 ms
2026-06-14T00:47:28.565-05:00  WARN 45367 --- [backend] [http-nio-8080-exec-2] [bf11dd47b391c774c6610029da7ae049-5b2e7b1faf307c4d] com.nib.backend.service.StripeService    : User 3a21ae4c-87ed-4a47-bd83-65f40154e448 has PRO tier but no Stripe subscription ID — downgrading immediately
2026-06-14T00:52:49.489-05:00  INFO 45367 --- [backend] [SpringApplicationShutdownHook] [                                                 ] o.s.boot.tomcat.GracefulShutdown         : Commencing graceful shutdown. Waiting for active requests to complete
2026-06-14T00:52:49.496-05:00  INFO 45367 --- [backend] [tomcat-shutdown] [                                                 ] o.s.boot.tomcat.GracefulShutdown         : Graceful shutdown complete
2026-06-14T00:52:49.539-05:00  INFO 45367 --- [backend] [SpringApplicationShutdownHook] [                                                 ] j.LocalContainerEntityManagerFactoryBean : Closing JPA EntityManagerFactory for persistence unit 'default'
2026-06-14T00:52:49.543-05:00  INFO 45367 --- [backend] [SpringApplicationShutdownHook] [                                                 ] com.zaxxer.hikari.HikariDataSource       : HikariPool-1 - Shutdown initiated...
2026-06-14T00:52:50.023-05:00  INFO 45367 --- [backend] [SpringApplicationShutdownHook] [                                                 ] com.zaxxer.hikari.HikariDataSource       : HikariPool-1 - Shutdown completed.
2026-06-14T00:52:53.778-05:00  INFO 45852 --- [backend] [main] [                                                 ] com.nib.backend.BackendApplication       : Starting BackendApplication using Java 21.0.11 with PID 45852 (/Users/rmeji/Desktop/Coding/Nib/backend/target/classes started by rmeji in /Users/rmeji/Desktop/Coding/Nib/backend)
2026-06-14T00:52:53.780-05:00  INFO 45852 --- [backend] [main] [                                                 ] com.nib.backend.BackendApplication       : The following 1 profile is active: "dev"
2026-06-14T00:52:54.379-05:00  INFO 45852 --- [backend] [main] [                                                 ] .s.d.r.c.RepositoryConfigurationDelegate : Multiple Spring Data modules found, entering strict repository configuration mode
2026-06-14T00:52:54.380-05:00  INFO 45852 --- [backend] [main] [                                                 ] .s.d.r.c.RepositoryConfigurationDelegate : Bootstrapping Spring Data JPA repositories in DEFAULT mode.
2026-06-14T00:52:54.466-05:00  INFO 45852 --- [backend] [main] [                                                 ] .s.d.r.c.RepositoryConfigurationDelegate : Finished Spring Data repository scanning in 82 ms. Found 10 JPA repository interfaces.
2026-06-14T00:52:54.825-05:00  INFO 45852 --- [backend] [main] [                                                 ] o.s.boot.tomcat.TomcatWebServer          : Tomcat initialized with port 8080 (http)
2026-06-14T00:52:54.832-05:00  INFO 45852 --- [backend] [main] [                                                 ] o.apache.catalina.core.StandardService   : Starting service [Tomcat]
2026-06-14T00:52:54.832-05:00  INFO 45852 --- [backend] [main] [                                                 ] o.apache.catalina.core.StandardEngine    : Starting Servlet engine: [Apache Tomcat/11.0.21]
2026-06-14T00:52:54.862-05:00  INFO 45852 --- [backend] [main] [                                                 ] b.w.c.s.WebApplicationContextInitializer : Root WebApplicationContext: initialization completed in 1061 ms
2026-06-14T00:52:54.929-05:00  INFO 45852 --- [backend] [main] [                                                 ] org.hibernate.orm.jpa                    : HHH008540: Processing PersistenceUnitInfo [name: default]
2026-06-14T00:52:54.960-05:00  INFO 45852 --- [backend] [main] [                                                 ] org.hibernate.orm.core                   : HHH000001: Hibernate ORM core version 7.2.12.Final
2026-06-14T00:52:55.184-05:00  INFO 45852 --- [backend] [main] [                                                 ] o.s.o.j.p.SpringPersistenceUnitInfo      : No LoadTimeWeaver setup: ignoring JPA class transformer
2026-06-14T00:52:55.201-05:00  INFO 45852 --- [backend] [main] [                                                 ] com.zaxxer.hikari.HikariDataSource       : HikariPool-1 - Starting...
2026-06-14T00:52:55.860-05:00  INFO 45852 --- [backend] [main] [                                                 ] com.zaxxer.hikari.pool.HikariPool        : HikariPool-1 - Added connection org.postgresql.jdbc.PgConnection@3083e6ef
2026-06-14T00:52:55.861-05:00  INFO 45852 --- [backend] [main] [                                                 ] com.zaxxer.hikari.HikariDataSource       : HikariPool-1 - Start completed.
2026-06-14T00:52:56.753-05:00  INFO 45852 --- [backend] [main] [                                                 ] org.hibernate.orm.core                   : HHH000489: No JTA platform available (set 'hibernate.transaction.jta.platform' to enable JTA platform integration)
2026-06-14T00:52:56.755-05:00  INFO 45852 --- [backend] [main] [                                                 ] org.hibernate.orm.jdbc.batch             : HHH100501: Automatic JDBC statement batching enabled (maximum batch size 50)
2026-06-14T00:52:57.586-05:00  INFO 45852 --- [backend] [main] [                                                 ] j.LocalContainerEntityManagerFactoryBean : Initialized JPA EntityManagerFactory for persistence unit 'default'
2026-06-14T00:52:57.651-05:00  INFO 45852 --- [backend] [main] [                                                 ] o.s.d.j.r.query.QueryEnhancerFactories   : Hibernate is in classpath; If applicable, HQL parser will be used.
2026-06-14T00:52:57.781-05:00 ERROR 45852 --- [backend] [main] [                                                 ] i.n.r.d.DnsServerAddressStreamProviders  : Unable to load io.netty.resolver.dns.macos.MacOSDnsServerAddressStreamProvider, fallback to system defaults. This may result in incorrect DNS resolutions on MacOS. Check whether you have a dependency on 'io.netty:netty-resolver-dns-native-macos'. Use DEBUG level to see the full stack: java.lang.UnsatisfiedLinkError: failed to load the required native library
2026-06-14T00:52:58.367-05:00  INFO 45852 --- [backend] [main] [                                                 ] o.s.boot.web.servlet.RegistrationBean    : Filter apiRateLimitFilterRegistration was not registered (disabled)
2026-06-14T00:52:58.404-05:00  INFO 45852 --- [backend] [main] [                                                 ] eAuthenticationProviderManagerConfigurer : Global AuthenticationManager configured with AuthenticationProvider bean with name authenticationProvider
2026-06-14T00:52:59.903-05:00  INFO 45852 --- [backend] [main] [                                                 ] o.s.b.a.e.web.EndpointLinksResolver      : Exposing 4 endpoints beneath base path '/actuator'
2026-06-14T00:52:59.965-05:00  INFO 45852 --- [backend] [main] [                                                 ] o.s.boot.tomcat.TomcatWebServer          : Tomcat started on port 8080 (http) with context path '/'
2026-06-14T00:52:59.974-05:00  INFO 45852 --- [backend] [main] [                                                 ] com.nib.backend.BackendApplication       : Started BackendApplication in 6.415 seconds (process running for 6.605)
2026-06-14T00:53:00.013-05:00  INFO 45852 --- [backend] [main] [                                                 ] c.n.b.config.DatabaseMigrationRunner     : Running idempotent database migrations...
2026-06-14T00:53:00.917-05:00  INFO 45852 --- [backend] [main] [                                                 ] c.n.b.config.DatabaseMigrationRunner     : tsvector column, GIN index, and auto-populate trigger verified on content_blocks
2026-06-14T00:53:01.142-05:00  INFO 45852 --- [backend] [main] [                                                 ] c.n.b.config.DatabaseMigrationRunner     : Partial-ingestion warning columns verified on ingestion_jobs
2026-06-14T00:53:01.229-05:00  INFO 45852 --- [backend] [main] [                                                 ] c.n.b.config.DatabaseMigrationRunner     : Structured visual evidence columns verified on content_blocks
2026-06-14T00:53:01.361-05:00  INFO 45852 --- [backend] [main] [                                                 ] c.n.b.config.DatabaseMigrationRunner     : Answer audit table verified
2026-06-14T00:53:01.482-05:00  INFO 45852 --- [backend] [main] [                                                 ] c.n.b.config.DatabaseMigrationRunner     : Chat message feedback table verified
2026-06-14T00:53:01.683-05:00  INFO 45852 --- [backend] [main] [                                                 ] c.n.b.config.DatabaseMigrationRunner     : Semantic cache tables verified
2026-06-14T00:53:01.773-05:00  INFO 45852 --- [backend] [http-nio-8080-exec-1] [                                                 ] o.a.c.c.C.[Tomcat].[localhost].[/]       : Initializing Spring DispatcherServlet 'dispatcherServlet'
2026-06-14T00:53:01.773-05:00  INFO 45852 --- [backend] [http-nio-8080-exec-1] [                                                 ] o.s.web.servlet.DispatcherServlet        : Initializing Servlet 'dispatcherServlet'
2026-06-14T00:53:01.775-05:00  INFO 45852 --- [backend] [http-nio-8080-exec-1] [                                                 ] o.s.web.servlet.DispatcherServlet        : Completed initialization in 2 ms
2026-06-14T00:53:01.814-05:00  INFO 45852 --- [backend] [main] [                                                 ] c.n.b.config.DatabaseMigrationRunner     : Cost usage telemetry table verified
2026-06-14T00:53:01.814-05:00  INFO 45852 --- [backend] [main] [                                                 ] c.n.b.config.DatabaseMigrationRunner     : Database migrations complete.
2026-06-14T00:57:35.127-05:00 ERROR 45852 --- [backend] [http-nio-8080-exec-4] [ce4cb102b7ce846577c63a8e77d75af0-a1e5fe8c5ce7d1da] c.n.b.exception.GlobalExceptionHandler   : Unhandled runtime exception

java.lang.StringIndexOutOfBoundsException: Range [7, 6) out of bounds for length 6
	at java.base/jdk.internal.util.Preconditions$1.apply(Preconditions.java:55) ~[na:na]
	at java.base/jdk.internal.util.Preconditions$1.apply(Preconditions.java:52) ~[na:na]
	at java.base/jdk.internal.util.Preconditions$4.apply(Preconditions.java:213) ~[na:na]
	at java.base/jdk.internal.util.Preconditions$4.apply(Preconditions.java:210) ~[na:na]
	at java.base/jdk.internal.util.Preconditions.outOfBounds(Preconditions.java:98) ~[na:na]
	at java.base/jdk.internal.util.Preconditions.outOfBoundsCheckFromToIndex(Preconditions.java:112) ~[na:na]
	at java.base/jdk.internal.util.Preconditions.checkFromToIndex(Preconditions.java:349) ~[na:na]
	at java.base/java.lang.String.checkBoundsBeginEnd(String.java:4855) ~[na:na]
	at java.base/java.lang.String.substring(String.java:2823) ~[na:na]
	at java.base/java.lang.String.substring(String.java:2796) ~[na:na]
	at com.nib.backend.controller.AuthController.me(AuthController.java:42) ~[classes/:na]
	at java.base/jdk.internal.reflect.DirectMethodHandleAccessor.invoke(DirectMethodHandleAccessor.java:103) ~[na:na]
	at java.base/java.lang.reflect.Method.invoke(Method.java:580) ~[na:na]
	at org.springframework.web.method.support.InvocableHandlerMethod.doInvoke(InvocableHandlerMethod.java:252) ~[spring-web-7.0.7.jar:7.0.7]
	at org.springframework.web.method.support.InvocableHandlerMethod.invokeForRequest(InvocableHandlerMethod.java:184) ~[spring-web-7.0.7.jar:7.0.7]
	at org.springframework.web.servlet.mvc.method.annotation.ServletInvocableHandlerMethod.invokeAndHandle(ServletInvocableHandlerMethod.java:117) ~[spring-webmvc-7.0.7.jar:7.0.7]
	at org.springframework.web.servlet.mvc.method.annotation.RequestMappingHandlerAdapter.invokeHandlerMethod(RequestMappingHandlerAdapter.java:934) ~[spring-webmvc-7.0.7.jar:7.0.7]
	at org.springframework.web.servlet.mvc.method.annotation.RequestMappingHandlerAdapter.handleInternal(RequestMappingHandlerAdapter.java:853) ~[spring-webmvc-7.0.7.jar:7.0.7]
	at org.springframework.web.servlet.mvc.method.AbstractHandlerMethodAdapter.handle(AbstractHandlerMethodAdapter.java:86) ~[spring-webmvc-7.0.7.jar:7.0.7]
	at org.springframework.web.servlet.DispatcherServlet.doDispatch(DispatcherServlet.java:963) ~[spring-webmvc-7.0.7.jar:7.0.7]
	at org.springframework.web.servlet.DispatcherServlet.doService(DispatcherServlet.java:866) ~[spring-webmvc-7.0.7.jar:7.0.7]
	at org.springframework.web.servlet.FrameworkServlet.processRequest(FrameworkServlet.java:1000) ~[spring-webmvc-7.0.7.jar:7.0.7]
	at org.springframework.web.servlet.FrameworkServlet.doGet(FrameworkServlet.java:892) ~[spring-webmvc-7.0.7.jar:7.0.7]
	at jakarta.servlet.http.HttpServlet.service(HttpServlet.java:622) ~[tomcat-embed-core-11.0.21.jar:6.1]
	at org.springframework.web.servlet.FrameworkServlet.service(FrameworkServlet.java:874) ~[spring-webmvc-7.0.7.jar:7.0.7]
	at jakarta.servlet.http.HttpServlet.service(HttpServlet.java:710) ~[tomcat-embed-core-11.0.21.jar:6.1]
	at org.apache.catalina.core.ApplicationFilterChain.doFilter(ApplicationFilterChain.java:128) ~[tomcat-embed-core-11.0.21.jar:11.0.21]
	at org.apache.tomcat.websocket.server.WsFilter.doFilter(WsFilter.java:53) ~[tomcat-embed-websocket-11.0.21.jar:11.0.21]
	at org.apache.catalina.core.ApplicationFilterChain.doFilter(ApplicationFilterChain.java:107) ~[tomcat-embed-core-11.0.21.jar:11.0.21]
	at org.springframework.web.filter.OncePerRequestFilter.doFilter(OncePerRequestFilter.java:110) ~[spring-web-7.0.7.jar:7.0.7]
	at org.apache.catalina.core.ApplicationFilterChain.doFilter(ApplicationFilterChain.java:107) ~[tomcat-embed-core-11.0.21.jar:11.0.21]
	at com.nib.backend.config.MdcLoggingFilter.doFilterInternal(MdcLoggingFilter.java:57) ~[classes/:na]
	at org.springframework.web.filter.OncePerRequestFilter.doFilter(OncePerRequestFilter.java:116) ~[spring-web-7.0.7.jar:7.0.7]
	at org.apache.catalina.core.ApplicationFilterChain.doFilter(ApplicationFilterChain.java:107) ~[tomcat-embed-core-11.0.21.jar:11.0.21]
	at org.springframework.web.filter.CompositeFilter$VirtualFilterChain.doFilter(CompositeFilter.java:108) ~[spring-web-7.0.7.jar:7.0.7]
	at org.springframework.security.web.FilterChainProxy.lambda$doFilterInternal$3(FilterChainProxy.java:235) ~[spring-security-web-7.0.5.jar:7.0.5]
	at org.springframework.security.web.ObservationFilterChainDecorator$FilterObservation$SimpleFilterObservation.lambda$wrap$1(ObservationFilterChainDecorator.java:493) ~[spring-security-web-7.0.5.jar:7.0.5]
	at org.springframework.security.web.ObservationFilterChainDecorator$AroundFilterObservation$SimpleAroundFilterObservation.lambda$wrap$1(ObservationFilterChainDecorator.java:354) ~[spring-security-web-7.0.5.jar:7.0.5]
	at org.springframework.security.web.ObservationFilterChainDecorator.lambda$wrapSecured$0(ObservationFilterChainDecorator.java:86) ~[spring-security-web-7.0.5.jar:7.0.5]
	at org.springframework.security.web.ObservationFilterChainDecorator$VirtualFilterChain.doFilter(ObservationFilterChainDecorator.java:132) ~[spring-security-web-7.0.5.jar:7.0.5]
	at org.springframework.security.web.access.intercept.AuthorizationFilter.doFilter(AuthorizationFilter.java:101) ~[spring-security-web-7.0.5.jar:7.0.5]
	at org.springframework.security.web.ObservationFilterChainDecorator$ObservationFilter.wrapFilter(ObservationFilterChainDecorator.java:244) ~[spring-security-web-7.0.5.jar:7.0.5]
	at org.springframework.security.web.ObservationFilterChainDecorator$ObservationFilter.doFilter(ObservationFilterChainDecorator.java:231) ~[spring-security-web-7.0.5.jar:7.0.5]
	at org.springframework.security.web.ObservationFilterChainDecorator$VirtualFilterChain.doFilter(ObservationFilterChainDecorator.java:141) ~[spring-security-web-7.0.5.jar:7.0.5]
	at org.springframework.security.web.access.ExceptionTranslationFilter.doFilter(ExceptionTranslationFilter.java:126) ~[spring-security-web-7.0.5.jar:7.0.5]
	at org.springframework.security.web.access.ExceptionTranslationFilter.doFilter(ExceptionTranslationFilter.java:120) ~[spring-security-web-7.0.5.jar:7.0.5]
	at org.springframework.security.web.ObservationFilterChainDecorator$ObservationFilter.wrapFilter(ObservationFilterChainDecorator.java:244) ~[spring-security-web-7.0.5.jar:7.0.5]
	at org.springframework.security.web.ObservationFilterChainDecorator$ObservationFilter.doFilter(ObservationFilterChainDecorator.java:231) ~[spring-security-web-7.0.5.jar:7.0.5]
	at org.springframework.security.web.ObservationFilterChainDecorator$VirtualFilterChain.doFilter(ObservationFilterChainDecorator.java:141) ~[spring-security-web-7.0.5.jar:7.0.5]
	at org.springframework.security.web.session.SessionManagementFilter.doFilter(SessionManagementFilter.java:132) ~[spring-security-web-7.0.5.jar:7.0.5]
	at org.springframework.security.web.session.SessionManagementFilter.doFilter(SessionManagementFilter.java:86) ~[spring-security-web-7.0.5.jar:7.0.5]
	at org.springframework.security.web.ObservationFilterChainDecorator$ObservationFilter.wrapFilter(ObservationFilterChainDecorator.java:244) ~[spring-security-web-7.0.5.jar:7.0.5]
	at org.springframework.security.web.ObservationFilterChainDecorator$ObservationFilter.doFilter(ObservationFilterChainDecorator.java:231) ~[spring-security-web-7.0.5.jar:7.0.5]
	at org.springframework.security.web.ObservationFilterChainDecorator$VirtualFilterChain.doFilter(ObservationFilterChainDecorator.java:141) ~[spring-security-web-7.0.5.jar:7.0.5]
	at org.springframework.security.web.authentication.AnonymousAuthenticationFilter.doFilter(AnonymousAuthenticationFilter.java:100) ~[spring-security-web-7.0.5.jar:7.0.5]
	at org.springframework.security.web.ObservationFilterChainDecorator$ObservationFilter.wrapFilter(ObservationFilterChainDecorator.java:244) ~[spring-security-web-7.0.5.jar:7.0.5]
	at org.springframework.security.web.ObservationFilterChainDecorator$ObservationFilter.doFilter(ObservationFilterChainDecorator.java:231) ~[spring-security-web-7.0.5.jar:7.0.5]
	at org.springframework.security.web.ObservationFilterChainDecorator$VirtualFilterChain.doFilter(ObservationFilterChainDecorator.java:141) ~[spring-security-web-7.0.5.jar:7.0.5]
	at org.springframework.security.web.servletapi.SecurityContextHolderAwareRequestFilter.doFilter(SecurityContextHolderAwareRequestFilter.java:181) ~[spring-security-web-7.0.5.jar:7.0.5]
	at org.springframework.security.web.ObservationFilterChainDecorator$ObservationFilter.wrapFilter(ObservationFilterChainDecorator.java:244) ~[spring-security-web-7.0.5.jar:7.0.5]
	at org.springframework.security.web.ObservationFilterChainDecorator$ObservationFilter.doFilter(ObservationFilterChainDecorator.java:231) ~[spring-security-web-7.0.5.jar:7.0.5]
	at org.springframework.security.web.ObservationFilterChainDecorator$VirtualFilterChain.doFilter(ObservationFilterChainDecorator.java:141) ~[spring-security-web-7.0.5.jar:7.0.5]
	at org.springframework.security.web.savedrequest.RequestCacheAwareFilter.doFilter(RequestCacheAwareFilter.java:63) ~[spring-security-web-7.0.5.jar:7.0.5]
	at org.springframework.security.web.ObservationFilterChainDecorator$ObservationFilter.wrapFilter(ObservationFilterChainDecorator.java:244) ~[spring-security-web-7.0.5.jar:7.0.5]
	at org.springframework.security.web.ObservationFilterChainDecorator$ObservationFilter.doFilter(ObservationFilterChainDecorator.java:231) ~[spring-security-web-7.0.5.jar:7.0.5]
	at org.springframework.security.web.ObservationFilterChainDecorator$VirtualFilterChain.doFilter(ObservationFilterChainDecorator.java:141) ~[spring-security-web-7.0.5.jar:7.0.5]
	at com.nib.backend.config.ApiRateLimitFilter.doFilterInternal(ApiRateLimitFilter.java:43) ~[classes/:na]
	at org.springframework.web.filter.OncePerRequestFilter.doFilter(OncePerRequestFilter.java:116) ~[spring-web-7.0.7.jar:7.0.7]
	at org.springframework.security.web.ObservationFilterChainDecorator$ObservationFilter.wrapFilter(ObservationFilterChainDecorator.java:244) ~[spring-security-web-7.0.5.jar:7.0.5]
	at org.springframework.security.web.ObservationFilterChainDecorator$ObservationFilter.doFilter(ObservationFilterChainDecorator.java:231) ~[spring-security-web-7.0.5.jar:7.0.5]
	at org.springframework.security.web.ObservationFilterChainDecorator$VirtualFilterChain.doFilter(ObservationFilterChainDecorator.java:141) ~[spring-security-web-7.0.5.jar:7.0.5]
	at com.nib.backend.config.JwtAuthFilter.doFilterInternal(JwtAuthFilter.java:39) ~[classes/:na]
	at org.springframework.web.filter.OncePerRequestFilter.doFilter(OncePerRequestFilter.java:116) ~[spring-web-7.0.7.jar:7.0.7]
	at org.springframework.security.web.ObservationFilterChainDecorator$ObservationFilter.wrapFilter(ObservationFilterChainDecorator.java:244) ~[spring-security-web-7.0.5.jar:7.0.5]
	at org.springframework.security.web.ObservationFilterChainDecorator$ObservationFilter.doFilter(ObservationFilterChainDecorator.java:231) ~[spring-security-web-7.0.5.jar:7.0.5]
	at org.springframework.security.web.ObservationFilterChainDecorator$VirtualFilterChain.doFilter(ObservationFilterChainDecorator.java:141) ~[spring-security-web-7.0.5.jar:7.0.5]
	at org.springframework.security.web.authentication.logout.LogoutFilter.doFilter(LogoutFilter.java:110) ~[spring-security-web-7.0.5.jar:7.0.5]
	at org.springframework.security.web.authentication.logout.LogoutFilter.doFilter(LogoutFilter.java:96) ~[spring-security-web-7.0.5.jar:7.0.5]
	at org.springframework.security.web.ObservationFilterChainDecorator$ObservationFilter.wrapFilter(ObservationFilterChainDecorator.java:244) ~[spring-security-web-7.0.5.jar:7.0.5]
	at org.springframework.security.web.ObservationFilterChainDecorator$ObservationFilter.doFilter(ObservationFilterChainDecorator.java:231) ~[spring-security-web-7.0.5.jar:7.0.5]
	at org.springframework.security.web.ObservationFilterChainDecorator$VirtualFilterChain.doFilter(ObservationFilterChainDecorator.java:141) ~[spring-security-web-7.0.5.jar:7.0.5]
	at org.springframework.web.filter.CorsFilter.doFilterInternal(CorsFilter.java:91) ~[spring-web-7.0.7.jar:7.0.7]
	at org.springframework.web.filter.OncePerRequestFilter.doFilter(OncePerRequestFilter.java:116) ~[spring-web-7.0.7.jar:7.0.7]
	at org.springframework.security.web.ObservationFilterChainDecorator$ObservationFilter.wrapFilter(ObservationFilterChainDecorator.java:244) ~[spring-security-web-7.0.5.jar:7.0.5]
	at org.springframework.security.web.ObservationFilterChainDecorator$ObservationFilter.doFilter(ObservationFilterChainDecorator.java:231) ~[spring-security-web-7.0.5.jar:7.0.5]
	at org.springframework.security.web.ObservationFilterChainDecorator$VirtualFilterChain.doFilter(ObservationFilterChainDecorator.java:141) ~[spring-security-web-7.0.5.jar:7.0.5]
	at org.springframework.security.web.header.HeaderWriterFilter.doHeadersAfter(HeaderWriterFilter.java:90) ~[spring-security-web-7.0.5.jar:7.0.5]
	at org.springframework.security.web.header.HeaderWriterFilter.doFilterInternal(HeaderWriterFilter.java:75) ~[spring-security-web-7.0.5.jar:7.0.5]
	at org.springframework.web.filter.OncePerRequestFilter.doFilter(OncePerRequestFilter.java:116) ~[spring-web-7.0.7.jar:7.0.7]
	at org.springframework.security.web.ObservationFilterChainDecorator$ObservationFilter.wrapFilter(ObservationFilterChainDecorator.java:244) ~[spring-security-web-7.0.5.jar:7.0.5]
	at org.springframework.security.web.ObservationFilterChainDecorator$ObservationFilter.doFilter(ObservationFilterChainDecorator.java:231) ~[spring-security-web-7.0.5.jar:7.0.5]
	at org.springframework.security.web.ObservationFilterChainDecorator$VirtualFilterChain.doFilter(ObservationFilterChainDecorator.java:141) ~[spring-security-web-7.0.5.jar:7.0.5]
	at org.springframework.security.web.context.SecurityContextHolderFilter.doFilter(SecurityContextHolderFilter.java:82) ~[spring-security-web-7.0.5.jar:7.0.5]
	at org.springframework.security.web.context.SecurityContextHolderFilter.doFilter(SecurityContextHolderFilter.java:69) ~[spring-security-web-7.0.5.jar:7.0.5]
	at org.springframework.security.web.ObservationFilterChainDecorator$ObservationFilter.wrapFilter(ObservationFilterChainDecorator.java:244) ~[spring-security-web-7.0.5.jar:7.0.5]
	at org.springframework.security.web.ObservationFilterChainDecorator$ObservationFilter.doFilter(ObservationFilterChainDecorator.java:231) ~[spring-security-web-7.0.5.jar:7.0.5]
	at org.springframework.security.web.ObservationFilterChainDecorator$VirtualFilterChain.doFilter(ObservationFilterChainDecorator.java:141) ~[spring-security-web-7.0.5.jar:7.0.5]
	at org.springframework.security.web.context.request.async.WebAsyncManagerIntegrationFilter.doFilterInternal(WebAsyncManagerIntegrationFilter.java:62) ~[spring-security-web-7.0.5.jar:7.0.5]
	at org.springframework.web.filter.OncePerRequestFilter.doFilter(OncePerRequestFilter.java:116) ~[spring-web-7.0.7.jar:7.0.7]
	at org.springframework.security.web.ObservationFilterChainDecorator$ObservationFilter.wrapFilter(ObservationFilterChainDecorator.java:244) ~[spring-security-web-7.0.5.jar:7.0.5]
	at org.springframework.security.web.ObservationFilterChainDecorator$ObservationFilter.doFilter(ObservationFilterChainDecorator.java:231) ~[spring-security-web-7.0.5.jar:7.0.5]
	at org.springframework.security.web.ObservationFilterChainDecorator$VirtualFilterChain.doFilter(ObservationFilterChainDecorator.java:141) ~[spring-security-web-7.0.5.jar:7.0.5]
	at org.springframework.security.web.session.DisableEncodeUrlFilter.doFilterInternal(DisableEncodeUrlFilter.java:42) ~[spring-security-web-7.0.5.jar:7.0.5]
	at org.springframework.web.filter.OncePerRequestFilter.doFilter(OncePerRequestFilter.java:116) ~[spring-web-7.0.7.jar:7.0.7]
	at org.springframework.security.web.ObservationFilterChainDecorator$ObservationFilter.wrapFilter(ObservationFilterChainDecorator.java:244) ~[spring-security-web-7.0.5.jar:7.0.5]
	at org.springframework.security.web.ObservationFilterChainDecorator$AroundFilterObservation$SimpleAroundFilterObservation.lambda$wrap$0(ObservationFilterChainDecorator.java:337) ~[spring-security-web-7.0.5.jar:7.0.5]
	at org.springframework.security.web.ObservationFilterChainDecorator$ObservationFilter.doFilter(ObservationFilterChainDecorator.java:228) ~[spring-security-web-7.0.5.jar:7.0.5]
	at org.springframework.security.web.ObservationFilterChainDecorator$VirtualFilterChain.doFilter(ObservationFilterChainDecorator.java:141) ~[spring-security-web-7.0.5.jar:7.0.5]
	at org.springframework.security.web.FilterChainProxy.doFilterInternal(FilterChainProxy.java:237) ~[spring-security-web-7.0.5.jar:7.0.5]
	at org.springframework.security.web.FilterChainProxy.doFilter(FilterChainProxy.java:195) ~[spring-security-web-7.0.5.jar:7.0.5]
	at org.springframework.web.filter.CompositeFilter$VirtualFilterChain.doFilter(CompositeFilter.java:113) ~[spring-web-7.0.7.jar:7.0.7]
	at org.springframework.web.filter.ServletRequestPathFilter.doFilter(ServletRequestPathFilter.java:52) ~[spring-web-7.0.7.jar:7.0.7]
	at org.springframework.web.filter.CompositeFilter$VirtualFilterChain.doFilter(CompositeFilter.java:113) ~[spring-web-7.0.7.jar:7.0.7]
	at org.springframework.web.filter.CompositeFilter.doFilter(CompositeFilter.java:74) ~[spring-web-7.0.7.jar:7.0.7]
	at org.springframework.security.config.annotation.web.configuration.WebSecurityConfiguration$CompositeFilterChainProxy.doFilter(WebSecurityConfiguration.java:317) ~[spring-security-config-7.0.5.jar:7.0.5]
	at org.springframework.web.filter.DelegatingFilterProxy.invokeDelegate(DelegatingFilterProxy.java:355) ~[spring-web-7.0.7.jar:7.0.7]
	at org.springframework.web.filter.DelegatingFilterProxy.doFilter(DelegatingFilterProxy.java:272) ~[spring-web-7.0.7.jar:7.0.7]
	at org.apache.catalina.core.ApplicationFilterChain.doFilter(ApplicationFilterChain.java:107) ~[tomcat-embed-core-11.0.21.jar:11.0.21]
	at org.springframework.web.filter.RequestContextFilter.doFilterInternal(RequestContextFilter.java:100) ~[spring-web-7.0.7.jar:7.0.7]
	at org.springframework.web.filter.OncePerRequestFilter.doFilter(OncePerRequestFilter.java:116) ~[spring-web-7.0.7.jar:7.0.7]
	at org.apache.catalina.core.ApplicationFilterChain.doFilter(ApplicationFilterChain.java:107) ~[tomcat-embed-core-11.0.21.jar:11.0.21]
	at org.springframework.web.filter.FormContentFilter.doFilterInternal(FormContentFilter.java:93) ~[spring-web-7.0.7.jar:7.0.7]
	at org.springframework.web.filter.OncePerRequestFilter.doFilter(OncePerRequestFilter.java:116) ~[spring-web-7.0.7.jar:7.0.7]
	at org.apache.catalina.core.ApplicationFilterChain.doFilter(ApplicationFilterChain.java:107) ~[tomcat-embed-core-11.0.21.jar:11.0.21]
	at org.springframework.web.filter.ServerHttpObservationFilter.doFilterInternal(ServerHttpObservationFilter.java:110) ~[spring-web-7.0.7.jar:7.0.7]
	at org.springframework.web.filter.OncePerRequestFilter.doFilter(OncePerRequestFilter.java:116) ~[spring-web-7.0.7.jar:7.0.7]
	at org.apache.catalina.core.ApplicationFilterChain.doFilter(ApplicationFilterChain.java:107) ~[tomcat-embed-core-11.0.21.jar:11.0.21]
	at org.springframework.web.filter.CharacterEncodingFilter.doFilterInternal(CharacterEncodingFilter.java:199) ~[spring-web-7.0.7.jar:7.0.7]
	at org.springframework.web.filter.OncePerRequestFilter.doFilter(OncePerRequestFilter.java:116) ~[spring-web-7.0.7.jar:7.0.7]
	at org.apache.catalina.core.ApplicationFilterChain.doFilter(ApplicationFilterChain.java:107) ~[tomcat-embed-core-11.0.21.jar:11.0.21]
	at org.apache.catalina.core.StandardWrapperValve.invoke(StandardWrapperValve.java:165) ~[tomcat-embed-core-11.0.21.jar:11.0.21]
	at org.apache.catalina.core.StandardContextValve.invoke(StandardContextValve.java:77) ~[tomcat-embed-core-11.0.21.jar:11.0.21]
	at org.apache.catalina.authenticator.AuthenticatorBase.invoke(AuthenticatorBase.java:492) ~[tomcat-embed-core-11.0.21.jar:11.0.21]
	at org.apache.catalina.core.StandardHostValve.invoke(StandardHostValve.java:113) ~[tomcat-embed-core-11.0.21.jar:11.0.21]
	at org.apache.catalina.valves.ErrorReportValve.invoke(ErrorReportValve.java:83) ~[tomcat-embed-core-11.0.21.jar:11.0.21]
	at org.apache.catalina.core.StandardEngineValve.invoke(StandardEngineValve.java:72) ~[tomcat-embed-core-11.0.21.jar:11.0.21]
	at org.apache.catalina.connector.CoyoteAdapter.service(CoyoteAdapter.java:341) ~[tomcat-embed-core-11.0.21.jar:11.0.21]
	at org.apache.coyote.http11.Http11Processor.service(Http11Processor.java:397) ~[tomcat-embed-core-11.0.21.jar:11.0.21]
	at org.apache.coyote.AbstractProcessorLight.process(AbstractProcessorLight.java:63) ~[tomcat-embed-core-11.0.21.jar:11.0.21]
	at org.apache.coyote.AbstractProtocol$ConnectionHandler.process(AbstractProtocol.java:903) ~[tomcat-embed-core-11.0.21.jar:11.0.21]
	at org.apache.tomcat.util.net.NioEndpoint$SocketProcessor.doRun(NioEndpoint.java:1801) ~[tomcat-embed-core-11.0.21.jar:11.0.21]
	at org.apache.tomcat.util.net.SocketProcessorBase.run(SocketProcessorBase.java:52) ~[tomcat-embed-core-11.0.21.jar:11.0.21]
	at org.apache.tomcat.util.threads.ThreadPoolExecutor.runWorker(ThreadPoolExecutor.java:946) ~[tomcat-embed-core-11.0.21.jar:11.0.21]
	at org.apache.tomcat.util.threads.ThreadPoolExecutor$Worker.run(ThreadPoolExecutor.java:480) ~[tomcat-embed-core-11.0.21.jar:11.0.21]
	at org.apache.tomcat.util.threads.TaskThread$WrappingRunnable.run(TaskThread.java:57) ~[tomcat-embed-core-11.0.21.jar:11.0.21]
	at java.base/java.lang.Thread.run(Thread.java:1583) ~[na:na]

2026-06-14T01:05:23.330-05:00 ERROR 45852 --- [backend] [http-nio-8080-exec-10] [0d92bc2d6cb6b8250f6ccf6bf23932e9-a5bfd6c24dae1c72] c.n.b.exception.GlobalExceptionHandler   : Unhandled runtime exception

java.lang.NullPointerException: Cannot invoke "String.substring(int)" because "authHeader" is null
	at com.nib.backend.controller.AuthController.me(AuthController.java:42) ~[classes/:na]
	at java.base/jdk.internal.reflect.DirectMethodHandleAccessor.invoke(DirectMethodHandleAccessor.java:103) ~[na:na]
	at java.base/java.lang.reflect.Method.invoke(Method.java:580) ~[na:na]
	at org.springframework.web.method.support.InvocableHandlerMethod.doInvoke(InvocableHandlerMethod.java:252) ~[spring-web-7.0.7.jar:7.0.7]
	at org.springframework.web.method.support.InvocableHandlerMethod.invokeForRequest(InvocableHandlerMethod.java:184) ~[spring-web-7.0.7.jar:7.0.7]
	at org.springframework.web.servlet.mvc.method.annotation.ServletInvocableHandlerMethod.invokeAndHandle(ServletInvocableHandlerMethod.java:117) ~[spring-webmvc-7.0.7.jar:7.0.7]
	at org.springframework.web.servlet.mvc.method.annotation.RequestMappingHandlerAdapter.invokeHandlerMethod(RequestMappingHandlerAdapter.java:934) ~[spring-webmvc-7.0.7.jar:7.0.7]
	at org.springframework.web.servlet.mvc.method.annotation.RequestMappingHandlerAdapter.handleInternal(RequestMappingHandlerAdapter.java:853) ~[spring-webmvc-7.0.7.jar:7.0.7]
	at org.springframework.web.servlet.mvc.method.AbstractHandlerMethodAdapter.handle(AbstractHandlerMethodAdapter.java:86) ~[spring-webmvc-7.0.7.jar:7.0.7]
	at org.springframework.web.servlet.DispatcherServlet.doDispatch(DispatcherServlet.java:963) ~[spring-webmvc-7.0.7.jar:7.0.7]
	at org.springframework.web.servlet.DispatcherServlet.doService(DispatcherServlet.java:866) ~[spring-webmvc-7.0.7.jar:7.0.7]
	at org.springframework.web.servlet.FrameworkServlet.processRequest(FrameworkServlet.java:1000) ~[spring-webmvc-7.0.7.jar:7.0.7]
	at org.springframework.web.servlet.FrameworkServlet.doGet(FrameworkServlet.java:892) ~[spring-webmvc-7.0.7.jar:7.0.7]
	at jakarta.servlet.http.HttpServlet.service(HttpServlet.java:622) ~[tomcat-embed-core-11.0.21.jar:6.1]
	at org.springframework.web.servlet.FrameworkServlet.service(FrameworkServlet.java:874) ~[spring-webmvc-7.0.7.jar:7.0.7]
	at jakarta.servlet.http.HttpServlet.service(HttpServlet.java:710) ~[tomcat-embed-core-11.0.21.jar:6.1]
	at org.apache.catalina.core.ApplicationFilterChain.doFilter(ApplicationFilterChain.java:128) ~[tomcat-embed-core-11.0.21.jar:11.0.21]
	at org.apache.tomcat.websocket.server.WsFilter.doFilter(WsFilter.java:53) ~[tomcat-embed-websocket-11.0.21.jar:11.0.21]
	at org.apache.catalina.core.ApplicationFilterChain.doFilter(ApplicationFilterChain.java:107) ~[tomcat-embed-core-11.0.21.jar:11.0.21]
	at org.springframework.web.filter.OncePerRequestFilter.doFilter(OncePerRequestFilter.java:110) ~[spring-web-7.0.7.jar:7.0.7]
	at org.apache.catalina.core.ApplicationFilterChain.doFilter(ApplicationFilterChain.java:107) ~[tomcat-embed-core-11.0.21.jar:11.0.21]
	at com.nib.backend.config.MdcLoggingFilter.doFilterInternal(MdcLoggingFilter.java:57) ~[classes/:na]
	at org.springframework.web.filter.OncePerRequestFilter.doFilter(OncePerRequestFilter.java:116) ~[spring-web-7.0.7.jar:7.0.7]
	at org.apache.catalina.core.ApplicationFilterChain.doFilter(ApplicationFilterChain.java:107) ~[tomcat-embed-core-11.0.21.jar:11.0.21]
	at org.springframework.web.filter.CompositeFilter$VirtualFilterChain.doFilter(CompositeFilter.java:108) ~[spring-web-7.0.7.jar:7.0.7]
	at org.springframework.security.web.FilterChainProxy.lambda$doFilterInternal$3(FilterChainProxy.java:235) ~[spring-security-web-7.0.5.jar:7.0.5]
	at org.springframework.security.web.ObservationFilterChainDecorator$FilterObservation$SimpleFilterObservation.lambda$wrap$1(ObservationFilterChainDecorator.java:493) ~[spring-security-web-7.0.5.jar:7.0.5]
	at org.springframework.security.web.ObservationFilterChainDecorator$AroundFilterObservation$SimpleAroundFilterObservation.lambda$wrap$1(ObservationFilterChainDecorator.java:354) ~[spring-security-web-7.0.5.jar:7.0.5]
	at org.springframework.security.web.ObservationFilterChainDecorator.lambda$wrapSecured$0(ObservationFilterChainDecorator.java:86) ~[spring-security-web-7.0.5.jar:7.0.5]
	at org.springframework.security.web.ObservationFilterChainDecorator$VirtualFilterChain.doFilter(ObservationFilterChainDecorator.java:132) ~[spring-security-web-7.0.5.jar:7.0.5]
	at org.springframework.security.web.access.intercept.AuthorizationFilter.doFilter(AuthorizationFilter.java:101) ~[spring-security-web-7.0.5.jar:7.0.5]
	at org.springframework.security.web.ObservationFilterChainDecorator$ObservationFilter.wrapFilter(ObservationFilterChainDecorator.java:244) ~[spring-security-web-7.0.5.jar:7.0.5]
	at org.springframework.security.web.ObservationFilterChainDecorator$ObservationFilter.doFilter(ObservationFilterChainDecorator.java:231) ~[spring-security-web-7.0.5.jar:7.0.5]
	at org.springframework.security.web.ObservationFilterChainDecorator$VirtualFilterChain.doFilter(ObservationFilterChainDecorator.java:141) ~[spring-security-web-7.0.5.jar:7.0.5]
	at org.springframework.security.web.access.ExceptionTranslationFilter.doFilter(ExceptionTranslationFilter.java:126) ~[spring-security-web-7.0.5.jar:7.0.5]
	at org.springframework.security.web.access.ExceptionTranslationFilter.doFilter(ExceptionTranslationFilter.java:120) ~[spring-security-web-7.0.5.jar:7.0.5]
	at org.springframework.security.web.ObservationFilterChainDecorator$ObservationFilter.wrapFilter(ObservationFilterChainDecorator.java:244) ~[spring-security-web-7.0.5.jar:7.0.5]
	at org.springframework.security.web.ObservationFilterChainDecorator$ObservationFilter.doFilter(ObservationFilterChainDecorator.java:231) ~[spring-security-web-7.0.5.jar:7.0.5]
	at org.springframework.security.web.ObservationFilterChainDecorator$VirtualFilterChain.doFilter(ObservationFilterChainDecorator.java:141) ~[spring-security-web-7.0.5.jar:7.0.5]
	at org.springframework.security.web.session.SessionManagementFilter.doFilter(SessionManagementFilter.java:132) ~[spring-security-web-7.0.5.jar:7.0.5]
	at org.springframework.security.web.session.SessionManagementFilter.doFilter(SessionManagementFilter.java:86) ~[spring-security-web-7.0.5.jar:7.0.5]
	at org.springframework.security.web.ObservationFilterChainDecorator$ObservationFilter.wrapFilter(ObservationFilterChainDecorator.java:244) ~[spring-security-web-7.0.5.jar:7.0.5]
	at org.springframework.security.web.ObservationFilterChainDecorator$ObservationFilter.doFilter(ObservationFilterChainDecorator.java:231) ~[spring-security-web-7.0.5.jar:7.0.5]
	at org.springframework.security.web.ObservationFilterChainDecorator$VirtualFilterChain.doFilter(ObservationFilterChainDecorator.java:141) ~[spring-security-web-7.0.5.jar:7.0.5]
	at org.springframework.security.web.authentication.AnonymousAuthenticationFilter.doFilter(AnonymousAuthenticationFilter.java:100) ~[spring-security-web-7.0.5.jar:7.0.5]
	at org.springframework.security.web.ObservationFilterChainDecorator$ObservationFilter.wrapFilter(ObservationFilterChainDecorator.java:244) ~[spring-security-web-7.0.5.jar:7.0.5]
	at org.springframework.security.web.ObservationFilterChainDecorator$ObservationFilter.doFilter(ObservationFilterChainDecorator.java:231) ~[spring-security-web-7.0.5.jar:7.0.5]
	at org.springframework.security.web.ObservationFilterChainDecorator$VirtualFilterChain.doFilter(ObservationFilterChainDecorator.java:141) ~[spring-security-web-7.0.5.jar:7.0.5]
	at org.springframework.security.web.servletapi.SecurityContextHolderAwareRequestFilter.doFilter(SecurityContextHolderAwareRequestFilter.java:181) ~[spring-security-web-7.0.5.jar:7.0.5]
	at org.springframework.security.web.ObservationFilterChainDecorator$ObservationFilter.wrapFilter(ObservationFilterChainDecorator.java:244) ~[spring-security-web-7.0.5.jar:7.0.5]
	at org.springframework.security.web.ObservationFilterChainDecorator$ObservationFilter.doFilter(ObservationFilterChainDecorator.java:231) ~[spring-security-web-7.0.5.jar:7.0.5]
	at org.springframework.security.web.ObservationFilterChainDecorator$VirtualFilterChain.doFilter(ObservationFilterChainDecorator.java:141) ~[spring-security-web-7.0.5.jar:7.0.5]
	at org.springframework.security.web.savedrequest.RequestCacheAwareFilter.doFilter(RequestCacheAwareFilter.java:63) ~[spring-security-web-7.0.5.jar:7.0.5]
	at org.springframework.security.web.ObservationFilterChainDecorator$ObservationFilter.wrapFilter(ObservationFilterChainDecorator.java:244) ~[spring-security-web-7.0.5.jar:7.0.5]
	at org.springframework.security.web.ObservationFilterChainDecorator$ObservationFilter.doFilter(ObservationFilterChainDecorator.java:231) ~[spring-security-web-7.0.5.jar:7.0.5]
	at org.springframework.security.web.ObservationFilterChainDecorator$VirtualFilterChain.doFilter(ObservationFilterChainDecorator.java:141) ~[spring-security-web-7.0.5.jar:7.0.5]
	at com.nib.backend.config.ApiRateLimitFilter.doFilterInternal(ApiRateLimitFilter.java:43) ~[classes/:na]
	at org.springframework.web.filter.OncePerRequestFilter.doFilter(OncePerRequestFilter.java:116) ~[spring-web-7.0.7.jar:7.0.7]
	at org.springframework.security.web.ObservationFilterChainDecorator$ObservationFilter.wrapFilter(ObservationFilterChainDecorator.java:244) ~[spring-security-web-7.0.5.jar:7.0.5]
	at org.springframework.security.web.ObservationFilterChainDecorator$ObservationFilter.doFilter(ObservationFilterChainDecorator.java:231) ~[spring-security-web-7.0.5.jar:7.0.5]
	at org.springframework.security.web.ObservationFilterChainDecorator$VirtualFilterChain.doFilter(ObservationFilterChainDecorator.java:141) ~[spring-security-web-7.0.5.jar:7.0.5]
	at com.nib.backend.config.JwtAuthFilter.doFilterInternal(JwtAuthFilter.java:39) ~[classes/:na]
	at org.springframework.web.filter.OncePerRequestFilter.doFilter(OncePerRequestFilter.java:116) ~[spring-web-7.0.7.jar:7.0.7]
	at org.springframework.security.web.ObservationFilterChainDecorator$ObservationFilter.wrapFilter(ObservationFilterChainDecorator.java:244) ~[spring-security-web-7.0.5.jar:7.0.5]
	at org.springframework.security.web.ObservationFilterChainDecorator$ObservationFilter.doFilter(ObservationFilterChainDecorator.java:231) ~[spring-security-web-7.0.5.jar:7.0.5]
	at org.springframework.security.web.ObservationFilterChainDecorator$VirtualFilterChain.doFilter(ObservationFilterChainDecorator.java:141) ~[spring-security-web-7.0.5.jar:7.0.5]
	at org.springframework.security.web.authentication.logout.LogoutFilter.doFilter(LogoutFilter.java:110) ~[spring-security-web-7.0.5.jar:7.0.5]
	at org.springframework.security.web.authentication.logout.LogoutFilter.doFilter(LogoutFilter.java:96) ~[spring-security-web-7.0.5.jar:7.0.5]
	at org.springframework.security.web.ObservationFilterChainDecorator$ObservationFilter.wrapFilter(ObservationFilterChainDecorator.java:244) ~[spring-security-web-7.0.5.jar:7.0.5]
	at org.springframework.security.web.ObservationFilterChainDecorator$ObservationFilter.doFilter(ObservationFilterChainDecorator.java:231) ~[spring-security-web-7.0.5.jar:7.0.5]
	at org.springframework.security.web.ObservationFilterChainDecorator$VirtualFilterChain.doFilter(ObservationFilterChainDecorator.java:141) ~[spring-security-web-7.0.5.jar:7.0.5]
	at org.springframework.web.filter.CorsFilter.doFilterInternal(CorsFilter.java:91) ~[spring-web-7.0.7.jar:7.0.7]
	at org.springframework.web.filter.OncePerRequestFilter.doFilter(OncePerRequestFilter.java:116) ~[spring-web-7.0.7.jar:7.0.7]
	at org.springframework.security.web.ObservationFilterChainDecorator$ObservationFilter.wrapFilter(ObservationFilterChainDecorator.java:244) ~[spring-security-web-7.0.5.jar:7.0.5]
	at org.springframework.security.web.ObservationFilterChainDecorator$ObservationFilter.doFilter(ObservationFilterChainDecorator.java:231) ~[spring-security-web-7.0.5.jar:7.0.5]
	at org.springframework.security.web.ObservationFilterChainDecorator$VirtualFilterChain.doFilter(ObservationFilterChainDecorator.java:141) ~[spring-security-web-7.0.5.jar:7.0.5]
	at org.springframework.security.web.header.HeaderWriterFilter.doHeadersAfter(HeaderWriterFilter.java:90) ~[spring-security-web-7.0.5.jar:7.0.5]
	at org.springframework.security.web.header.HeaderWriterFilter.doFilterInternal(HeaderWriterFilter.java:75) ~[spring-security-web-7.0.5.jar:7.0.5]
	at org.springframework.web.filter.OncePerRequestFilter.doFilter(OncePerRequestFilter.java:116) ~[spring-web-7.0.7.jar:7.0.7]
	at org.springframework.security.web.ObservationFilterChainDecorator$ObservationFilter.wrapFilter(ObservationFilterChainDecorator.java:244) ~[spring-security-web-7.0.5.jar:7.0.5]
	at org.springframework.security.web.ObservationFilterChainDecorator$ObservationFilter.doFilter(ObservationFilterChainDecorator.java:231) ~[spring-security-web-7.0.5.jar:7.0.5]
	at org.springframework.security.web.ObservationFilterChainDecorator$VirtualFilterChain.doFilter(ObservationFilterChainDecorator.java:141) ~[spring-security-web-7.0.5.jar:7.0.5]
	at org.springframework.security.web.context.SecurityContextHolderFilter.doFilter(SecurityContextHolderFilter.java:82) ~[spring-security-web-7.0.5.jar:7.0.5]
	at org.springframework.security.web.context.SecurityContextHolderFilter.doFilter(SecurityContextHolderFilter.java:69) ~[spring-security-web-7.0.5.jar:7.0.5]
	at org.springframework.security.web.ObservationFilterChainDecorator$ObservationFilter.wrapFilter(ObservationFilterChainDecorator.java:244) ~[spring-security-web-7.0.5.jar:7.0.5]
	at org.springframework.security.web.ObservationFilterChainDecorator$ObservationFilter.doFilter(ObservationFilterChainDecorator.java:231) ~[spring-security-web-7.0.5.jar:7.0.5]
	at org.springframework.security.web.ObservationFilterChainDecorator$VirtualFilterChain.doFilter(ObservationFilterChainDecorator.java:141) ~[spring-security-web-7.0.5.jar:7.0.5]
	at org.springframework.security.web.context.request.async.WebAsyncManagerIntegrationFilter.doFilterInternal(WebAsyncManagerIntegrationFilter.java:62) ~[spring-security-web-7.0.5.jar:7.0.5]
	at org.springframework.web.filter.OncePerRequestFilter.doFilter(OncePerRequestFilter.java:116) ~[spring-web-7.0.7.jar:7.0.7]
	at org.springframework.security.web.ObservationFilterChainDecorator$ObservationFilter.wrapFilter(ObservationFilterChainDecorator.java:244) ~[spring-security-web-7.0.5.jar:7.0.5]
	at org.springframework.security.web.ObservationFilterChainDecorator$ObservationFilter.doFilter(ObservationFilterChainDecorator.java:231) ~[spring-security-web-7.0.5.jar:7.0.5]
	at org.springframework.security.web.ObservationFilterChainDecorator$VirtualFilterChain.doFilter(ObservationFilterChainDecorator.java:141) ~[spring-security-web-7.0.5.jar:7.0.5]
	at org.springframework.security.web.session.DisableEncodeUrlFilter.doFilterInternal(DisableEncodeUrlFilter.java:42) ~[spring-security-web-7.0.5.jar:7.0.5]
	at org.springframework.web.filter.OncePerRequestFilter.doFilter(OncePerRequestFilter.java:116) ~[spring-web-7.0.7.jar:7.0.7]
	at org.springframework.security.web.ObservationFilterChainDecorator$ObservationFilter.wrapFilter(ObservationFilterChainDecorator.java:244) ~[spring-security-web-7.0.5.jar:7.0.5]
	at org.springframework.security.web.ObservationFilterChainDecorator$AroundFilterObservation$SimpleAroundFilterObservation.lambda$wrap$0(ObservationFilterChainDecorator.java:337) ~[spring-security-web-7.0.5.jar:7.0.5]
	at org.springframework.security.web.ObservationFilterChainDecorator$ObservationFilter.doFilter(ObservationFilterChainDecorator.java:228) ~[spring-security-web-7.0.5.jar:7.0.5]
	at org.springframework.security.web.ObservationFilterChainDecorator$VirtualFilterChain.doFilter(ObservationFilterChainDecorator.java:141) ~[spring-security-web-7.0.5.jar:7.0.5]
	at org.springframework.security.web.FilterChainProxy.doFilterInternal(FilterChainProxy.java:237) ~[spring-security-web-7.0.5.jar:7.0.5]
	at org.springframework.security.web.FilterChainProxy.doFilter(FilterChainProxy.java:195) ~[spring-security-web-7.0.5.jar:7.0.5]
	at org.springframework.web.filter.CompositeFilter$VirtualFilterChain.doFilter(CompositeFilter.java:113) ~[spring-web-7.0.7.jar:7.0.7]
	at org.springframework.web.filter.ServletRequestPathFilter.doFilter(ServletRequestPathFilter.java:52) ~[spring-web-7.0.7.jar:7.0.7]
	at org.springframework.web.filter.CompositeFilter$VirtualFilterChain.doFilter(CompositeFilter.java:113) ~[spring-web-7.0.7.jar:7.0.7]
	at org.springframework.web.filter.CompositeFilter.doFilter(CompositeFilter.java:74) ~[spring-web-7.0.7.jar:7.0.7]
	at org.springframework.security.config.annotation.web.configuration.WebSecurityConfiguration$CompositeFilterChainProxy.doFilter(WebSecurityConfiguration.java:317) ~[spring-security-config-7.0.5.jar:7.0.5]
	at org.springframework.web.filter.DelegatingFilterProxy.invokeDelegate(DelegatingFilterProxy.java:355) ~[spring-web-7.0.7.jar:7.0.7]
	at org.springframework.web.filter.DelegatingFilterProxy.doFilter(DelegatingFilterProxy.java:272) ~[spring-web-7.0.7.jar:7.0.7]
	at org.apache.catalina.core.ApplicationFilterChain.doFilter(ApplicationFilterChain.java:107) ~[tomcat-embed-core-11.0.21.jar:11.0.21]
	at org.springframework.web.filter.RequestContextFilter.doFilterInternal(RequestContextFilter.java:100) ~[spring-web-7.0.7.jar:7.0.7]
	at org.springframework.web.filter.OncePerRequestFilter.doFilter(OncePerRequestFilter.java:116) ~[spring-web-7.0.7.jar:7.0.7]
	at org.apache.catalina.core.ApplicationFilterChain.doFilter(ApplicationFilterChain.java:107) ~[tomcat-embed-core-11.0.21.jar:11.0.21]
	at org.springframework.web.filter.FormContentFilter.doFilterInternal(FormContentFilter.java:93) ~[spring-web-7.0.7.jar:7.0.7]
	at org.springframework.web.filter.OncePerRequestFilter.doFilter(OncePerRequestFilter.java:116) ~[spring-web-7.0.7.jar:7.0.7]
	at org.apache.catalina.core.ApplicationFilterChain.doFilter(ApplicationFilterChain.java:107) ~[tomcat-embed-core-11.0.21.jar:11.0.21]
	at org.springframework.web.filter.ServerHttpObservationFilter.doFilterInternal(ServerHttpObservationFilter.java:110) ~[spring-web-7.0.7.jar:7.0.7]
	at org.springframework.web.filter.OncePerRequestFilter.doFilter(OncePerRequestFilter.java:116) ~[spring-web-7.0.7.jar:7.0.7]
	at org.apache.catalina.core.ApplicationFilterChain.doFilter(ApplicationFilterChain.java:107) ~[tomcat-embed-core-11.0.21.jar:11.0.21]
	at org.springframework.web.filter.CharacterEncodingFilter.doFilterInternal(CharacterEncodingFilter.java:199) ~[spring-web-7.0.7.jar:7.0.7]
	at org.springframework.web.filter.OncePerRequestFilter.doFilter(OncePerRequestFilter.java:116) ~[spring-web-7.0.7.jar:7.0.7]
	at org.apache.catalina.core.ApplicationFilterChain.doFilter(ApplicationFilterChain.java:107) ~[tomcat-embed-core-11.0.21.jar:11.0.21]
	at org.apache.catalina.core.StandardWrapperValve.invoke(StandardWrapperValve.java:165) ~[tomcat-embed-core-11.0.21.jar:11.0.21]
	at org.apache.catalina.core.StandardContextValve.invoke(StandardContextValve.java:77) ~[tomcat-embed-core-11.0.21.jar:11.0.21]
	at org.apache.catalina.authenticator.AuthenticatorBase.invoke(AuthenticatorBase.java:492) ~[tomcat-embed-core-11.0.21.jar:11.0.21]
	at org.apache.catalina.core.StandardHostValve.invoke(StandardHostValve.java:113) ~[tomcat-embed-core-11.0.21.jar:11.0.21]
	at org.apache.catalina.valves.ErrorReportValve.invoke(ErrorReportValve.java:83) ~[tomcat-embed-core-11.0.21.jar:11.0.21]
	at org.apache.catalina.core.StandardEngineValve.invoke(StandardEngineValve.java:72) ~[tomcat-embed-core-11.0.21.jar:11.0.21]
	at org.apache.catalina.connector.CoyoteAdapter.service(CoyoteAdapter.java:341) ~[tomcat-embed-core-11.0.21.jar:11.0.21]
	at org.apache.coyote.http11.Http11Processor.service(Http11Processor.java:397) ~[tomcat-embed-core-11.0.21.jar:11.0.21]
	at org.apache.coyote.AbstractProcessorLight.process(AbstractProcessorLight.java:63) ~[tomcat-embed-core-11.0.21.jar:11.0.21]
	at org.apache.coyote.AbstractProtocol$ConnectionHandler.process(AbstractProtocol.java:903) ~[tomcat-embed-core-11.0.21.jar:11.0.21]
	at org.apache.tomcat.util.net.NioEndpoint$SocketProcessor.doRun(NioEndpoint.java:1801) ~[tomcat-embed-core-11.0.21.jar:11.0.21]
	at org.apache.tomcat.util.net.SocketProcessorBase.run(SocketProcessorBase.java:52) ~[tomcat-embed-core-11.0.21.jar:11.0.21]
	at org.apache.tomcat.util.threads.ThreadPoolExecutor.runWorker(ThreadPoolExecutor.java:946) ~[tomcat-embed-core-11.0.21.jar:11.0.21]
	at org.apache.tomcat.util.threads.ThreadPoolExecutor$Worker.run(ThreadPoolExecutor.java:480) ~[tomcat-embed-core-11.0.21.jar:11.0.21]
	at org.apache.tomcat.util.threads.TaskThread$WrappingRunnable.run(TaskThread.java:57) ~[tomcat-embed-core-11.0.21.jar:11.0.21]
	at java.base/java.lang.Thread.run(Thread.java:1583) ~[na:na]

2026-06-14T01:05:23.366-05:00 ERROR 45852 --- [backend] [http-nio-8080-exec-7] [a3a627cbde480895597e99f460c87fad-37478e9ae122d2c2] c.n.b.exception.GlobalExceptionHandler   : Unhandled runtime exception

java.lang.NullPointerException: Cannot invoke "String.substring(int)" because "authHeader" is null
	at com.nib.backend.controller.AuthController.me(AuthController.java:42) ~[classes/:na]
	at java.base/jdk.internal.reflect.DirectMethodHandleAccessor.invoke(DirectMethodHandleAccessor.java:103) ~[na:na]
	at java.base/java.lang.reflect.Method.invoke(Method.java:580) ~[na:na]
	at org.springframework.web.method.support.InvocableHandlerMethod.doInvoke(InvocableHandlerMethod.java:252) ~[spring-web-7.0.7.jar:7.0.7]
	at org.springframework.web.method.support.InvocableHandlerMethod.invokeForRequest(InvocableHandlerMethod.java:184) ~[spring-web-7.0.7.jar:7.0.7]
	at org.springframework.web.servlet.mvc.method.annotation.ServletInvocableHandlerMethod.invokeAndHandle(ServletInvocableHandlerMethod.java:117) ~[spring-webmvc-7.0.7.jar:7.0.7]
	at org.springframework.web.servlet.mvc.method.annotation.RequestMappingHandlerAdapter.invokeHandlerMethod(RequestMappingHandlerAdapter.java:934) ~[spring-webmvc-7.0.7.jar:7.0.7]
	at org.springframework.web.servlet.mvc.method.annotation.RequestMappingHandlerAdapter.handleInternal(RequestMappingHandlerAdapter.java:853) ~[spring-webmvc-7.0.7.jar:7.0.7]
	at org.springframework.web.servlet.mvc.method.AbstractHandlerMethodAdapter.handle(AbstractHandlerMethodAdapter.java:86) ~[spring-webmvc-7.0.7.jar:7.0.7]
	at org.springframework.web.servlet.DispatcherServlet.doDispatch(DispatcherServlet.java:963) ~[spring-webmvc-7.0.7.jar:7.0.7]
	at org.springframework.web.servlet.DispatcherServlet.doService(DispatcherServlet.java:866) ~[spring-webmvc-7.0.7.jar:7.0.7]
	at org.springframework.web.servlet.FrameworkServlet.processRequest(FrameworkServlet.java:1000) ~[spring-webmvc-7.0.7.jar:7.0.7]
	at org.springframework.web.servlet.FrameworkServlet.doGet(FrameworkServlet.java:892) ~[spring-webmvc-7.0.7.jar:7.0.7]
	at jakarta.servlet.http.HttpServlet.service(HttpServlet.java:622) ~[tomcat-embed-core-11.0.21.jar:6.1]
	at org.springframework.web.servlet.FrameworkServlet.service(FrameworkServlet.java:874) ~[spring-webmvc-7.0.7.jar:7.0.7]
	at jakarta.servlet.http.HttpServlet.service(HttpServlet.java:710) ~[tomcat-embed-core-11.0.21.jar:6.1]
	at org.apache.catalina.core.ApplicationFilterChain.doFilter(ApplicationFilterChain.java:128) ~[tomcat-embed-core-11.0.21.jar:11.0.21]
	at org.apache.tomcat.websocket.server.WsFilter.doFilter(WsFilter.java:53) ~[tomcat-embed-websocket-11.0.21.jar:11.0.21]
	at org.apache.catalina.core.ApplicationFilterChain.doFilter(ApplicationFilterChain.java:107) ~[tomcat-embed-core-11.0.21.jar:11.0.21]
	at org.springframework.web.filter.OncePerRequestFilter.doFilter(OncePerRequestFilter.java:110) ~[spring-web-7.0.7.jar:7.0.7]
	at org.apache.catalina.core.ApplicationFilterChain.doFilter(ApplicationFilterChain.java:107) ~[tomcat-embed-core-11.0.21.jar:11.0.21]
	at com.nib.backend.config.MdcLoggingFilter.doFilterInternal(MdcLoggingFilter.java:57) ~[classes/:na]
	at org.springframework.web.filter.OncePerRequestFilter.doFilter(OncePerRequestFilter.java:116) ~[spring-web-7.0.7.jar:7.0.7]
	at org.apache.catalina.core.ApplicationFilterChain.doFilter(ApplicationFilterChain.java:107) ~[tomcat-embed-core-11.0.21.jar:11.0.21]
	at org.springframework.web.filter.CompositeFilter$VirtualFilterChain.doFilter(CompositeFilter.java:108) ~[spring-web-7.0.7.jar:7.0.7]
	at org.springframework.security.web.FilterChainProxy.lambda$doFilterInternal$3(FilterChainProxy.java:235) ~[spring-security-web-7.0.5.jar:7.0.5]
	at org.springframework.security.web.ObservationFilterChainDecorator$FilterObservation$SimpleFilterObservation.lambda$wrap$1(ObservationFilterChainDecorator.java:493) ~[spring-security-web-7.0.5.jar:7.0.5]
	at org.springframework.security.web.ObservationFilterChainDecorator$AroundFilterObservation$SimpleAroundFilterObservation.lambda$wrap$1(ObservationFilterChainDecorator.java:354) ~[spring-security-web-7.0.5.jar:7.0.5]
	at org.springframework.security.web.ObservationFilterChainDecorator.lambda$wrapSecured$0(ObservationFilterChainDecorator.java:86) ~[spring-security-web-7.0.5.jar:7.0.5]
	at org.springframework.security.web.ObservationFilterChainDecorator$VirtualFilterChain.doFilter(ObservationFilterChainDecorator.java:132) ~[spring-security-web-7.0.5.jar:7.0.5]
	at org.springframework.security.web.access.intercept.AuthorizationFilter.doFilter(AuthorizationFilter.java:101) ~[spring-security-web-7.0.5.jar:7.0.5]
	at org.springframework.security.web.ObservationFilterChainDecorator$ObservationFilter.wrapFilter(ObservationFilterChainDecorator.java:244) ~[spring-security-web-7.0.5.jar:7.0.5]
	at org.springframework.security.web.ObservationFilterChainDecorator$ObservationFilter.doFilter(ObservationFilterChainDecorator.java:231) ~[spring-security-web-7.0.5.jar:7.0.5]
	at org.springframework.security.web.ObservationFilterChainDecorator$VirtualFilterChain.doFilter(ObservationFilterChainDecorator.java:141) ~[spring-security-web-7.0.5.jar:7.0.5]
	at org.springframework.security.web.access.ExceptionTranslationFilter.doFilter(ExceptionTranslationFilter.java:126) ~[spring-security-web-7.0.5.jar:7.0.5]
	at org.springframework.security.web.access.ExceptionTranslationFilter.doFilter(ExceptionTranslationFilter.java:120) ~[spring-security-web-7.0.5.jar:7.0.5]
	at org.springframework.security.web.ObservationFilterChainDecorator$ObservationFilter.wrapFilter(ObservationFilterChainDecorator.java:244) ~[spring-security-web-7.0.5.jar:7.0.5]
	at org.springframework.security.web.ObservationFilterChainDecorator$ObservationFilter.doFilter(ObservationFilterChainDecorator.java:231) ~[spring-security-web-7.0.5.jar:7.0.5]
	at org.springframework.security.web.ObservationFilterChainDecorator$VirtualFilterChain.doFilter(ObservationFilterChainDecorator.java:141) ~[spring-security-web-7.0.5.jar:7.0.5]
	at org.springframework.security.web.session.SessionManagementFilter.doFilter(SessionManagementFilter.java:132) ~[spring-security-web-7.0.5.jar:7.0.5]
	at org.springframework.security.web.session.SessionManagementFilter.doFilter(SessionManagementFilter.java:86) ~[spring-security-web-7.0.5.jar:7.0.5]
	at org.springframework.security.web.ObservationFilterChainDecorator$ObservationFilter.wrapFilter(ObservationFilterChainDecorator.java:244) ~[spring-security-web-7.0.5.jar:7.0.5]
	at org.springframework.security.web.ObservationFilterChainDecorator$ObservationFilter.doFilter(ObservationFilterChainDecorator.java:231) ~[spring-security-web-7.0.5.jar:7.0.5]
	at org.springframework.security.web.ObservationFilterChainDecorator$VirtualFilterChain.doFilter(ObservationFilterChainDecorator.java:141) ~[spring-security-web-7.0.5.jar:7.0.5]
	at org.springframework.security.web.authentication.AnonymousAuthenticationFilter.doFilter(AnonymousAuthenticationFilter.java:100) ~[spring-security-web-7.0.5.jar:7.0.5]
	at org.springframework.security.web.ObservationFilterChainDecorator$ObservationFilter.wrapFilter(ObservationFilterChainDecorator.java:244) ~[spring-security-web-7.0.5.jar:7.0.5]
	at org.springframework.security.web.ObservationFilterChainDecorator$ObservationFilter.doFilter(ObservationFilterChainDecorator.java:231) ~[spring-security-web-7.0.5.jar:7.0.5]
	at org.springframework.security.web.ObservationFilterChainDecorator$VirtualFilterChain.doFilter(ObservationFilterChainDecorator.java:141) ~[spring-security-web-7.0.5.jar:7.0.5]
	at org.springframework.security.web.servletapi.SecurityContextHolderAwareRequestFilter.doFilter(SecurityContextHolderAwareRequestFilter.java:181) ~[spring-security-web-7.0.5.jar:7.0.5]
	at org.springframework.security.web.ObservationFilterChainDecorator$ObservationFilter.wrapFilter(ObservationFilterChainDecorator.java:244) ~[spring-security-web-7.0.5.jar:7.0.5]
	at org.springframework.security.web.ObservationFilterChainDecorator$ObservationFilter.doFilter(ObservationFilterChainDecorator.java:231) ~[spring-security-web-7.0.5.jar:7.0.5]
	at org.springframework.security.web.ObservationFilterChainDecorator$VirtualFilterChain.doFilter(ObservationFilterChainDecorator.java:141) ~[spring-security-web-7.0.5.jar:7.0.5]
	at org.springframework.security.web.savedrequest.RequestCacheAwareFilter.doFilter(RequestCacheAwareFilter.java:63) ~[spring-security-web-7.0.5.jar:7.0.5]
	at org.springframework.security.web.ObservationFilterChainDecorator$ObservationFilter.wrapFilter(ObservationFilterChainDecorator.java:244) ~[spring-security-web-7.0.5.jar:7.0.5]
	at org.springframework.security.web.ObservationFilterChainDecorator$ObservationFilter.doFilter(ObservationFilterChainDecorator.java:231) ~[spring-security-web-7.0.5.jar:7.0.5]
	at org.springframework.security.web.ObservationFilterChainDecorator$VirtualFilterChain.doFilter(ObservationFilterChainDecorator.java:141) ~[spring-security-web-7.0.5.jar:7.0.5]
	at com.nib.backend.config.ApiRateLimitFilter.doFilterInternal(ApiRateLimitFilter.java:43) ~[classes/:na]
	at org.springframework.web.filter.OncePerRequestFilter.doFilter(OncePerRequestFilter.java:116) ~[spring-web-7.0.7.jar:7.0.7]
	at org.springframework.security.web.ObservationFilterChainDecorator$ObservationFilter.wrapFilter(ObservationFilterChainDecorator.java:244) ~[spring-security-web-7.0.5.jar:7.0.5]
	at org.springframework.security.web.ObservationFilterChainDecorator$ObservationFilter.doFilter(ObservationFilterChainDecorator.java:231) ~[spring-security-web-7.0.5.jar:7.0.5]
	at org.springframework.security.web.ObservationFilterChainDecorator$VirtualFilterChain.doFilter(ObservationFilterChainDecorator.java:141) ~[spring-security-web-7.0.5.jar:7.0.5]
	at com.nib.backend.config.JwtAuthFilter.doFilterInternal(JwtAuthFilter.java:39) ~[classes/:na]
	at org.springframework.web.filter.OncePerRequestFilter.doFilter(OncePerRequestFilter.java:116) ~[spring-web-7.0.7.jar:7.0.7]
	at org.springframework.security.web.ObservationFilterChainDecorator$ObservationFilter.wrapFilter(ObservationFilterChainDecorator.java:244) ~[spring-security-web-7.0.5.jar:7.0.5]
	at org.springframework.security.web.ObservationFilterChainDecorator$ObservationFilter.doFilter(ObservationFilterChainDecorator.java:231) ~[spring-security-web-7.0.5.jar:7.0.5]
	at org.springframework.security.web.ObservationFilterChainDecorator$VirtualFilterChain.doFilter(ObservationFilterChainDecorator.java:141) ~[spring-security-web-7.0.5.jar:7.0.5]
	at org.springframework.security.web.authentication.logout.LogoutFilter.doFilter(LogoutFilter.java:110) ~[spring-security-web-7.0.5.jar:7.0.5]
	at org.springframework.security.web.authentication.logout.LogoutFilter.doFilter(LogoutFilter.java:96) ~[spring-security-web-7.0.5.jar:7.0.5]
	at org.springframework.security.web.ObservationFilterChainDecorator$ObservationFilter.wrapFilter(ObservationFilterChainDecorator.java:244) ~[spring-security-web-7.0.5.jar:7.0.5]
	at org.springframework.security.web.ObservationFilterChainDecorator$ObservationFilter.doFilter(ObservationFilterChainDecorator.java:231) ~[spring-security-web-7.0.5.jar:7.0.5]
	at org.springframework.security.web.ObservationFilterChainDecorator$VirtualFilterChain.doFilter(ObservationFilterChainDecorator.java:141) ~[spring-security-web-7.0.5.jar:7.0.5]
	at org.springframework.web.filter.CorsFilter.doFilterInternal(CorsFilter.java:91) ~[spring-web-7.0.7.jar:7.0.7]
	at org.springframework.web.filter.OncePerRequestFilter.doFilter(OncePerRequestFilter.java:116) ~[spring-web-7.0.7.jar:7.0.7]
	at org.springframework.security.web.ObservationFilterChainDecorator$ObservationFilter.wrapFilter(ObservationFilterChainDecorator.java:244) ~[spring-security-web-7.0.5.jar:7.0.5]
	at org.springframework.security.web.ObservationFilterChainDecorator$ObservationFilter.doFilter(ObservationFilterChainDecorator.java:231) ~[spring-security-web-7.0.5.jar:7.0.5]
	at org.springframework.security.web.ObservationFilterChainDecorator$VirtualFilterChain.doFilter(ObservationFilterChainDecorator.java:141) ~[spring-security-web-7.0.5.jar:7.0.5]
	at org.springframework.security.web.header.HeaderWriterFilter.doHeadersAfter(HeaderWriterFilter.java:90) ~[spring-security-web-7.0.5.jar:7.0.5]
	at org.springframework.security.web.header.HeaderWriterFilter.doFilterInternal(HeaderWriterFilter.java:75) ~[spring-security-web-7.0.5.jar:7.0.5]
	at org.springframework.web.filter.OncePerRequestFilter.doFilter(OncePerRequestFilter.java:116) ~[spring-web-7.0.7.jar:7.0.7]
	at org.springframework.security.web.ObservationFilterChainDecorator$ObservationFilter.wrapFilter(ObservationFilterChainDecorator.java:244) ~[spring-security-web-7.0.5.jar:7.0.5]
	at org.springframework.security.web.ObservationFilterChainDecorator$ObservationFilter.doFilter(ObservationFilterChainDecorator.java:231) ~[spring-security-web-7.0.5.jar:7.0.5]
	at org.springframework.security.web.ObservationFilterChainDecorator$VirtualFilterChain.doFilter(ObservationFilterChainDecorator.java:141) ~[spring-security-web-7.0.5.jar:7.0.5]
	at org.springframework.security.web.context.SecurityContextHolderFilter.doFilter(SecurityContextHolderFilter.java:82) ~[spring-security-web-7.0.5.jar:7.0.5]
	at org.springframework.security.web.context.SecurityContextHolderFilter.doFilter(SecurityContextHolderFilter.java:69) ~[spring-security-web-7.0.5.jar:7.0.5]
	at org.springframework.security.web.ObservationFilterChainDecorator$ObservationFilter.wrapFilter(ObservationFilterChainDecorator.java:244) ~[spring-security-web-7.0.5.jar:7.0.5]
	at org.springframework.security.web.ObservationFilterChainDecorator$ObservationFilter.doFilter(ObservationFilterChainDecorator.java:231) ~[spring-security-web-7.0.5.jar:7.0.5]
	at org.springframework.security.web.ObservationFilterChainDecorator$VirtualFilterChain.doFilter(ObservationFilterChainDecorator.java:141) ~[spring-security-web-7.0.5.jar:7.0.5]
	at org.springframework.security.web.context.request.async.WebAsyncManagerIntegrationFilter.doFilterInternal(WebAsyncManagerIntegrationFilter.java:62) ~[spring-security-web-7.0.5.jar:7.0.5]
	at org.springframework.web.filter.OncePerRequestFilter.doFilter(OncePerRequestFilter.java:116) ~[spring-web-7.0.7.jar:7.0.7]
	at org.springframework.security.web.ObservationFilterChainDecorator$ObservationFilter.wrapFilter(ObservationFilterChainDecorator.java:244) ~[spring-security-web-7.0.5.jar:7.0.5]
	at org.springframework.security.web.ObservationFilterChainDecorator$ObservationFilter.doFilter(ObservationFilterChainDecorator.java:231) ~[spring-security-web-7.0.5.jar:7.0.5]
	at org.springframework.security.web.ObservationFilterChainDecorator$VirtualFilterChain.doFilter(ObservationFilterChainDecorator.java:141) ~[spring-security-web-7.0.5.jar:7.0.5]
	at org.springframework.security.web.session.DisableEncodeUrlFilter.doFilterInternal(DisableEncodeUrlFilter.java:42) ~[spring-security-web-7.0.5.jar:7.0.5]
	at org.springframework.web.filter.OncePerRequestFilter.doFilter(OncePerRequestFilter.java:116) ~[spring-web-7.0.7.jar:7.0.7]
	at org.springframework.security.web.ObservationFilterChainDecorator$ObservationFilter.wrapFilter(ObservationFilterChainDecorator.java:244) ~[spring-security-web-7.0.5.jar:7.0.5]
	at org.springframework.security.web.ObservationFilterChainDecorator$AroundFilterObservation$SimpleAroundFilterObservation.lambda$wrap$0(ObservationFilterChainDecorator.java:337) ~[spring-security-web-7.0.5.jar:7.0.5]
	at org.springframework.security.web.ObservationFilterChainDecorator$ObservationFilter.doFilter(ObservationFilterChainDecorator.java:228) ~[spring-security-web-7.0.5.jar:7.0.5]
	at org.springframework.security.web.ObservationFilterChainDecorator$VirtualFilterChain.doFilter(ObservationFilterChainDecorator.java:141) ~[spring-security-web-7.0.5.jar:7.0.5]
	at org.springframework.security.web.FilterChainProxy.doFilterInternal(FilterChainProxy.java:237) ~[spring-security-web-7.0.5.jar:7.0.5]
	at org.springframework.security.web.FilterChainProxy.doFilter(FilterChainProxy.java:195) ~[spring-security-web-7.0.5.jar:7.0.5]
	at org.springframework.web.filter.CompositeFilter$VirtualFilterChain.doFilter(CompositeFilter.java:113) ~[spring-web-7.0.7.jar:7.0.7]
	at org.springframework.web.filter.ServletRequestPathFilter.doFilter(ServletRequestPathFilter.java:52) ~[spring-web-7.0.7.jar:7.0.7]
	at org.springframework.web.filter.CompositeFilter$VirtualFilterChain.doFilter(CompositeFilter.java:113) ~[spring-web-7.0.7.jar:7.0.7]
	at org.springframework.web.filter.CompositeFilter.doFilter(CompositeFilter.java:74) ~[spring-web-7.0.7.jar:7.0.7]
	at org.springframework.security.config.annotation.web.configuration.WebSecurityConfiguration$CompositeFilterChainProxy.doFilter(WebSecurityConfiguration.java:317) ~[spring-security-config-7.0.5.jar:7.0.5]
	at org.springframework.web.filter.DelegatingFilterProxy.invokeDelegate(DelegatingFilterProxy.java:355) ~[spring-web-7.0.7.jar:7.0.7]
	at org.springframework.web.filter.DelegatingFilterProxy.doFilter(DelegatingFilterProxy.java:272) ~[spring-web-7.0.7.jar:7.0.7]
	at org.apache.catalina.core.ApplicationFilterChain.doFilter(ApplicationFilterChain.java:107) ~[tomcat-embed-core-11.0.21.jar:11.0.21]
	at org.springframework.web.filter.RequestContextFilter.doFilterInternal(RequestContextFilter.java:100) ~[spring-web-7.0.7.jar:7.0.7]
	at org.springframework.web.filter.OncePerRequestFilter.doFilter(OncePerRequestFilter.java:116) ~[spring-web-7.0.7.jar:7.0.7]
	at org.apache.catalina.core.ApplicationFilterChain.doFilter(ApplicationFilterChain.java:107) ~[tomcat-embed-core-11.0.21.jar:11.0.21]
	at org.springframework.web.filter.FormContentFilter.doFilterInternal(FormContentFilter.java:93) ~[spring-web-7.0.7.jar:7.0.7]
	at org.springframework.web.filter.OncePerRequestFilter.doFilter(OncePerRequestFilter.java:116) ~[spring-web-7.0.7.jar:7.0.7]
	at org.apache.catalina.core.ApplicationFilterChain.doFilter(ApplicationFilterChain.java:107) ~[tomcat-embed-core-11.0.21.jar:11.0.21]
	at org.springframework.web.filter.ServerHttpObservationFilter.doFilterInternal(ServerHttpObservationFilter.java:110) ~[spring-web-7.0.7.jar:7.0.7]
	at org.springframework.web.filter.OncePerRequestFilter.doFilter(OncePerRequestFilter.java:116) ~[spring-web-7.0.7.jar:7.0.7]
	at org.apache.catalina.core.ApplicationFilterChain.doFilter(ApplicationFilterChain.java:107) ~[tomcat-embed-core-11.0.21.jar:11.0.21]
	at org.springframework.web.filter.CharacterEncodingFilter.doFilterInternal(CharacterEncodingFilter.java:199) ~[spring-web-7.0.7.jar:7.0.7]
	at org.springframework.web.filter.OncePerRequestFilter.doFilter(OncePerRequestFilter.java:116) ~[spring-web-7.0.7.jar:7.0.7]
	at org.apache.catalina.core.ApplicationFilterChain.doFilter(ApplicationFilterChain.java:107) ~[tomcat-embed-core-11.0.21.jar:11.0.21]
	at org.apache.catalina.core.StandardWrapperValve.invoke(StandardWrapperValve.java:165) ~[tomcat-embed-core-11.0.21.jar:11.0.21]
	at org.apache.catalina.core.StandardContextValve.invoke(StandardContextValve.java:77) ~[tomcat-embed-core-11.0.21.jar:11.0.21]
	at org.apache.catalina.authenticator.AuthenticatorBase.invoke(AuthenticatorBase.java:492) ~[tomcat-embed-core-11.0.21.jar:11.0.21]
	at org.apache.catalina.core.StandardHostValve.invoke(StandardHostValve.java:113) ~[tomcat-embed-core-11.0.21.jar:11.0.21]
	at org.apache.catalina.valves.ErrorReportValve.invoke(ErrorReportValve.java:83) ~[tomcat-embed-core-11.0.21.jar:11.0.21]
	at org.apache.catalina.core.StandardEngineValve.invoke(StandardEngineValve.java:72) ~[tomcat-embed-core-11.0.21.jar:11.0.21]
	at org.apache.catalina.connector.CoyoteAdapter.service(CoyoteAdapter.java:341) ~[tomcat-embed-core-11.0.21.jar:11.0.21]
	at org.apache.coyote.http11.Http11Processor.service(Http11Processor.java:397) ~[tomcat-embed-core-11.0.21.jar:11.0.21]
	at org.apache.coyote.AbstractProcessorLight.process(AbstractProcessorLight.java:63) ~[tomcat-embed-core-11.0.21.jar:11.0.21]
	at org.apache.coyote.AbstractProtocol$ConnectionHandler.process(AbstractProtocol.java:903) ~[tomcat-embed-core-11.0.21.jar:11.0.21]
	at org.apache.tomcat.util.net.NioEndpoint$SocketProcessor.doRun(NioEndpoint.java:1801) ~[tomcat-embed-core-11.0.21.jar:11.0.21]
	at org.apache.tomcat.util.net.SocketProcessorBase.run(SocketProcessorBase.java:52) ~[tomcat-embed-core-11.0.21.jar:11.0.21]
	at org.apache.tomcat.util.threads.ThreadPoolExecutor.runWorker(ThreadPoolExecutor.java:946) ~[tomcat-embed-core-11.0.21.jar:11.0.21]
	at org.apache.tomcat.util.threads.ThreadPoolExecutor$Worker.run(ThreadPoolExecutor.java:480) ~[tomcat-embed-core-11.0.21.jar:11.0.21]
	at org.apache.tomcat.util.threads.TaskThread$WrappingRunnable.run(TaskThread.java:57) ~[tomcat-embed-core-11.0.21.jar:11.0.21]
	at java.base/java.lang.Thread.run(Thread.java:1583) ~[na:na]

2026-06-14T01:06:21.336-05:00  INFO 45852 --- [backend] [SpringApplicationShutdownHook] [                                                 ] o.s.boot.tomcat.GracefulShutdown         : Commencing graceful shutdown. Waiting for active requests to complete
2026-06-14T01:06:21.348-05:00  INFO 45852 --- [backend] [tomcat-shutdown] [                                                 ] o.s.boot.tomcat.GracefulShutdown         : Graceful shutdown complete
2026-06-14T01:06:21.455-05:00  INFO 45852 --- [backend] [SpringApplicationShutdownHook] [                                                 ] j.LocalContainerEntityManagerFactoryBean : Closing JPA EntityManagerFactory for persistence unit 'default'
2026-06-14T01:06:21.479-05:00  INFO 45852 --- [backend] [SpringApplicationShutdownHook] [                                                 ] com.zaxxer.hikari.HikariDataSource       : HikariPool-1 - Shutdown initiated...
2026-06-14T01:06:22.047-05:00  INFO 45852 --- [backend] [SpringApplicationShutdownHook] [                                                 ] com.zaxxer.hikari.HikariDataSource       : HikariPool-1 - Shutdown completed.
2026-06-14T01:06:25.636-05:00  INFO 46847 --- [backend] [main] [                                                 ] com.nib.backend.BackendApplication       : Starting BackendApplication using Java 21.0.11 with PID 46847 (/Users/rmeji/Desktop/Coding/Nib/backend/target/classes started by rmeji in /Users/rmeji/Desktop/Coding/Nib/backend)
2026-06-14T01:06:25.638-05:00  INFO 46847 --- [backend] [main] [                                                 ] com.nib.backend.BackendApplication       : The following 1 profile is active: "dev"
2026-06-14T01:06:26.288-05:00  INFO 46847 --- [backend] [main] [                                                 ] .s.d.r.c.RepositoryConfigurationDelegate : Multiple Spring Data modules found, entering strict repository configuration mode
2026-06-14T01:06:26.289-05:00  INFO 46847 --- [backend] [main] [                                                 ] .s.d.r.c.RepositoryConfigurationDelegate : Bootstrapping Spring Data JPA repositories in DEFAULT mode.
2026-06-14T01:06:26.377-05:00  INFO 46847 --- [backend] [main] [                                                 ] .s.d.r.c.RepositoryConfigurationDelegate : Finished Spring Data repository scanning in 83 ms. Found 10 JPA repository interfaces.
2026-06-14T01:06:26.760-05:00  INFO 46847 --- [backend] [main] [                                                 ] o.s.boot.tomcat.TomcatWebServer          : Tomcat initialized with port 8080 (http)
2026-06-14T01:06:26.768-05:00  INFO 46847 --- [backend] [main] [                                                 ] o.apache.catalina.core.StandardService   : Starting service [Tomcat]
2026-06-14T01:06:26.768-05:00  INFO 46847 --- [backend] [main] [                                                 ] o.apache.catalina.core.StandardEngine    : Starting Servlet engine: [Apache Tomcat/11.0.21]
2026-06-14T01:06:26.801-05:00  INFO 46847 --- [backend] [main] [                                                 ] b.w.c.s.WebApplicationContextInitializer : Root WebApplicationContext: initialization completed in 1141 ms
2026-06-14T01:06:26.874-05:00  INFO 46847 --- [backend] [main] [                                                 ] org.hibernate.orm.jpa                    : HHH008540: Processing PersistenceUnitInfo [name: default]
2026-06-14T01:06:26.905-05:00  INFO 46847 --- [backend] [main] [                                                 ] org.hibernate.orm.core                   : HHH000001: Hibernate ORM core version 7.2.12.Final
2026-06-14T01:06:27.201-05:00  INFO 46847 --- [backend] [main] [                                                 ] o.s.o.j.p.SpringPersistenceUnitInfo      : No LoadTimeWeaver setup: ignoring JPA class transformer
2026-06-14T01:06:27.221-05:00  INFO 46847 --- [backend] [main] [                                                 ] com.zaxxer.hikari.HikariDataSource       : HikariPool-1 - Starting...
2026-06-14T01:06:27.870-05:00  INFO 46847 --- [backend] [main] [                                                 ] com.zaxxer.hikari.pool.HikariPool        : HikariPool-1 - Added connection org.postgresql.jdbc.PgConnection@69c51fdb
2026-06-14T01:06:27.870-05:00  INFO 46847 --- [backend] [main] [                                                 ] com.zaxxer.hikari.HikariDataSource       : HikariPool-1 - Start completed.
2026-06-14T01:06:28.730-05:00  INFO 46847 --- [backend] [main] [                                                 ] org.hibernate.orm.core                   : HHH000489: No JTA platform available (set 'hibernate.transaction.jta.platform' to enable JTA platform integration)
2026-06-14T01:06:28.732-05:00  INFO 46847 --- [backend] [main] [                                                 ] org.hibernate.orm.jdbc.batch             : HHH100501: Automatic JDBC statement batching enabled (maximum batch size 50)
2026-06-14T01:06:29.510-05:00  INFO 46847 --- [backend] [main] [                                                 ] j.LocalContainerEntityManagerFactoryBean : Initialized JPA EntityManagerFactory for persistence unit 'default'
2026-06-14T01:06:29.574-05:00  INFO 46847 --- [backend] [main] [                                                 ] o.s.d.j.r.query.QueryEnhancerFactories   : Hibernate is in classpath; If applicable, HQL parser will be used.
2026-06-14T01:06:29.731-05:00 ERROR 46847 --- [backend] [main] [                                                 ] i.n.r.d.DnsServerAddressStreamProviders  : Unable to load io.netty.resolver.dns.macos.MacOSDnsServerAddressStreamProvider, fallback to system defaults. This may result in incorrect DNS resolutions on MacOS. Check whether you have a dependency on 'io.netty:netty-resolver-dns-native-macos'. Use DEBUG level to see the full stack: java.lang.UnsatisfiedLinkError: failed to load the required native library
2026-06-14T01:06:30.136-05:00  INFO 46847 --- [backend] [main] [                                                 ] o.s.boot.web.servlet.RegistrationBean    : Filter apiRateLimitFilterRegistration was not registered (disabled)
2026-06-14T01:06:30.172-05:00  INFO 46847 --- [backend] [main] [                                                 ] eAuthenticationProviderManagerConfigurer : Global AuthenticationManager configured with AuthenticationProvider bean with name authenticationProvider
2026-06-14T01:06:31.438-05:00  INFO 46847 --- [backend] [main] [                                                 ] o.s.b.a.e.web.EndpointLinksResolver      : Exposing 4 endpoints beneath base path '/actuator'
2026-06-14T01:06:31.492-05:00  INFO 46847 --- [backend] [main] [                                                 ] o.s.boot.tomcat.TomcatWebServer          : Tomcat started on port 8080 (http) with context path '/'
2026-06-14T01:06:31.500-05:00  INFO 46847 --- [backend] [main] [                                                 ] com.nib.backend.BackendApplication       : Started BackendApplication in 6.092 seconds (process running for 6.292)
2026-06-14T01:06:31.556-05:00  INFO 46847 --- [backend] [main] [                                                 ] c.n.b.config.DatabaseMigrationRunner     : Running idempotent database migrations...
2026-06-14T01:06:32.225-05:00  INFO 46847 --- [backend] [main] [                                                 ] c.n.b.config.DatabaseMigrationRunner     : tsvector column, GIN index, and auto-populate trigger verified on content_blocks
2026-06-14T01:06:32.423-05:00  INFO 46847 --- [backend] [main] [                                                 ] c.n.b.config.DatabaseMigrationRunner     : Partial-ingestion warning columns verified on ingestion_jobs
2026-06-14T01:06:32.513-05:00  INFO 46847 --- [backend] [main] [                                                 ] c.n.b.config.DatabaseMigrationRunner     : Structured visual evidence columns verified on content_blocks
2026-06-14T01:06:32.644-05:00  INFO 46847 --- [backend] [main] [                                                 ] c.n.b.config.DatabaseMigrationRunner     : Answer audit table verified
2026-06-14T01:06:32.772-05:00  INFO 46847 --- [backend] [main] [                                                 ] c.n.b.config.DatabaseMigrationRunner     : Chat message feedback table verified
2026-06-14T01:06:33.000-05:00  INFO 46847 --- [backend] [main] [                                                 ] c.n.b.config.DatabaseMigrationRunner     : Semantic cache tables verified
2026-06-14T01:06:33.131-05:00  INFO 46847 --- [backend] [main] [                                                 ] c.n.b.config.DatabaseMigrationRunner     : Cost usage telemetry table verified
2026-06-14T01:06:33.132-05:00  INFO 46847 --- [backend] [main] [                                                 ] c.n.b.config.DatabaseMigrationRunner     : Database migrations complete.
2026-06-14T01:09:07.557-05:00  INFO 46847 --- [backend] [http-nio-8080-exec-1] [                                                 ] o.a.c.c.C.[Tomcat].[localhost].[/]       : Initializing Spring DispatcherServlet 'dispatcherServlet'
2026-06-14T01:09:07.558-05:00  INFO 46847 --- [backend] [http-nio-8080-exec-1] [                                                 ] o.s.web.servlet.DispatcherServlet        : Initializing Servlet 'dispatcherServlet'
2026-06-14T01:09:07.570-05:00  INFO 46847 --- [backend] [http-nio-8080-exec-1] [                                                 ] o.s.web.servlet.DispatcherServlet        : Completed initialization in 12 ms
2026-06-14T01:09:21.689-05:00  INFO 46847 --- [backend] [SpringApplicationShutdownHook] [                                                 ] o.s.boot.tomcat.GracefulShutdown         : Commencing graceful shutdown. Waiting for active requests to complete
2026-06-14T01:09:21.696-05:00  INFO 46847 --- [backend] [tomcat-shutdown] [                                                 ] o.s.boot.tomcat.GracefulShutdown         : Graceful shutdown complete
2026-06-14T01:09:21.749-05:00  INFO 46847 --- [backend] [SpringApplicationShutdownHook] [                                                 ] j.LocalContainerEntityManagerFactoryBean : Closing JPA EntityManagerFactory for persistence unit 'default'
2026-06-14T01:09:21.751-05:00  INFO 46847 --- [backend] [SpringApplicationShutdownHook] [                                                 ] com.zaxxer.hikari.HikariDataSource       : HikariPool-1 - Shutdown initiated...
2026-06-14T01:09:22.252-05:00  INFO 46847 --- [backend] [SpringApplicationShutdownHook] [                                                 ] com.zaxxer.hikari.HikariDataSource       : HikariPool-1 - Shutdown completed.
2026-06-14T01:09:25.932-05:00  INFO 47206 --- [backend] [main] [                                                 ] com.nib.backend.BackendApplication       : Starting BackendApplication using Java 21.0.11 with PID 47206 (/Users/rmeji/Desktop/Coding/Nib/backend/target/classes started by rmeji in /Users/rmeji/Desktop/Coding/Nib/backend)
2026-06-14T01:09:25.934-05:00  INFO 47206 --- [backend] [main] [                                                 ] com.nib.backend.BackendApplication       : The following 1 profile is active: "dev"
2026-06-14T01:09:26.511-05:00  INFO 47206 --- [backend] [main] [                                                 ] .s.d.r.c.RepositoryConfigurationDelegate : Multiple Spring Data modules found, entering strict repository configuration mode
2026-06-14T01:09:26.512-05:00  INFO 47206 --- [backend] [main] [                                                 ] .s.d.r.c.RepositoryConfigurationDelegate : Bootstrapping Spring Data JPA repositories in DEFAULT mode.
2026-06-14T01:09:26.599-05:00  INFO 47206 --- [backend] [main] [                                                 ] .s.d.r.c.RepositoryConfigurationDelegate : Finished Spring Data repository scanning in 83 ms. Found 10 JPA repository interfaces.
2026-06-14T01:09:26.948-05:00  INFO 47206 --- [backend] [main] [                                                 ] o.s.boot.tomcat.TomcatWebServer          : Tomcat initialized with port 8080 (http)
2026-06-14T01:09:26.956-05:00  INFO 47206 --- [backend] [main] [                                                 ] o.apache.catalina.core.StandardService   : Starting service [Tomcat]
2026-06-14T01:09:26.957-05:00  INFO 47206 --- [backend] [main] [                                                 ] o.apache.catalina.core.StandardEngine    : Starting Servlet engine: [Apache Tomcat/11.0.21]
2026-06-14T01:09:26.991-05:00  INFO 47206 --- [backend] [main] [                                                 ] b.w.c.s.WebApplicationContextInitializer : Root WebApplicationContext: initialization completed in 1037 ms
2026-06-14T01:09:27.059-05:00  INFO 47206 --- [backend] [main] [                                                 ] org.hibernate.orm.jpa                    : HHH008540: Processing PersistenceUnitInfo [name: default]
2026-06-14T01:09:27.088-05:00  INFO 47206 --- [backend] [main] [                                                 ] org.hibernate.orm.core                   : HHH000001: Hibernate ORM core version 7.2.12.Final
2026-06-14T01:09:27.313-05:00  INFO 47206 --- [backend] [main] [                                                 ] o.s.o.j.p.SpringPersistenceUnitInfo      : No LoadTimeWeaver setup: ignoring JPA class transformer
2026-06-14T01:09:27.331-05:00  INFO 47206 --- [backend] [main] [                                                 ] com.zaxxer.hikari.HikariDataSource       : HikariPool-1 - Starting...
2026-06-14T01:09:28.009-05:00  INFO 47206 --- [backend] [main] [                                                 ] com.zaxxer.hikari.pool.HikariPool        : HikariPool-1 - Added connection org.postgresql.jdbc.PgConnection@54eb2bf6
2026-06-14T01:09:28.011-05:00  INFO 47206 --- [backend] [main] [                                                 ] com.zaxxer.hikari.HikariDataSource       : HikariPool-1 - Start completed.
2026-06-14T01:09:28.923-05:00  INFO 47206 --- [backend] [main] [                                                 ] org.hibernate.orm.core                   : HHH000489: No JTA platform available (set 'hibernate.transaction.jta.platform' to enable JTA platform integration)
2026-06-14T01:09:28.924-05:00  INFO 47206 --- [backend] [main] [                                                 ] org.hibernate.orm.jdbc.batch             : HHH100501: Automatic JDBC statement batching enabled (maximum batch size 50)
2026-06-14T01:09:29.642-05:00  INFO 47206 --- [backend] [main] [                                                 ] j.LocalContainerEntityManagerFactoryBean : Initialized JPA EntityManagerFactory for persistence unit 'default'
2026-06-14T01:09:29.705-05:00  INFO 47206 --- [backend] [main] [                                                 ] o.s.d.j.r.query.QueryEnhancerFactories   : Hibernate is in classpath; If applicable, HQL parser will be used.
2026-06-14T01:09:29.843-05:00 ERROR 47206 --- [backend] [main] [                                                 ] i.n.r.d.DnsServerAddressStreamProviders  : Unable to load io.netty.resolver.dns.macos.MacOSDnsServerAddressStreamProvider, fallback to system defaults. This may result in incorrect DNS resolutions on MacOS. Check whether you have a dependency on 'io.netty:netty-resolver-dns-native-macos'. Use DEBUG level to see the full stack: java.lang.UnsatisfiedLinkError: failed to load the required native library
2026-06-14T01:09:30.231-05:00  INFO 47206 --- [backend] [main] [                                                 ] o.s.boot.web.servlet.RegistrationBean    : Filter apiRateLimitFilterRegistration was not registered (disabled)
2026-06-14T01:09:30.263-05:00  INFO 47206 --- [backend] [main] [                                                 ] eAuthenticationProviderManagerConfigurer : Global AuthenticationManager configured with AuthenticationProvider bean with name authenticationProvider
2026-06-14T01:09:31.506-05:00  INFO 47206 --- [backend] [main] [                                                 ] o.s.b.a.e.web.EndpointLinksResolver      : Exposing 4 endpoints beneath base path '/actuator'
2026-06-14T01:09:31.570-05:00  INFO 47206 --- [backend] [main] [                                                 ] o.s.boot.tomcat.TomcatWebServer          : Tomcat started on port 8080 (http) with context path '/'
2026-06-14T01:09:31.584-05:00  INFO 47206 --- [backend] [main] [                                                 ] com.nib.backend.BackendApplication       : Started BackendApplication in 5.868 seconds (process running for 6.06)
2026-06-14T01:09:31.632-05:00  INFO 47206 --- [backend] [main] [                                                 ] c.n.b.config.DatabaseMigrationRunner     : Running idempotent database migrations...
2026-06-14T01:09:32.162-05:00  INFO 47206 --- [backend] [main] [                                                 ] c.n.b.config.DatabaseMigrationRunner     : tsvector column, GIN index, and auto-populate trigger verified on content_blocks
2026-06-14T01:09:32.377-05:00  INFO 47206 --- [backend] [main] [                                                 ] c.n.b.config.DatabaseMigrationRunner     : Partial-ingestion warning columns verified on ingestion_jobs
2026-06-14T01:09:32.465-05:00  INFO 47206 --- [backend] [main] [                                                 ] c.n.b.config.DatabaseMigrationRunner     : Structured visual evidence columns verified on content_blocks
2026-06-14T01:09:32.586-05:00  INFO 47206 --- [backend] [main] [                                                 ] c.n.b.config.DatabaseMigrationRunner     : Answer audit table verified
2026-06-14T01:09:32.700-05:00  INFO 47206 --- [backend] [main] [                                                 ] c.n.b.config.DatabaseMigrationRunner     : Chat message feedback table verified
2026-06-14T01:09:32.904-05:00  INFO 47206 --- [backend] [main] [                                                 ] c.n.b.config.DatabaseMigrationRunner     : Semantic cache tables verified
2026-06-14T01:09:33.012-05:00  INFO 47206 --- [backend] [main] [                                                 ] c.n.b.config.DatabaseMigrationRunner     : Cost usage telemetry table verified
2026-06-14T01:09:33.013-05:00  INFO 47206 --- [backend] [main] [                                                 ] c.n.b.config.DatabaseMigrationRunner     : Database migrations complete.
2026-06-14T01:09:50.432-05:00  INFO 47206 --- [backend] [http-nio-8080-exec-5] [                                                 ] o.a.c.c.C.[Tomcat].[localhost].[/]       : Initializing Spring DispatcherServlet 'dispatcherServlet'
2026-06-14T01:09:50.433-05:00  INFO 47206 --- [backend] [http-nio-8080-exec-5] [                                                 ] o.s.web.servlet.DispatcherServlet        : Initializing Servlet 'dispatcherServlet'
2026-06-14T01:09:50.443-05:00  INFO 47206 --- [backend] [http-nio-8080-exec-5] [                                                 ] o.s.web.servlet.DispatcherServlet        : Completed initialization in 10 ms
2026-06-14T01:11:03.098-05:00 ERROR 47206 --- [backend] [http-nio-8080-exec-2] [e4428f8b9f8828b2bc9a9863ec457937-4279f535d87d0af2] c.n.b.exception.GlobalExceptionHandler   : Unhandled runtime exception

org.springframework.security.authentication.BadCredentialsException: Bad credentials
	at org.springframework.security.authentication.dao.AbstractUserDetailsAuthenticationProvider.authenticate(AbstractUserDetailsAuthenticationProvider.java:154) ~[spring-security-core-7.0.5.jar:7.0.5]
	at org.springframework.security.authentication.ProviderManager.authenticate(ProviderManager.java:183) ~[spring-security-core-7.0.5.jar:7.0.5]
	at com.nib.backend.service.AuthService.authenticate(AuthService.java:47) ~[classes/:na]
	at java.base/jdk.internal.reflect.DirectMethodHandleAccessor.invoke(DirectMethodHandleAccessor.java:103) ~[na:na]
	at java.base/java.lang.reflect.Method.invoke(Method.java:580) ~[na:na]
	at org.springframework.aop.support.AopUtils.invokeJoinpointUsingReflection(AopUtils.java:359) ~[spring-aop-7.0.7.jar:7.0.7]
	at org.springframework.aop.framework.CglibAopProxy$DynamicAdvisedInterceptor.intercept(CglibAopProxy.java:715) ~[spring-aop-7.0.7.jar:7.0.7]
	at com.nib.backend.service.AuthService$$SpringCGLIB$$0.authenticate(<generated>) ~[classes/:na]
	at com.nib.backend.controller.AuthController.authenticate(AuthController.java:43) ~[classes/:na]
	at java.base/jdk.internal.reflect.DirectMethodHandleAccessor.invoke(DirectMethodHandleAccessor.java:103) ~[na:na]
	at java.base/java.lang.reflect.Method.invoke(Method.java:580) ~[na:na]
	at org.springframework.web.method.support.InvocableHandlerMethod.doInvoke(InvocableHandlerMethod.java:252) ~[spring-web-7.0.7.jar:7.0.7]
	at org.springframework.web.method.support.InvocableHandlerMethod.invokeForRequest(InvocableHandlerMethod.java:184) ~[spring-web-7.0.7.jar:7.0.7]
	at org.springframework.web.servlet.mvc.method.annotation.ServletInvocableHandlerMethod.invokeAndHandle(ServletInvocableHandlerMethod.java:117) ~[spring-webmvc-7.0.7.jar:7.0.7]
	at org.springframework.web.servlet.mvc.method.annotation.RequestMappingHandlerAdapter.invokeHandlerMethod(RequestMappingHandlerAdapter.java:934) ~[spring-webmvc-7.0.7.jar:7.0.7]
	at org.springframework.web.servlet.mvc.method.annotation.RequestMappingHandlerAdapter.handleInternal(RequestMappingHandlerAdapter.java:853) ~[spring-webmvc-7.0.7.jar:7.0.7]
	at org.springframework.web.servlet.mvc.method.AbstractHandlerMethodAdapter.handle(AbstractHandlerMethodAdapter.java:86) ~[spring-webmvc-7.0.7.jar:7.0.7]
	at org.springframework.web.servlet.DispatcherServlet.doDispatch(DispatcherServlet.java:963) ~[spring-webmvc-7.0.7.jar:7.0.7]
	at org.springframework.web.servlet.DispatcherServlet.doService(DispatcherServlet.java:866) ~[spring-webmvc-7.0.7.jar:7.0.7]
	at org.springframework.web.servlet.FrameworkServlet.processRequest(FrameworkServlet.java:1000) ~[spring-webmvc-7.0.7.jar:7.0.7]
	at org.springframework.web.servlet.FrameworkServlet.doPost(FrameworkServlet.java:903) ~[spring-webmvc-7.0.7.jar:7.0.7]
	at jakarta.servlet.http.HttpServlet.service(HttpServlet.java:649) ~[tomcat-embed-core-11.0.21.jar:6.1]
	at org.springframework.web.servlet.FrameworkServlet.service(FrameworkServlet.java:874) ~[spring-webmvc-7.0.7.jar:7.0.7]
	at jakarta.servlet.http.HttpServlet.service(HttpServlet.java:710) ~[tomcat-embed-core-11.0.21.jar:6.1]
	at org.apache.catalina.core.ApplicationFilterChain.doFilter(ApplicationFilterChain.java:128) ~[tomcat-embed-core-11.0.21.jar:11.0.21]
	at org.apache.tomcat.websocket.server.WsFilter.doFilter(WsFilter.java:53) ~[tomcat-embed-websocket-11.0.21.jar:11.0.21]
	at org.apache.catalina.core.ApplicationFilterChain.doFilter(ApplicationFilterChain.java:107) ~[tomcat-embed-core-11.0.21.jar:11.0.21]
	at org.springframework.web.filter.OncePerRequestFilter.doFilter(OncePerRequestFilter.java:110) ~[spring-web-7.0.7.jar:7.0.7]
	at org.apache.catalina.core.ApplicationFilterChain.doFilter(ApplicationFilterChain.java:107) ~[tomcat-embed-core-11.0.21.jar:11.0.21]
	at com.nib.backend.config.MdcLoggingFilter.doFilterInternal(MdcLoggingFilter.java:57) ~[classes/:na]
	at org.springframework.web.filter.OncePerRequestFilter.doFilter(OncePerRequestFilter.java:116) ~[spring-web-7.0.7.jar:7.0.7]
	at org.apache.catalina.core.ApplicationFilterChain.doFilter(ApplicationFilterChain.java:107) ~[tomcat-embed-core-11.0.21.jar:11.0.21]
	at org.springframework.web.filter.CompositeFilter$VirtualFilterChain.doFilter(CompositeFilter.java:108) ~[spring-web-7.0.7.jar:7.0.7]
	at org.springframework.security.web.FilterChainProxy.lambda$doFilterInternal$3(FilterChainProxy.java:235) ~[spring-security-web-7.0.5.jar:7.0.5]
	at org.springframework.security.web.ObservationFilterChainDecorator$FilterObservation$SimpleFilterObservation.lambda$wrap$1(ObservationFilterChainDecorator.java:493) ~[spring-security-web-7.0.5.jar:7.0.5]
	at org.springframework.security.web.ObservationFilterChainDecorator$AroundFilterObservation$SimpleAroundFilterObservation.lambda$wrap$1(ObservationFilterChainDecorator.java:354) ~[spring-security-web-7.0.5.jar:7.0.5]
	at org.springframework.security.web.ObservationFilterChainDecorator.lambda$wrapSecured$0(ObservationFilterChainDecorator.java:86) ~[spring-security-web-7.0.5.jar:7.0.5]
	at org.springframework.security.web.ObservationFilterChainDecorator$VirtualFilterChain.doFilter(ObservationFilterChainDecorator.java:132) ~[spring-security-web-7.0.5.jar:7.0.5]
	at org.springframework.security.web.access.intercept.AuthorizationFilter.doFilter(AuthorizationFilter.java:101) ~[spring-security-web-7.0.5.jar:7.0.5]
	at org.springframework.security.web.ObservationFilterChainDecorator$ObservationFilter.wrapFilter(ObservationFilterChainDecorator.java:244) ~[spring-security-web-7.0.5.jar:7.0.5]
	at org.springframework.security.web.ObservationFilterChainDecorator$ObservationFilter.doFilter(ObservationFilterChainDecorator.java:231) ~[spring-security-web-7.0.5.jar:7.0.5]
	at org.springframework.security.web.ObservationFilterChainDecorator$VirtualFilterChain.doFilter(ObservationFilterChainDecorator.java:141) ~[spring-security-web-7.0.5.jar:7.0.5]
	at org.springframework.security.web.access.ExceptionTranslationFilter.doFilter(ExceptionTranslationFilter.java:126) ~[spring-security-web-7.0.5.jar:7.0.5]
	at org.springframework.security.web.access.ExceptionTranslationFilter.doFilter(ExceptionTranslationFilter.java:120) ~[spring-security-web-7.0.5.jar:7.0.5]
	at org.springframework.security.web.ObservationFilterChainDecorator$ObservationFilter.wrapFilter(ObservationFilterChainDecorator.java:244) ~[spring-security-web-7.0.5.jar:7.0.5]
	at org.springframework.security.web.ObservationFilterChainDecorator$ObservationFilter.doFilter(ObservationFilterChainDecorator.java:231) ~[spring-security-web-7.0.5.jar:7.0.5]
	at org.springframework.security.web.ObservationFilterChainDecorator$VirtualFilterChain.doFilter(ObservationFilterChainDecorator.java:141) ~[spring-security-web-7.0.5.jar:7.0.5]
	at org.springframework.security.web.session.SessionManagementFilter.doFilter(SessionManagementFilter.java:132) ~[spring-security-web-7.0.5.jar:7.0.5]
	at org.springframework.security.web.session.SessionManagementFilter.doFilter(SessionManagementFilter.java:86) ~[spring-security-web-7.0.5.jar:7.0.5]
	at org.springframework.security.web.ObservationFilterChainDecorator$ObservationFilter.wrapFilter(ObservationFilterChainDecorator.java:244) ~[spring-security-web-7.0.5.jar:7.0.5]
	at org.springframework.security.web.ObservationFilterChainDecorator$ObservationFilter.doFilter(ObservationFilterChainDecorator.java:231) ~[spring-security-web-7.0.5.jar:7.0.5]
	at org.springframework.security.web.ObservationFilterChainDecorator$VirtualFilterChain.doFilter(ObservationFilterChainDecorator.java:141) ~[spring-security-web-7.0.5.jar:7.0.5]
	at org.springframework.security.web.authentication.AnonymousAuthenticationFilter.doFilter(AnonymousAuthenticationFilter.java:100) ~[spring-security-web-7.0.5.jar:7.0.5]
	at org.springframework.security.web.ObservationFilterChainDecorator$ObservationFilter.wrapFilter(ObservationFilterChainDecorator.java:244) ~[spring-security-web-7.0.5.jar:7.0.5]
	at org.springframework.security.web.ObservationFilterChainDecorator$ObservationFilter.doFilter(ObservationFilterChainDecorator.java:231) ~[spring-security-web-7.0.5.jar:7.0.5]
	at org.springframework.security.web.ObservationFilterChainDecorator$VirtualFilterChain.doFilter(ObservationFilterChainDecorator.java:141) ~[spring-security-web-7.0.5.jar:7.0.5]
	at org.springframework.security.web.servletapi.SecurityContextHolderAwareRequestFilter.doFilter(SecurityContextHolderAwareRequestFilter.java:181) ~[spring-security-web-7.0.5.jar:7.0.5]
	at org.springframework.security.web.ObservationFilterChainDecorator$ObservationFilter.wrapFilter(ObservationFilterChainDecorator.java:244) ~[spring-security-web-7.0.5.jar:7.0.5]
	at org.springframework.security.web.ObservationFilterChainDecorator$ObservationFilter.doFilter(ObservationFilterChainDecorator.java:231) ~[spring-security-web-7.0.5.jar:7.0.5]
	at org.springframework.security.web.ObservationFilterChainDecorator$VirtualFilterChain.doFilter(ObservationFilterChainDecorator.java:141) ~[spring-security-web-7.0.5.jar:7.0.5]
	at org.springframework.security.web.savedrequest.RequestCacheAwareFilter.doFilter(RequestCacheAwareFilter.java:63) ~[spring-security-web-7.0.5.jar:7.0.5]
	at org.springframework.security.web.ObservationFilterChainDecorator$ObservationFilter.wrapFilter(ObservationFilterChainDecorator.java:244) ~[spring-security-web-7.0.5.jar:7.0.5]
	at org.springframework.security.web.ObservationFilterChainDecorator$ObservationFilter.doFilter(ObservationFilterChainDecorator.java:231) ~[spring-security-web-7.0.5.jar:7.0.5]
	at org.springframework.security.web.ObservationFilterChainDecorator$VirtualFilterChain.doFilter(ObservationFilterChainDecorator.java:141) ~[spring-security-web-7.0.5.jar:7.0.5]
	at com.nib.backend.config.ApiRateLimitFilter.doFilterInternal(ApiRateLimitFilter.java:43) ~[classes/:na]
	at org.springframework.web.filter.OncePerRequestFilter.doFilter(OncePerRequestFilter.java:116) ~[spring-web-7.0.7.jar:7.0.7]
	at org.springframework.security.web.ObservationFilterChainDecorator$ObservationFilter.wrapFilter(ObservationFilterChainDecorator.java:244) ~[spring-security-web-7.0.5.jar:7.0.5]
	at org.springframework.security.web.ObservationFilterChainDecorator$ObservationFilter.doFilter(ObservationFilterChainDecorator.java:231) ~[spring-security-web-7.0.5.jar:7.0.5]
	at org.springframework.security.web.ObservationFilterChainDecorator$VirtualFilterChain.doFilter(ObservationFilterChainDecorator.java:141) ~[spring-security-web-7.0.5.jar:7.0.5]
	at com.nib.backend.config.JwtAuthFilter.doFilterInternal(JwtAuthFilter.java:38) ~[classes/:na]
	at org.springframework.web.filter.OncePerRequestFilter.doFilter(OncePerRequestFilter.java:116) ~[spring-web-7.0.7.jar:7.0.7]
	at org.springframework.security.web.ObservationFilterChainDecorator$ObservationFilter.wrapFilter(ObservationFilterChainDecorator.java:244) ~[spring-security-web-7.0.5.jar:7.0.5]
	at org.springframework.security.web.ObservationFilterChainDecorator$ObservationFilter.doFilter(ObservationFilterChainDecorator.java:231) ~[spring-security-web-7.0.5.jar:7.0.5]
	at org.springframework.security.web.ObservationFilterChainDecorator$VirtualFilterChain.doFilter(ObservationFilterChainDecorator.java:141) ~[spring-security-web-7.0.5.jar:7.0.5]
	at org.springframework.security.web.authentication.logout.LogoutFilter.doFilter(LogoutFilter.java:110) ~[spring-security-web-7.0.5.jar:7.0.5]
	at org.springframework.security.web.authentication.logout.LogoutFilter.doFilter(LogoutFilter.java:96) ~[spring-security-web-7.0.5.jar:7.0.5]
	at org.springframework.security.web.ObservationFilterChainDecorator$ObservationFilter.wrapFilter(ObservationFilterChainDecorator.java:244) ~[spring-security-web-7.0.5.jar:7.0.5]
	at org.springframework.security.web.ObservationFilterChainDecorator$ObservationFilter.doFilter(ObservationFilterChainDecorator.java:231) ~[spring-security-web-7.0.5.jar:7.0.5]
	at org.springframework.security.web.ObservationFilterChainDecorator$VirtualFilterChain.doFilter(ObservationFilterChainDecorator.java:141) ~[spring-security-web-7.0.5.jar:7.0.5]
	at org.springframework.web.filter.CorsFilter.doFilterInternal(CorsFilter.java:91) ~[spring-web-7.0.7.jar:7.0.7]
	at org.springframework.web.filter.OncePerRequestFilter.doFilter(OncePerRequestFilter.java:116) ~[spring-web-7.0.7.jar:7.0.7]
	at org.springframework.security.web.ObservationFilterChainDecorator$ObservationFilter.wrapFilter(ObservationFilterChainDecorator.java:244) ~[spring-security-web-7.0.5.jar:7.0.5]
	at org.springframework.security.web.ObservationFilterChainDecorator$ObservationFilter.doFilter(ObservationFilterChainDecorator.java:231) ~[spring-security-web-7.0.5.jar:7.0.5]
	at org.springframework.security.web.ObservationFilterChainDecorator$VirtualFilterChain.doFilter(ObservationFilterChainDecorator.java:141) ~[spring-security-web-7.0.5.jar:7.0.5]
	at org.springframework.security.web.header.HeaderWriterFilter.doHeadersAfter(HeaderWriterFilter.java:90) ~[spring-security-web-7.0.5.jar:7.0.5]
	at org.springframework.security.web.header.HeaderWriterFilter.doFilterInternal(HeaderWriterFilter.java:75) ~[spring-security-web-7.0.5.jar:7.0.5]
	at org.springframework.web.filter.OncePerRequestFilter.doFilter(OncePerRequestFilter.java:116) ~[spring-web-7.0.7.jar:7.0.7]
	at org.springframework.security.web.ObservationFilterChainDecorator$ObservationFilter.wrapFilter(ObservationFilterChainDecorator.java:244) ~[spring-security-web-7.0.5.jar:7.0.5]
	at org.springframework.security.web.ObservationFilterChainDecorator$ObservationFilter.doFilter(ObservationFilterChainDecorator.java:231) ~[spring-security-web-7.0.5.jar:7.0.5]
	at org.springframework.security.web.ObservationFilterChainDecorator$VirtualFilterChain.doFilter(ObservationFilterChainDecorator.java:141) ~[spring-security-web-7.0.5.jar:7.0.5]
	at org.springframework.security.web.context.SecurityContextHolderFilter.doFilter(SecurityContextHolderFilter.java:82) ~[spring-security-web-7.0.5.jar:7.0.5]
	at org.springframework.security.web.context.SecurityContextHolderFilter.doFilter(SecurityContextHolderFilter.java:69) ~[spring-security-web-7.0.5.jar:7.0.5]
	at org.springframework.security.web.ObservationFilterChainDecorator$ObservationFilter.wrapFilter(ObservationFilterChainDecorator.java:244) ~[spring-security-web-7.0.5.jar:7.0.5]
	at org.springframework.security.web.ObservationFilterChainDecorator$ObservationFilter.doFilter(ObservationFilterChainDecorator.java:231) ~[spring-security-web-7.0.5.jar:7.0.5]
	at org.springframework.security.web.ObservationFilterChainDecorator$VirtualFilterChain.doFilter(ObservationFilterChainDecorator.java:141) ~[spring-security-web-7.0.5.jar:7.0.5]
	at org.springframework.security.web.context.request.async.WebAsyncManagerIntegrationFilter.doFilterInternal(WebAsyncManagerIntegrationFilter.java:62) ~[spring-security-web-7.0.5.jar:7.0.5]
	at org.springframework.web.filter.OncePerRequestFilter.doFilter(OncePerRequestFilter.java:116) ~[spring-web-7.0.7.jar:7.0.7]
	at org.springframework.security.web.ObservationFilterChainDecorator$ObservationFilter.wrapFilter(ObservationFilterChainDecorator.java:244) ~[spring-security-web-7.0.5.jar:7.0.5]
	at org.springframework.security.web.ObservationFilterChainDecorator$ObservationFilter.doFilter(ObservationFilterChainDecorator.java:231) ~[spring-security-web-7.0.5.jar:7.0.5]
	at org.springframework.security.web.ObservationFilterChainDecorator$VirtualFilterChain.doFilter(ObservationFilterChainDecorator.java:141) ~[spring-security-web-7.0.5.jar:7.0.5]
	at org.springframework.security.web.session.DisableEncodeUrlFilter.doFilterInternal(DisableEncodeUrlFilter.java:42) ~[spring-security-web-7.0.5.jar:7.0.5]
	at org.springframework.web.filter.OncePerRequestFilter.doFilter(OncePerRequestFilter.java:116) ~[spring-web-7.0.7.jar:7.0.7]
	at org.springframework.security.web.ObservationFilterChainDecorator$ObservationFilter.wrapFilter(ObservationFilterChainDecorator.java:244) ~[spring-security-web-7.0.5.jar:7.0.5]
	at org.springframework.security.web.ObservationFilterChainDecorator$AroundFilterObservation$SimpleAroundFilterObservation.lambda$wrap$0(ObservationFilterChainDecorator.java:337) ~[spring-security-web-7.0.5.jar:7.0.5]
	at org.springframework.security.web.ObservationFilterChainDecorator$ObservationFilter.doFilter(ObservationFilterChainDecorator.java:228) ~[spring-security-web-7.0.5.jar:7.0.5]
	at org.springframework.security.web.ObservationFilterChainDecorator$VirtualFilterChain.doFilter(ObservationFilterChainDecorator.java:141) ~[spring-security-web-7.0.5.jar:7.0.5]
	at org.springframework.security.web.FilterChainProxy.doFilterInternal(FilterChainProxy.java:237) ~[spring-security-web-7.0.5.jar:7.0.5]
	at org.springframework.security.web.FilterChainProxy.doFilter(FilterChainProxy.java:195) ~[spring-security-web-7.0.5.jar:7.0.5]
	at org.springframework.web.filter.CompositeFilter$VirtualFilterChain.doFilter(CompositeFilter.java:113) ~[spring-web-7.0.7.jar:7.0.7]
	at org.springframework.web.filter.ServletRequestPathFilter.doFilter(ServletRequestPathFilter.java:52) ~[spring-web-7.0.7.jar:7.0.7]
	at org.springframework.web.filter.CompositeFilter$VirtualFilterChain.doFilter(CompositeFilter.java:113) ~[spring-web-7.0.7.jar:7.0.7]
	at org.springframework.web.filter.CompositeFilter.doFilter(CompositeFilter.java:74) ~[spring-web-7.0.7.jar:7.0.7]
	at org.springframework.security.config.annotation.web.configuration.WebSecurityConfiguration$CompositeFilterChainProxy.doFilter(WebSecurityConfiguration.java:317) ~[spring-security-config-7.0.5.jar:7.0.5]
	at org.springframework.web.filter.DelegatingFilterProxy.invokeDelegate(DelegatingFilterProxy.java:355) ~[spring-web-7.0.7.jar:7.0.7]
	at org.springframework.web.filter.DelegatingFilterProxy.doFilter(DelegatingFilterProxy.java:272) ~[spring-web-7.0.7.jar:7.0.7]
	at org.apache.catalina.core.ApplicationFilterChain.doFilter(ApplicationFilterChain.java:107) ~[tomcat-embed-core-11.0.21.jar:11.0.21]
	at org.springframework.web.filter.RequestContextFilter.doFilterInternal(RequestContextFilter.java:100) ~[spring-web-7.0.7.jar:7.0.7]
	at org.springframework.web.filter.OncePerRequestFilter.doFilter(OncePerRequestFilter.java:116) ~[spring-web-7.0.7.jar:7.0.7]
	at org.apache.catalina.core.ApplicationFilterChain.doFilter(ApplicationFilterChain.java:107) ~[tomcat-embed-core-11.0.21.jar:11.0.21]
	at org.springframework.web.filter.FormContentFilter.doFilterInternal(FormContentFilter.java:93) ~[spring-web-7.0.7.jar:7.0.7]
	at org.springframework.web.filter.OncePerRequestFilter.doFilter(OncePerRequestFilter.java:116) ~[spring-web-7.0.7.jar:7.0.7]
	at org.apache.catalina.core.ApplicationFilterChain.doFilter(ApplicationFilterChain.java:107) ~[tomcat-embed-core-11.0.21.jar:11.0.21]
	at org.springframework.web.filter.ServerHttpObservationFilter.doFilterInternal(ServerHttpObservationFilter.java:110) ~[spring-web-7.0.7.jar:7.0.7]
	at org.springframework.web.filter.OncePerRequestFilter.doFilter(OncePerRequestFilter.java:116) ~[spring-web-7.0.7.jar:7.0.7]
	at org.apache.catalina.core.ApplicationFilterChain.doFilter(ApplicationFilterChain.java:107) ~[tomcat-embed-core-11.0.21.jar:11.0.21]
	at org.springframework.web.filter.CharacterEncodingFilter.doFilterInternal(CharacterEncodingFilter.java:199) ~[spring-web-7.0.7.jar:7.0.7]
	at org.springframework.web.filter.OncePerRequestFilter.doFilter(OncePerRequestFilter.java:116) ~[spring-web-7.0.7.jar:7.0.7]
	at org.apache.catalina.core.ApplicationFilterChain.doFilter(ApplicationFilterChain.java:107) ~[tomcat-embed-core-11.0.21.jar:11.0.21]
	at org.apache.catalina.core.StandardWrapperValve.invoke(StandardWrapperValve.java:165) ~[tomcat-embed-core-11.0.21.jar:11.0.21]
	at org.apache.catalina.core.StandardContextValve.invoke(StandardContextValve.java:77) ~[tomcat-embed-core-11.0.21.jar:11.0.21]
	at org.apache.catalina.authenticator.AuthenticatorBase.invoke(AuthenticatorBase.java:492) ~[tomcat-embed-core-11.0.21.jar:11.0.21]
	at org.apache.catalina.core.StandardHostValve.invoke(StandardHostValve.java:113) ~[tomcat-embed-core-11.0.21.jar:11.0.21]
	at org.apache.catalina.valves.ErrorReportValve.invoke(ErrorReportValve.java:83) ~[tomcat-embed-core-11.0.21.jar:11.0.21]
	at org.apache.catalina.core.StandardEngineValve.invoke(StandardEngineValve.java:72) ~[tomcat-embed-core-11.0.21.jar:11.0.21]
	at org.apache.catalina.connector.CoyoteAdapter.service(CoyoteAdapter.java:341) ~[tomcat-embed-core-11.0.21.jar:11.0.21]
	at org.apache.coyote.http11.Http11Processor.service(Http11Processor.java:397) ~[tomcat-embed-core-11.0.21.jar:11.0.21]
	at org.apache.coyote.AbstractProcessorLight.process(AbstractProcessorLight.java:63) ~[tomcat-embed-core-11.0.21.jar:11.0.21]
	at org.apache.coyote.AbstractProtocol$ConnectionHandler.process(AbstractProtocol.java:903) ~[tomcat-embed-core-11.0.21.jar:11.0.21]
	at org.apache.tomcat.util.net.NioEndpoint$SocketProcessor.doRun(NioEndpoint.java:1801) ~[tomcat-embed-core-11.0.21.jar:11.0.21]
	at org.apache.tomcat.util.net.SocketProcessorBase.run(SocketProcessorBase.java:52) ~[tomcat-embed-core-11.0.21.jar:11.0.21]
	at org.apache.tomcat.util.threads.ThreadPoolExecutor.runWorker(ThreadPoolExecutor.java:946) ~[tomcat-embed-core-11.0.21.jar:11.0.21]
	at org.apache.tomcat.util.threads.ThreadPoolExecutor$Worker.run(ThreadPoolExecutor.java:480) ~[tomcat-embed-core-11.0.21.jar:11.0.21]
	at org.apache.tomcat.util.threads.TaskThread$WrappingRunnable.run(TaskThread.java:57) ~[tomcat-embed-core-11.0.21.jar:11.0.21]
	at java.base/java.lang.Thread.run(Thread.java:1583) ~[na:na]
Caused by: org.springframework.security.core.userdetails.UsernameNotFoundException: User not found with email: test@test.com
	at com.nib.backend.config.ApplicationConfig.lambda$userDetailsService$0(ApplicationConfig.java:35) ~[classes/:na]
	at java.base/java.util.Optional.orElseThrow(Optional.java:403) ~[na:na]
	at com.nib.backend.config.ApplicationConfig.lambda$userDetailsService$1(ApplicationConfig.java:35) ~[classes/:na]
	at org.springframework.security.authentication.dao.DaoAuthenticationProvider.retrieveUser(DaoAuthenticationProvider.java:106) ~[spring-security-core-7.0.5.jar:7.0.5]
	at org.springframework.security.authentication.dao.AbstractUserDetailsAuthenticationProvider.authenticate(AbstractUserDetailsAuthenticationProvider.java:145) ~[spring-security-core-7.0.5.jar:7.0.5]
	... 143 common frames omitted

2026-06-14T01:22:27.961-05:00  INFO 47206 --- [backend] [SpringApplicationShutdownHook] [                                                 ] o.s.boot.tomcat.GracefulShutdown         : Commencing graceful shutdown. Waiting for active requests to complete
2026-06-14T01:22:27.966-05:00  INFO 47206 --- [backend] [tomcat-shutdown] [                                                 ] o.s.boot.tomcat.GracefulShutdown         : Graceful shutdown complete
2026-06-14T01:22:28.005-05:00  INFO 47206 --- [backend] [SpringApplicationShutdownHook] [                                                 ] j.LocalContainerEntityManagerFactoryBean : Closing JPA EntityManagerFactory for persistence unit 'default'
2026-06-14T01:22:28.011-05:00  INFO 47206 --- [backend] [SpringApplicationShutdownHook] [                                                 ] com.zaxxer.hikari.HikariDataSource       : HikariPool-1 - Shutdown initiated...
2026-06-14T01:22:28.464-05:00  INFO 47206 --- [backend] [SpringApplicationShutdownHook] [                                                 ] com.zaxxer.hikari.HikariDataSource       : HikariPool-1 - Shutdown completed.
2026-06-14T01:22:34.720-05:00  INFO 48535 --- [backend] [main] [                                                 ] com.nib.backend.BackendApplication       : Starting BackendApplication using Java 21.0.11 with PID 48535 (/Users/rmeji/Desktop/Coding/Nib/backend/target/classes started by rmeji in /Users/rmeji/Desktop/Coding/Nib/backend)
2026-06-14T01:22:34.723-05:00  INFO 48535 --- [backend] [main] [                                                 ] com.nib.backend.BackendApplication       : The following 1 profile is active: "dev"
2026-06-14T01:22:35.419-05:00  INFO 48535 --- [backend] [main] [                                                 ] .s.d.r.c.RepositoryConfigurationDelegate : Multiple Spring Data modules found, entering strict repository configuration mode
2026-06-14T01:22:35.419-05:00  INFO 48535 --- [backend] [main] [                                                 ] .s.d.r.c.RepositoryConfigurationDelegate : Bootstrapping Spring Data JPA repositories in DEFAULT mode.
2026-06-14T01:22:35.505-05:00  INFO 48535 --- [backend] [main] [                                                 ] .s.d.r.c.RepositoryConfigurationDelegate : Finished Spring Data repository scanning in 81 ms. Found 10 JPA repository interfaces.
2026-06-14T01:22:35.856-05:00  INFO 48535 --- [backend] [main] [                                                 ] o.s.boot.tomcat.TomcatWebServer          : Tomcat initialized with port 8080 (http)
2026-06-14T01:22:35.864-05:00  INFO 48535 --- [backend] [main] [                                                 ] o.apache.catalina.core.StandardService   : Starting service [Tomcat]
2026-06-14T01:22:35.864-05:00  INFO 48535 --- [backend] [main] [                                                 ] o.apache.catalina.core.StandardEngine    : Starting Servlet engine: [Apache Tomcat/11.0.21]
2026-06-14T01:22:35.897-05:00  INFO 48535 --- [backend] [main] [                                                 ] b.w.c.s.WebApplicationContextInitializer : Root WebApplicationContext: initialization completed in 1144 ms
2026-06-14T01:22:35.968-05:00  INFO 48535 --- [backend] [main] [                                                 ] org.hibernate.orm.jpa                    : HHH008540: Processing PersistenceUnitInfo [name: default]
2026-06-14T01:22:35.999-05:00  INFO 48535 --- [backend] [main] [                                                 ] org.hibernate.orm.core                   : HHH000001: Hibernate ORM core version 7.2.12.Final
2026-06-14T01:22:36.228-05:00  INFO 48535 --- [backend] [main] [                                                 ] o.s.o.j.p.SpringPersistenceUnitInfo      : No LoadTimeWeaver setup: ignoring JPA class transformer
2026-06-14T01:22:36.246-05:00  INFO 48535 --- [backend] [main] [                                                 ] com.zaxxer.hikari.HikariDataSource       : HikariPool-1 - Starting...
2026-06-14T01:22:36.917-05:00  INFO 48535 --- [backend] [main] [                                                 ] com.zaxxer.hikari.pool.HikariPool        : HikariPool-1 - Added connection org.postgresql.jdbc.PgConnection@69c51fdb
2026-06-14T01:22:36.918-05:00  INFO 48535 --- [backend] [main] [                                                 ] com.zaxxer.hikari.HikariDataSource       : HikariPool-1 - Start completed.
2026-06-14T01:22:37.787-05:00  INFO 48535 --- [backend] [main] [                                                 ] org.hibernate.orm.core                   : HHH000489: No JTA platform available (set 'hibernate.transaction.jta.platform' to enable JTA platform integration)
2026-06-14T01:22:37.789-05:00  INFO 48535 --- [backend] [main] [                                                 ] org.hibernate.orm.jdbc.batch             : HHH100501: Automatic JDBC statement batching enabled (maximum batch size 50)
2026-06-14T01:22:38.568-05:00  INFO 48535 --- [backend] [main] [                                                 ] j.LocalContainerEntityManagerFactoryBean : Initialized JPA EntityManagerFactory for persistence unit 'default'
2026-06-14T01:22:38.634-05:00  INFO 48535 --- [backend] [main] [                                                 ] o.s.d.j.r.query.QueryEnhancerFactories   : Hibernate is in classpath; If applicable, HQL parser will be used.
2026-06-14T01:22:38.772-05:00 ERROR 48535 --- [backend] [main] [                                                 ] i.n.r.d.DnsServerAddressStreamProviders  : Unable to load io.netty.resolver.dns.macos.MacOSDnsServerAddressStreamProvider, fallback to system defaults. This may result in incorrect DNS resolutions on MacOS. Check whether you have a dependency on 'io.netty:netty-resolver-dns-native-macos'. Use DEBUG level to see the full stack: java.lang.UnsatisfiedLinkError: failed to load the required native library
2026-06-14T01:22:39.169-05:00  INFO 48535 --- [backend] [main] [                                                 ] o.s.boot.web.servlet.RegistrationBean    : Filter apiRateLimitFilterRegistration was not registered (disabled)
2026-06-14T01:22:39.201-05:00  INFO 48535 --- [backend] [main] [                                                 ] eAuthenticationProviderManagerConfigurer : Global AuthenticationManager configured with AuthenticationProvider bean with name authenticationProvider
2026-06-14T01:22:40.431-05:00  INFO 48535 --- [backend] [main] [                                                 ] o.s.b.a.e.web.EndpointLinksResolver      : Exposing 4 endpoints beneath base path '/actuator'
2026-06-14T01:22:40.485-05:00  INFO 48535 --- [backend] [main] [                                                 ] o.s.boot.tomcat.TomcatWebServer          : Tomcat started on port 8080 (http) with context path '/'
2026-06-14T01:22:40.493-05:00  INFO 48535 --- [backend] [main] [                                                 ] com.nib.backend.BackendApplication       : Started BackendApplication in 6.021 seconds (process running for 6.234)
2026-06-14T01:22:40.530-05:00  INFO 48535 --- [backend] [main] [                                                 ] c.n.b.config.DatabaseMigrationRunner     : Running idempotent database migrations...
2026-06-14T01:22:41.079-05:00  INFO 48535 --- [backend] [main] [                                                 ] c.n.b.config.DatabaseMigrationRunner     : tsvector column, GIN index, and auto-populate trigger verified on content_blocks
2026-06-14T01:22:41.301-05:00  INFO 48535 --- [backend] [main] [                                                 ] c.n.b.config.DatabaseMigrationRunner     : Partial-ingestion warning columns verified on ingestion_jobs
2026-06-14T01:22:41.397-05:00  INFO 48535 --- [backend] [main] [                                                 ] c.n.b.config.DatabaseMigrationRunner     : Structured visual evidence columns verified on content_blocks
2026-06-14T01:22:41.541-05:00  INFO 48535 --- [backend] [main] [                                                 ] c.n.b.config.DatabaseMigrationRunner     : Answer audit table verified
2026-06-14T01:22:41.686-05:00  INFO 48535 --- [backend] [main] [                                                 ] c.n.b.config.DatabaseMigrationRunner     : Chat message feedback table verified
2026-06-14T01:22:41.902-05:00  INFO 48535 --- [backend] [main] [                                                 ] c.n.b.config.DatabaseMigrationRunner     : Semantic cache tables verified
2026-06-14T01:22:42.029-05:00  INFO 48535 --- [backend] [main] [                                                 ] c.n.b.config.DatabaseMigrationRunner     : Cost usage telemetry table verified
2026-06-14T01:22:42.030-05:00  INFO 48535 --- [backend] [main] [                                                 ] c.n.b.config.DatabaseMigrationRunner     : Database migrations complete.
2026-06-14T01:23:00.312-05:00  INFO 48535 --- [backend] [http-nio-8080-exec-1] [                                                 ] o.a.c.c.C.[Tomcat].[localhost].[/]       : Initializing Spring DispatcherServlet 'dispatcherServlet'
2026-06-14T01:23:00.313-05:00  INFO 48535 --- [backend] [http-nio-8080-exec-1] [                                                 ] o.s.web.servlet.DispatcherServlet        : Initializing Servlet 'dispatcherServlet'
2026-06-14T01:23:00.323-05:00  INFO 48535 --- [backend] [http-nio-8080-exec-1] [                                                 ] o.s.web.servlet.DispatcherServlet        : Completed initialization in 10 ms
2026-06-14T01:23:16.016-05:00  INFO 48535 --- [backend] [http-nio-8080-exec-10] [00191f87453d26ec0ef0027b52d87335-3b4822f4647a3b5e] com.nib.backend.service.StripeService    : Upgraded user 3a21ae4c-87ed-4a47-bd83-65f40154e448 to PRO tier
2026-06-14T01:23:16.017-05:00  INFO 48535 --- [backend] [http-nio-8080-exec-2] [834d34f7eb83dcac30991a64c7889767-5fcf46fbc5779c3e] com.nib.backend.service.StripeService    : Upgraded user 3a21ae4c-87ed-4a47-bd83-65f40154e448 to PRO tier
2026-06-14T01:39:01.614-05:00  INFO 48535 --- [backend] [SpringApplicationShutdownHook] [                                                 ] o.s.boot.tomcat.GracefulShutdown         : Commencing graceful shutdown. Waiting for active requests to complete
2026-06-14T01:39:01.622-05:00  INFO 48535 --- [backend] [tomcat-shutdown] [                                                 ] o.s.boot.tomcat.GracefulShutdown         : Graceful shutdown complete
2026-06-14T01:39:01.654-05:00  INFO 48535 --- [backend] [SpringApplicationShutdownHook] [                                                 ] j.LocalContainerEntityManagerFactoryBean : Closing JPA EntityManagerFactory for persistence unit 'default'
2026-06-14T01:39:01.659-05:00  INFO 48535 --- [backend] [SpringApplicationShutdownHook] [                                                 ] com.zaxxer.hikari.HikariDataSource       : HikariPool-1 - Shutdown initiated...
2026-06-14T01:39:02.173-05:00  INFO 48535 --- [backend] [SpringApplicationShutdownHook] [                                                 ] com.zaxxer.hikari.HikariDataSource       : HikariPool-1 - Shutdown completed.
2026-06-14T01:39:06.080-05:00  INFO 50131 --- [backend] [main] [                                                 ] com.nib.backend.BackendApplication       : Starting BackendApplication using Java 21.0.11 with PID 50131 (/Users/rmeji/Desktop/Coding/Nib/backend/target/classes started by rmeji in /Users/rmeji/Desktop/Coding/Nib/backend)
2026-06-14T01:39:06.082-05:00  INFO 50131 --- [backend] [main] [                                                 ] com.nib.backend.BackendApplication       : The following 1 profile is active: "dev"
2026-06-14T01:39:06.705-05:00  INFO 50131 --- [backend] [main] [                                                 ] .s.d.r.c.RepositoryConfigurationDelegate : Multiple Spring Data modules found, entering strict repository configuration mode
2026-06-14T01:39:06.706-05:00  INFO 50131 --- [backend] [main] [                                                 ] .s.d.r.c.RepositoryConfigurationDelegate : Bootstrapping Spring Data JPA repositories in DEFAULT mode.
2026-06-14T01:39:06.824-05:00  INFO 50131 --- [backend] [main] [                                                 ] .s.d.r.c.RepositoryConfigurationDelegate : Finished Spring Data repository scanning in 114 ms. Found 11 JPA repository interfaces.
2026-06-14T01:39:07.194-05:00  INFO 50131 --- [backend] [main] [                                                 ] o.s.boot.tomcat.TomcatWebServer          : Tomcat initialized with port 8080 (http)
2026-06-14T01:39:07.203-05:00  INFO 50131 --- [backend] [main] [                                                 ] o.apache.catalina.core.StandardService   : Starting service [Tomcat]
2026-06-14T01:39:07.203-05:00  INFO 50131 --- [backend] [main] [                                                 ] o.apache.catalina.core.StandardEngine    : Starting Servlet engine: [Apache Tomcat/11.0.21]
2026-06-14T01:39:07.235-05:00  INFO 50131 --- [backend] [main] [                                                 ] b.w.c.s.WebApplicationContextInitializer : Root WebApplicationContext: initialization completed in 1130 ms
2026-06-14T01:39:07.380-05:00  INFO 50131 --- [backend] [main] [                                                 ] org.hibernate.orm.jpa                    : HHH008540: Processing PersistenceUnitInfo [name: default]
2026-06-14T01:39:07.511-05:00  INFO 50131 --- [backend] [main] [                                                 ] org.hibernate.orm.core                   : HHH000001: Hibernate ORM core version 7.2.12.Final
2026-06-14T01:39:07.779-05:00  INFO 50131 --- [backend] [main] [                                                 ] o.s.o.j.p.SpringPersistenceUnitInfo      : No LoadTimeWeaver setup: ignoring JPA class transformer
2026-06-14T01:39:07.798-05:00  INFO 50131 --- [backend] [main] [                                                 ] com.zaxxer.hikari.HikariDataSource       : HikariPool-1 - Starting...
2026-06-14T01:39:08.494-05:00  INFO 50131 --- [backend] [main] [                                                 ] com.zaxxer.hikari.pool.HikariPool        : HikariPool-1 - Added connection org.postgresql.jdbc.PgConnection@57abe94d
2026-06-14T01:39:08.495-05:00  INFO 50131 --- [backend] [main] [                                                 ] com.zaxxer.hikari.HikariDataSource       : HikariPool-1 - Start completed.
2026-06-14T01:39:09.416-05:00  INFO 50131 --- [backend] [main] [                                                 ] org.hibernate.orm.core                   : HHH000489: No JTA platform available (set 'hibernate.transaction.jta.platform' to enable JTA platform integration)
2026-06-14T01:39:09.417-05:00  INFO 50131 --- [backend] [main] [                                                 ] org.hibernate.orm.jdbc.batch             : HHH100501: Automatic JDBC statement batching enabled (maximum batch size 50)
2026-06-14T01:39:10.388-05:00  INFO 50131 --- [backend] [main] [                                                 ] j.LocalContainerEntityManagerFactoryBean : Initialized JPA EntityManagerFactory for persistence unit 'default'
2026-06-14T01:39:10.456-05:00  INFO 50131 --- [backend] [main] [                                                 ] o.s.d.j.r.query.QueryEnhancerFactories   : Hibernate is in classpath; If applicable, HQL parser will be used.
2026-06-14T01:39:10.878-05:00 ERROR 50131 --- [backend] [main] [                                                 ] i.n.r.d.DnsServerAddressStreamProviders  : Unable to load io.netty.resolver.dns.macos.MacOSDnsServerAddressStreamProvider, fallback to system defaults. This may result in incorrect DNS resolutions on MacOS. Check whether you have a dependency on 'io.netty:netty-resolver-dns-native-macos'. Use DEBUG level to see the full stack: java.lang.UnsatisfiedLinkError: failed to load the required native library
2026-06-14T01:39:11.370-05:00  INFO 50131 --- [backend] [main] [                                                 ] o.s.boot.web.servlet.RegistrationBean    : Filter apiRateLimitFilterRegistration was not registered (disabled)
2026-06-14T01:39:11.424-05:00  INFO 50131 --- [backend] [main] [                                                 ] eAuthenticationProviderManagerConfigurer : Global AuthenticationManager configured with AuthenticationProvider bean with name authenticationProvider
2026-06-14T01:39:12.707-05:00  INFO 50131 --- [backend] [main] [                                                 ] o.s.b.a.e.web.EndpointLinksResolver      : Exposing 4 endpoints beneath base path '/actuator'
2026-06-14T01:39:12.767-05:00  INFO 50131 --- [backend] [main] [                                                 ] o.s.boot.tomcat.TomcatWebServer          : Tomcat started on port 8080 (http) with context path '/'
2026-06-14T01:39:12.775-05:00  INFO 50131 --- [backend] [main] [                                                 ] com.nib.backend.BackendApplication       : Started BackendApplication in 6.94 seconds (process running for 7.189)
2026-06-14T01:39:12.813-05:00  INFO 50131 --- [backend] [main] [                                                 ] c.n.b.config.DatabaseMigrationRunner     : Running idempotent database migrations...
2026-06-14T01:39:13.561-05:00  INFO 50131 --- [backend] [main] [                                                 ] c.n.b.config.DatabaseMigrationRunner     : tsvector column, GIN index, and auto-populate trigger verified on content_blocks
2026-06-14T01:39:13.778-05:00  INFO 50131 --- [backend] [main] [                                                 ] c.n.b.config.DatabaseMigrationRunner     : Partial-ingestion warning columns verified on ingestion_jobs
2026-06-14T01:39:13.863-05:00  INFO 50131 --- [backend] [main] [                                                 ] c.n.b.config.DatabaseMigrationRunner     : Structured visual evidence columns verified on content_blocks
2026-06-14T01:39:13.985-05:00  INFO 50131 --- [backend] [main] [                                                 ] c.n.b.config.DatabaseMigrationRunner     : Answer audit table verified
2026-06-14T01:39:14.102-05:00  INFO 50131 --- [backend] [main] [                                                 ] c.n.b.config.DatabaseMigrationRunner     : Chat message feedback table verified
2026-06-14T01:39:14.300-05:00  INFO 50131 --- [backend] [main] [                                                 ] c.n.b.config.DatabaseMigrationRunner     : Semantic cache tables verified
2026-06-14T01:39:14.419-05:00  INFO 50131 --- [backend] [main] [                                                 ] c.n.b.config.DatabaseMigrationRunner     : Cost usage telemetry table verified
2026-06-14T01:39:14.420-05:00  INFO 50131 --- [backend] [main] [                                                 ] c.n.b.config.DatabaseMigrationRunner     : Database migrations complete.
2026-06-14T01:40:28.104-05:00  INFO 50131 --- [backend] [http-nio-8080-exec-5] [                                                 ] o.a.c.c.C.[Tomcat].[localhost].[/]       : Initializing Spring DispatcherServlet 'dispatcherServlet'
2026-06-14T01:40:28.106-05:00  INFO 50131 --- [backend] [http-nio-8080-exec-5] [                                                 ] o.s.web.servlet.DispatcherServlet        : Initializing Servlet 'dispatcherServlet'
2026-06-14T01:40:28.110-05:00  INFO 50131 --- [backend] [http-nio-8080-exec-5] [                                                 ] o.s.web.servlet.DispatcherServlet        : Completed initialization in 4 ms
2026-06-14T01:40:42.208-05:00  INFO 50131 --- [backend] [http-nio-8080-exec-9] [bd1158edf87e5b4ee9a5645c09e1080e-10a644420cff02e2] com.nib.backend.service.StripeService    : Scheduled cancellation for user 3a21ae4c-87ed-4a47-bd83-65f40154e448 at 2026-07-14T06:23:09Z
2026-06-14T01:40:42.665-05:00  INFO 50131 --- [backend] [http-nio-8080-exec-5] [f8c9ffbbc6dc6d66e9b8bed715e20549-0dd8062727525157] com.nib.backend.service.StripeService    : Subscription updated for user 3a21ae4c-87ed-4a47-bd83-65f40154e448 — status active, entitled
2026-06-14T01:40:42.669-05:00  INFO 50131 --- [backend] [http-nio-8080-exec-6] [01441627941ea925d095e3fb1eff5306-1a82cacb254476c0] com.nib.backend.service.StripeService    : Subscription updated for user 3a21ae4c-87ed-4a47-bd83-65f40154e448 — status active, entitled
2026-06-14T01:40:42.811-05:00  INFO 50131 --- [backend] [http-nio-8080-exec-6] [01441627941ea925d095e3fb1eff5306-1a82cacb254476c0] org.hibernate.orm.jdbc.batch             : HHH100503: JDBC batch still contained JDBC statements on release
2026-06-14T01:40:42.812-05:00  WARN 50131 --- [backend] [http-nio-8080-exec-6] [01441627941ea925d095e3fb1eff5306-1a82cacb254476c0] org.hibernate.orm.jdbc.error             : HHH000247: ErrorCode: 0, SQLState: 23505
2026-06-14T01:40:42.812-05:00  WARN 50131 --- [backend] [http-nio-8080-exec-6] [01441627941ea925d095e3fb1eff5306-1a82cacb254476c0] org.hibernate.orm.jdbc.error             : Batch entry 0 insert into processed_stripe_events (event_type,processed_at,event_id) values (('customer.subscription.updated'),('2026-06-14 06:40:42.669638+00'),('evt_1Ti7ioRvatHdxYAokJLQT4DU')) was aborted: ERROR: duplicate key value violates unique constraint "processed_stripe_events_pkey"
  Detail: Key (event_id)=(evt_1Ti7ioRvatHdxYAokJLQT4DU) already exists.  Call getNextException to see other errors in the batch.
2026-06-14T01:40:42.813-05:00  WARN 50131 --- [backend] [http-nio-8080-exec-6] [01441627941ea925d095e3fb1eff5306-1a82cacb254476c0] org.hibernate.orm.jdbc.error             : HHH000247: ErrorCode: 0, SQLState: 23505
2026-06-14T01:40:42.813-05:00  WARN 50131 --- [backend] [http-nio-8080-exec-6] [01441627941ea925d095e3fb1eff5306-1a82cacb254476c0] org.hibernate.orm.jdbc.error             : Batch entry 0 insert into processed_stripe_events (event_type,processed_at,event_id) values (('customer.subscription.updated'),('2026-06-14 06:40:42.669638+00'),('evt_1Ti7ioRvatHdxYAokJLQT4DU')) was aborted: ERROR: duplicate key value violates unique constraint "processed_stripe_events_pkey"
  Detail: Key (event_id)=(evt_1Ti7ioRvatHdxYAokJLQT4DU) already exists.  Call getNextException to see other errors in the batch.
2026-06-14T01:40:42.862-05:00 ERROR 50131 --- [backend] [http-nio-8080-exec-6] [01441627941ea925d095e3fb1eff5306-1a82cacb254476c0] c.n.backend.controller.StripeController  : Webhook processing failed

org.springframework.dao.DataIntegrityViolationException: could not execute batch [Batch entry 0 insert into processed_stripe_events (event_type,processed_at,event_id) values (('customer.subscription.updated'),('2026-06-14 06:40:42.669638+00'),('evt_1Ti7ioRvatHdxYAokJLQT4DU')) was aborted: ERROR: duplicate key value violates unique constraint "processed_stripe_events_pkey"
  Detail: Key (event_id)=(evt_1Ti7ioRvatHdxYAokJLQT4DU) already exists.  Call getNextException to see other errors in the batch.] [insert into processed_stripe_events (event_type,processed_at,event_id) values (?,?,?)]; SQL [insert into processed_stripe_events (event_type,processed_at,event_id) values (?,?,?)]; constraint [processed_stripe_events_pkey]
	at org.springframework.orm.jpa.hibernate.HibernateExceptionTranslator.convertHibernateAccessException(HibernateExceptionTranslator.java:169) ~[spring-orm-7.0.7.jar:7.0.7]
	at org.springframework.orm.jpa.hibernate.HibernateExceptionTranslator.convertHibernateAccessException(HibernateExceptionTranslator.java:131) ~[spring-orm-7.0.7.jar:7.0.7]
	at org.springframework.orm.jpa.hibernate.HibernateExceptionTranslator.translateExceptionIfPossible(HibernateExceptionTranslator.java:105) ~[spring-orm-7.0.7.jar:7.0.7]
	at org.springframework.orm.jpa.vendor.HibernateJpaDialect.translateExceptionIfPossible(HibernateJpaDialect.java:223) ~[spring-orm-7.0.7.jar:7.0.7]
	at org.springframework.orm.jpa.JpaTransactionManager.doCommit(JpaTransactionManager.java:557) ~[spring-orm-7.0.7.jar:7.0.7]
	at org.springframework.transaction.support.AbstractPlatformTransactionManager.processCommit(AbstractPlatformTransactionManager.java:794) ~[spring-tx-7.0.7.jar:7.0.7]
	at org.springframework.transaction.support.AbstractPlatformTransactionManager.commit(AbstractPlatformTransactionManager.java:757) ~[spring-tx-7.0.7.jar:7.0.7]
	at org.springframework.transaction.interceptor.TransactionAspectSupport.commitTransactionAfterReturning(TransactionAspectSupport.java:687) ~[spring-tx-7.0.7.jar:7.0.7]
	at org.springframework.transaction.interceptor.TransactionAspectSupport.invokeWithinTransaction(TransactionAspectSupport.java:408) ~[spring-tx-7.0.7.jar:7.0.7]
	at org.springframework.transaction.interceptor.TransactionInterceptor.invoke(TransactionInterceptor.java:130) ~[spring-tx-7.0.7.jar:7.0.7]
	at org.springframework.aop.framework.ReflectiveMethodInvocation.proceed(ReflectiveMethodInvocation.java:179) ~[spring-aop-7.0.7.jar:7.0.7]
	at org.springframework.aop.framework.CglibAopProxy$DynamicAdvisedInterceptor.intercept(CglibAopProxy.java:719) ~[spring-aop-7.0.7.jar:7.0.7]
	at com.nib.backend.service.StripeService$$SpringCGLIB$$0.handleWebhook(<generated>) ~[classes/:na]
	at com.nib.backend.controller.StripeController.handleWebhook(StripeController.java:68) ~[classes/:na]
	at java.base/jdk.internal.reflect.DirectMethodHandleAccessor.invoke(DirectMethodHandleAccessor.java:103) ~[na:na]
	at java.base/java.lang.reflect.Method.invoke(Method.java:580) ~[na:na]
	at org.springframework.web.method.support.InvocableHandlerMethod.doInvoke(InvocableHandlerMethod.java:252) ~[spring-web-7.0.7.jar:7.0.7]
	at org.springframework.web.method.support.InvocableHandlerMethod.invokeForRequest(InvocableHandlerMethod.java:184) ~[spring-web-7.0.7.jar:7.0.7]
	at org.springframework.web.servlet.mvc.method.annotation.ServletInvocableHandlerMethod.invokeAndHandle(ServletInvocableHandlerMethod.java:117) ~[spring-webmvc-7.0.7.jar:7.0.7]
	at org.springframework.web.servlet.mvc.method.annotation.RequestMappingHandlerAdapter.invokeHandlerMethod(RequestMappingHandlerAdapter.java:934) ~[spring-webmvc-7.0.7.jar:7.0.7]
	at org.springframework.web.servlet.mvc.method.annotation.RequestMappingHandlerAdapter.handleInternal(RequestMappingHandlerAdapter.java:853) ~[spring-webmvc-7.0.7.jar:7.0.7]
	at org.springframework.web.servlet.mvc.method.AbstractHandlerMethodAdapter.handle(AbstractHandlerMethodAdapter.java:86) ~[spring-webmvc-7.0.7.jar:7.0.7]
	at org.springframework.web.servlet.DispatcherServlet.doDispatch(DispatcherServlet.java:963) ~[spring-webmvc-7.0.7.jar:7.0.7]
	at org.springframework.web.servlet.DispatcherServlet.doService(DispatcherServlet.java:866) ~[spring-webmvc-7.0.7.jar:7.0.7]
	at org.springframework.web.servlet.FrameworkServlet.processRequest(FrameworkServlet.java:1000) ~[spring-webmvc-7.0.7.jar:7.0.7]
	at org.springframework.web.servlet.FrameworkServlet.doPost(FrameworkServlet.java:903) ~[spring-webmvc-7.0.7.jar:7.0.7]
	at jakarta.servlet.http.HttpServlet.service(HttpServlet.java:649) ~[tomcat-embed-core-11.0.21.jar:6.1]
	at org.springframework.web.servlet.FrameworkServlet.service(FrameworkServlet.java:874) ~[spring-webmvc-7.0.7.jar:7.0.7]
	at jakarta.servlet.http.HttpServlet.service(HttpServlet.java:710) ~[tomcat-embed-core-11.0.21.jar:6.1]
	at org.apache.catalina.core.ApplicationFilterChain.doFilter(ApplicationFilterChain.java:128) ~[tomcat-embed-core-11.0.21.jar:11.0.21]
	at org.apache.tomcat.websocket.server.WsFilter.doFilter(WsFilter.java:53) ~[tomcat-embed-websocket-11.0.21.jar:11.0.21]
	at org.apache.catalina.core.ApplicationFilterChain.doFilter(ApplicationFilterChain.java:107) ~[tomcat-embed-core-11.0.21.jar:11.0.21]
	at org.springframework.web.filter.OncePerRequestFilter.doFilter(OncePerRequestFilter.java:110) ~[spring-web-7.0.7.jar:7.0.7]
	at org.apache.catalina.core.ApplicationFilterChain.doFilter(ApplicationFilterChain.java:107) ~[tomcat-embed-core-11.0.21.jar:11.0.21]
	at com.nib.backend.config.MdcLoggingFilter.doFilterInternal(MdcLoggingFilter.java:57) ~[classes/:na]
	at org.springframework.web.filter.OncePerRequestFilter.doFilter(OncePerRequestFilter.java:116) ~[spring-web-7.0.7.jar:7.0.7]
	at org.apache.catalina.core.ApplicationFilterChain.doFilter(ApplicationFilterChain.java:107) ~[tomcat-embed-core-11.0.21.jar:11.0.21]
	at org.springframework.web.filter.CompositeFilter$VirtualFilterChain.doFilter(CompositeFilter.java:108) ~[spring-web-7.0.7.jar:7.0.7]
	at org.springframework.security.web.FilterChainProxy.lambda$doFilterInternal$3(FilterChainProxy.java:235) ~[spring-security-web-7.0.5.jar:7.0.5]
	at org.springframework.security.web.ObservationFilterChainDecorator$FilterObservation$SimpleFilterObservation.lambda$wrap$1(ObservationFilterChainDecorator.java:493) ~[spring-security-web-7.0.5.jar:7.0.5]
	at org.springframework.security.web.ObservationFilterChainDecorator$AroundFilterObservation$SimpleAroundFilterObservation.lambda$wrap$1(ObservationFilterChainDecorator.java:354) ~[spring-security-web-7.0.5.jar:7.0.5]
	at org.springframework.security.web.ObservationFilterChainDecorator.lambda$wrapSecured$0(ObservationFilterChainDecorator.java:86) ~[spring-security-web-7.0.5.jar:7.0.5]
	at org.springframework.security.web.ObservationFilterChainDecorator$VirtualFilterChain.doFilter(ObservationFilterChainDecorator.java:132) ~[spring-security-web-7.0.5.jar:7.0.5]
	at org.springframework.security.web.access.intercept.AuthorizationFilter.doFilter(AuthorizationFilter.java:101) ~[spring-security-web-7.0.5.jar:7.0.5]
	at org.springframework.security.web.ObservationFilterChainDecorator$ObservationFilter.wrapFilter(ObservationFilterChainDecorator.java:244) ~[spring-security-web-7.0.5.jar:7.0.5]
	at org.springframework.security.web.ObservationFilterChainDecorator$ObservationFilter.doFilter(ObservationFilterChainDecorator.java:231) ~[spring-security-web-7.0.5.jar:7.0.5]
	at org.springframework.security.web.ObservationFilterChainDecorator$VirtualFilterChain.doFilter(ObservationFilterChainDecorator.java:141) ~[spring-security-web-7.0.5.jar:7.0.5]
	at org.springframework.security.web.access.ExceptionTranslationFilter.doFilter(ExceptionTranslationFilter.java:126) ~[spring-security-web-7.0.5.jar:7.0.5]
	at org.springframework.security.web.access.ExceptionTranslationFilter.doFilter(ExceptionTranslationFilter.java:120) ~[spring-security-web-7.0.5.jar:7.0.5]
	at org.springframework.security.web.ObservationFilterChainDecorator$ObservationFilter.wrapFilter(ObservationFilterChainDecorator.java:244) ~[spring-security-web-7.0.5.jar:7.0.5]
	at org.springframework.security.web.ObservationFilterChainDecorator$ObservationFilter.doFilter(ObservationFilterChainDecorator.java:231) ~[spring-security-web-7.0.5.jar:7.0.5]
	at org.springframework.security.web.ObservationFilterChainDecorator$VirtualFilterChain.doFilter(ObservationFilterChainDecorator.java:141) ~[spring-security-web-7.0.5.jar:7.0.5]
	at org.springframework.security.web.session.SessionManagementFilter.doFilter(SessionManagementFilter.java:132) ~[spring-security-web-7.0.5.jar:7.0.5]
	at org.springframework.security.web.session.SessionManagementFilter.doFilter(SessionManagementFilter.java:86) ~[spring-security-web-7.0.5.jar:7.0.5]
	at org.springframework.security.web.ObservationFilterChainDecorator$ObservationFilter.wrapFilter(ObservationFilterChainDecorator.java:244) ~[spring-security-web-7.0.5.jar:7.0.5]
	at org.springframework.security.web.ObservationFilterChainDecorator$ObservationFilter.doFilter(ObservationFilterChainDecorator.java:231) ~[spring-security-web-7.0.5.jar:7.0.5]
	at org.springframework.security.web.ObservationFilterChainDecorator$VirtualFilterChain.doFilter(ObservationFilterChainDecorator.java:141) ~[spring-security-web-7.0.5.jar:7.0.5]
	at org.springframework.security.web.authentication.AnonymousAuthenticationFilter.doFilter(AnonymousAuthenticationFilter.java:100) ~[spring-security-web-7.0.5.jar:7.0.5]
	at org.springframework.security.web.ObservationFilterChainDecorator$ObservationFilter.wrapFilter(ObservationFilterChainDecorator.java:244) ~[spring-security-web-7.0.5.jar:7.0.5]
	at org.springframework.security.web.ObservationFilterChainDecorator$ObservationFilter.doFilter(ObservationFilterChainDecorator.java:231) ~[spring-security-web-7.0.5.jar:7.0.5]
	at org.springframework.security.web.ObservationFilterChainDecorator$VirtualFilterChain.doFilter(ObservationFilterChainDecorator.java:141) ~[spring-security-web-7.0.5.jar:7.0.5]
	at org.springframework.security.web.servletapi.SecurityContextHolderAwareRequestFilter.doFilter(SecurityContextHolderAwareRequestFilter.java:181) ~[spring-security-web-7.0.5.jar:7.0.5]
	at org.springframework.security.web.ObservationFilterChainDecorator$ObservationFilter.wrapFilter(ObservationFilterChainDecorator.java:244) ~[spring-security-web-7.0.5.jar:7.0.5]
	at org.springframework.security.web.ObservationFilterChainDecorator$ObservationFilter.doFilter(ObservationFilterChainDecorator.java:231) ~[spring-security-web-7.0.5.jar:7.0.5]
	at org.springframework.security.web.ObservationFilterChainDecorator$VirtualFilterChain.doFilter(ObservationFilterChainDecorator.java:141) ~[spring-security-web-7.0.5.jar:7.0.5]
	at org.springframework.security.web.savedrequest.RequestCacheAwareFilter.doFilter(RequestCacheAwareFilter.java:63) ~[spring-security-web-7.0.5.jar:7.0.5]
	at org.springframework.security.web.ObservationFilterChainDecorator$ObservationFilter.wrapFilter(ObservationFilterChainDecorator.java:244) ~[spring-security-web-7.0.5.jar:7.0.5]
	at org.springframework.security.web.ObservationFilterChainDecorator$ObservationFilter.doFilter(ObservationFilterChainDecorator.java:231) ~[spring-security-web-7.0.5.jar:7.0.5]
	at org.springframework.security.web.ObservationFilterChainDecorator$VirtualFilterChain.doFilter(ObservationFilterChainDecorator.java:141) ~[spring-security-web-7.0.5.jar:7.0.5]
	at com.nib.backend.config.ApiRateLimitFilter.doFilterInternal(ApiRateLimitFilter.java:43) ~[classes/:na]
	at org.springframework.web.filter.OncePerRequestFilter.doFilter(OncePerRequestFilter.java:116) ~[spring-web-7.0.7.jar:7.0.7]
	at org.springframework.security.web.ObservationFilterChainDecorator$ObservationFilter.wrapFilter(ObservationFilterChainDecorator.java:244) ~[spring-security-web-7.0.5.jar:7.0.5]
	at org.springframework.security.web.ObservationFilterChainDecorator$ObservationFilter.doFilter(ObservationFilterChainDecorator.java:231) ~[spring-security-web-7.0.5.jar:7.0.5]
	at org.springframework.security.web.ObservationFilterChainDecorator$VirtualFilterChain.doFilter(ObservationFilterChainDecorator.java:141) ~[spring-security-web-7.0.5.jar:7.0.5]
	at com.nib.backend.config.JwtAuthFilter.doFilterInternal(JwtAuthFilter.java:38) ~[classes/:na]
	at org.springframework.web.filter.OncePerRequestFilter.doFilter(OncePerRequestFilter.java:116) ~[spring-web-7.0.7.jar:7.0.7]
	at org.springframework.security.web.ObservationFilterChainDecorator$ObservationFilter.wrapFilter(ObservationFilterChainDecorator.java:244) ~[spring-security-web-7.0.5.jar:7.0.5]
	at org.springframework.security.web.ObservationFilterChainDecorator$ObservationFilter.doFilter(ObservationFilterChainDecorator.java:231) ~[spring-security-web-7.0.5.jar:7.0.5]
	at org.springframework.security.web.ObservationFilterChainDecorator$VirtualFilterChain.doFilter(ObservationFilterChainDecorator.java:141) ~[spring-security-web-7.0.5.jar:7.0.5]
	at org.springframework.security.web.authentication.logout.LogoutFilter.doFilter(LogoutFilter.java:110) ~[spring-security-web-7.0.5.jar:7.0.5]
	at org.springframework.security.web.authentication.logout.LogoutFilter.doFilter(LogoutFilter.java:96) ~[spring-security-web-7.0.5.jar:7.0.5]
	at org.springframework.security.web.ObservationFilterChainDecorator$ObservationFilter.wrapFilter(ObservationFilterChainDecorator.java:244) ~[spring-security-web-7.0.5.jar:7.0.5]
	at org.springframework.security.web.ObservationFilterChainDecorator$ObservationFilter.doFilter(ObservationFilterChainDecorator.java:231) ~[spring-security-web-7.0.5.jar:7.0.5]
	at org.springframework.security.web.ObservationFilterChainDecorator$VirtualFilterChain.doFilter(ObservationFilterChainDecorator.java:141) ~[spring-security-web-7.0.5.jar:7.0.5]
	at org.springframework.web.filter.CorsFilter.doFilterInternal(CorsFilter.java:91) ~[spring-web-7.0.7.jar:7.0.7]
	at org.springframework.web.filter.OncePerRequestFilter.doFilter(OncePerRequestFilter.java:116) ~[spring-web-7.0.7.jar:7.0.7]
	at org.springframework.security.web.ObservationFilterChainDecorator$ObservationFilter.wrapFilter(ObservationFilterChainDecorator.java:244) ~[spring-security-web-7.0.5.jar:7.0.5]
	at org.springframework.security.web.ObservationFilterChainDecorator$ObservationFilter.doFilter(ObservationFilterChainDecorator.java:231) ~[spring-security-web-7.0.5.jar:7.0.5]
	at org.springframework.security.web.ObservationFilterChainDecorator$VirtualFilterChain.doFilter(ObservationFilterChainDecorator.java:141) ~[spring-security-web-7.0.5.jar:7.0.5]
	at org.springframework.security.web.header.HeaderWriterFilter.doHeadersAfter(HeaderWriterFilter.java:90) ~[spring-security-web-7.0.5.jar:7.0.5]
	at org.springframework.security.web.header.HeaderWriterFilter.doFilterInternal(HeaderWriterFilter.java:75) ~[spring-security-web-7.0.5.jar:7.0.5]
	at org.springframework.web.filter.OncePerRequestFilter.doFilter(OncePerRequestFilter.java:116) ~[spring-web-7.0.7.jar:7.0.7]
	at org.springframework.security.web.ObservationFilterChainDecorator$ObservationFilter.wrapFilter(ObservationFilterChainDecorator.java:244) ~[spring-security-web-7.0.5.jar:7.0.5]
	at org.springframework.security.web.ObservationFilterChainDecorator$ObservationFilter.doFilter(ObservationFilterChainDecorator.java:231) ~[spring-security-web-7.0.5.jar:7.0.5]
	at org.springframework.security.web.ObservationFilterChainDecorator$VirtualFilterChain.doFilter(ObservationFilterChainDecorator.java:141) ~[spring-security-web-7.0.5.jar:7.0.5]
	at org.springframework.security.web.context.SecurityContextHolderFilter.doFilter(SecurityContextHolderFilter.java:82) ~[spring-security-web-7.0.5.jar:7.0.5]
	at org.springframework.security.web.context.SecurityContextHolderFilter.doFilter(SecurityContextHolderFilter.java:69) ~[spring-security-web-7.0.5.jar:7.0.5]
	at org.springframework.security.web.ObservationFilterChainDecorator$ObservationFilter.wrapFilter(ObservationFilterChainDecorator.java:244) ~[spring-security-web-7.0.5.jar:7.0.5]
	at org.springframework.security.web.ObservationFilterChainDecorator$ObservationFilter.doFilter(ObservationFilterChainDecorator.java:231) ~[spring-security-web-7.0.5.jar:7.0.5]
	at org.springframework.security.web.ObservationFilterChainDecorator$VirtualFilterChain.doFilter(ObservationFilterChainDecorator.java:141) ~[spring-security-web-7.0.5.jar:7.0.5]
	at org.springframework.security.web.context.request.async.WebAsyncManagerIntegrationFilter.doFilterInternal(WebAsyncManagerIntegrationFilter.java:62) ~[spring-security-web-7.0.5.jar:7.0.5]
	at org.springframework.web.filter.OncePerRequestFilter.doFilter(OncePerRequestFilter.java:116) ~[spring-web-7.0.7.jar:7.0.7]
	at org.springframework.security.web.ObservationFilterChainDecorator$ObservationFilter.wrapFilter(ObservationFilterChainDecorator.java:244) ~[spring-security-web-7.0.5.jar:7.0.5]
	at org.springframework.security.web.ObservationFilterChainDecorator$ObservationFilter.doFilter(ObservationFilterChainDecorator.java:231) ~[spring-security-web-7.0.5.jar:7.0.5]
	at org.springframework.security.web.ObservationFilterChainDecorator$VirtualFilterChain.doFilter(ObservationFilterChainDecorator.java:141) ~[spring-security-web-7.0.5.jar:7.0.5]
	at org.springframework.security.web.session.DisableEncodeUrlFilter.doFilterInternal(DisableEncodeUrlFilter.java:42) ~[spring-security-web-7.0.5.jar:7.0.5]
	at org.springframework.web.filter.OncePerRequestFilter.doFilter(OncePerRequestFilter.java:116) ~[spring-web-7.0.7.jar:7.0.7]
	at org.springframework.security.web.ObservationFilterChainDecorator$ObservationFilter.wrapFilter(ObservationFilterChainDecorator.java:244) ~[spring-security-web-7.0.5.jar:7.0.5]
	at org.springframework.security.web.ObservationFilterChainDecorator$AroundFilterObservation$SimpleAroundFilterObservation.lambda$wrap$0(ObservationFilterChainDecorator.java:337) ~[spring-security-web-7.0.5.jar:7.0.5]
	at org.springframework.security.web.ObservationFilterChainDecorator$ObservationFilter.doFilter(ObservationFilterChainDecorator.java:228) ~[spring-security-web-7.0.5.jar:7.0.5]
	at org.springframework.security.web.ObservationFilterChainDecorator$VirtualFilterChain.doFilter(ObservationFilterChainDecorator.java:141) ~[spring-security-web-7.0.5.jar:7.0.5]
	at org.springframework.security.web.FilterChainProxy.doFilterInternal(FilterChainProxy.java:237) ~[spring-security-web-7.0.5.jar:7.0.5]
	at org.springframework.security.web.FilterChainProxy.doFilter(FilterChainProxy.java:195) ~[spring-security-web-7.0.5.jar:7.0.5]
	at org.springframework.web.filter.CompositeFilter$VirtualFilterChain.doFilter(CompositeFilter.java:113) ~[spring-web-7.0.7.jar:7.0.7]
	at org.springframework.web.filter.ServletRequestPathFilter.doFilter(ServletRequestPathFilter.java:52) ~[spring-web-7.0.7.jar:7.0.7]
	at org.springframework.web.filter.CompositeFilter$VirtualFilterChain.doFilter(CompositeFilter.java:113) ~[spring-web-7.0.7.jar:7.0.7]
	at org.springframework.web.filter.CompositeFilter.doFilter(CompositeFilter.java:74) ~[spring-web-7.0.7.jar:7.0.7]
	at org.springframework.security.config.annotation.web.configuration.WebSecurityConfiguration$CompositeFilterChainProxy.doFilter(WebSecurityConfiguration.java:317) ~[spring-security-config-7.0.5.jar:7.0.5]
	at org.springframework.web.filter.DelegatingFilterProxy.invokeDelegate(DelegatingFilterProxy.java:355) ~[spring-web-7.0.7.jar:7.0.7]
	at org.springframework.web.filter.DelegatingFilterProxy.doFilter(DelegatingFilterProxy.java:272) ~[spring-web-7.0.7.jar:7.0.7]
	at org.apache.catalina.core.ApplicationFilterChain.doFilter(ApplicationFilterChain.java:107) ~[tomcat-embed-core-11.0.21.jar:11.0.21]
	at org.springframework.web.filter.RequestContextFilter.doFilterInternal(RequestContextFilter.java:100) ~[spring-web-7.0.7.jar:7.0.7]
	at org.springframework.web.filter.OncePerRequestFilter.doFilter(OncePerRequestFilter.java:116) ~[spring-web-7.0.7.jar:7.0.7]
	at org.apache.catalina.core.ApplicationFilterChain.doFilter(ApplicationFilterChain.java:107) ~[tomcat-embed-core-11.0.21.jar:11.0.21]
	at org.springframework.web.filter.FormContentFilter.doFilterInternal(FormContentFilter.java:93) ~[spring-web-7.0.7.jar:7.0.7]
	at org.springframework.web.filter.OncePerRequestFilter.doFilter(OncePerRequestFilter.java:116) ~[spring-web-7.0.7.jar:7.0.7]
	at org.apache.catalina.core.ApplicationFilterChain.doFilter(ApplicationFilterChain.java:107) ~[tomcat-embed-core-11.0.21.jar:11.0.21]
	at org.springframework.web.filter.ServerHttpObservationFilter.doFilterInternal(ServerHttpObservationFilter.java:110) ~[spring-web-7.0.7.jar:7.0.7]
	at org.springframework.web.filter.OncePerRequestFilter.doFilter(OncePerRequestFilter.java:116) ~[spring-web-7.0.7.jar:7.0.7]
	at org.apache.catalina.core.ApplicationFilterChain.doFilter(ApplicationFilterChain.java:107) ~[tomcat-embed-core-11.0.21.jar:11.0.21]
	at org.springframework.web.filter.CharacterEncodingFilter.doFilterInternal(CharacterEncodingFilter.java:199) ~[spring-web-7.0.7.jar:7.0.7]
	at org.springframework.web.filter.OncePerRequestFilter.doFilter(OncePerRequestFilter.java:116) ~[spring-web-7.0.7.jar:7.0.7]
	at org.apache.catalina.core.ApplicationFilterChain.doFilter(ApplicationFilterChain.java:107) ~[tomcat-embed-core-11.0.21.jar:11.0.21]
	at org.apache.catalina.core.StandardWrapperValve.invoke(StandardWrapperValve.java:165) ~[tomcat-embed-core-11.0.21.jar:11.0.21]
	at org.apache.catalina.core.StandardContextValve.invoke(StandardContextValve.java:77) ~[tomcat-embed-core-11.0.21.jar:11.0.21]
	at org.apache.catalina.authenticator.AuthenticatorBase.invoke(AuthenticatorBase.java:492) ~[tomcat-embed-core-11.0.21.jar:11.0.21]
	at org.apache.catalina.core.StandardHostValve.invoke(StandardHostValve.java:113) ~[tomcat-embed-core-11.0.21.jar:11.0.21]
	at org.apache.catalina.valves.ErrorReportValve.invoke(ErrorReportValve.java:83) ~[tomcat-embed-core-11.0.21.jar:11.0.21]
	at org.apache.catalina.core.StandardEngineValve.invoke(StandardEngineValve.java:72) ~[tomcat-embed-core-11.0.21.jar:11.0.21]
	at org.apache.catalina.connector.CoyoteAdapter.service(CoyoteAdapter.java:341) ~[tomcat-embed-core-11.0.21.jar:11.0.21]
	at org.apache.coyote.http11.Http11Processor.service(Http11Processor.java:397) ~[tomcat-embed-core-11.0.21.jar:11.0.21]
	at org.apache.coyote.AbstractProcessorLight.process(AbstractProcessorLight.java:63) ~[tomcat-embed-core-11.0.21.jar:11.0.21]
	at org.apache.coyote.AbstractProtocol$ConnectionHandler.process(AbstractProtocol.java:903) ~[tomcat-embed-core-11.0.21.jar:11.0.21]
	at org.apache.tomcat.util.net.NioEndpoint$SocketProcessor.doRun(NioEndpoint.java:1801) ~[tomcat-embed-core-11.0.21.jar:11.0.21]
	at org.apache.tomcat.util.net.SocketProcessorBase.run(SocketProcessorBase.java:52) ~[tomcat-embed-core-11.0.21.jar:11.0.21]
	at org.apache.tomcat.util.threads.ThreadPoolExecutor.runWorker(ThreadPoolExecutor.java:946) ~[tomcat-embed-core-11.0.21.jar:11.0.21]
	at org.apache.tomcat.util.threads.ThreadPoolExecutor$Worker.run(ThreadPoolExecutor.java:480) ~[tomcat-embed-core-11.0.21.jar:11.0.21]
	at org.apache.tomcat.util.threads.TaskThread$WrappingRunnable.run(TaskThread.java:57) ~[tomcat-embed-core-11.0.21.jar:11.0.21]
	at java.base/java.lang.Thread.run(Thread.java:1583) ~[na:na]
Caused by: org.hibernate.exception.ConstraintViolationException: could not execute batch [Batch entry 0 insert into processed_stripe_events (event_type,processed_at,event_id) values (('customer.subscription.updated'),('2026-06-14 06:40:42.669638+00'),('evt_1Ti7ioRvatHdxYAokJLQT4DU')) was aborted: ERROR: duplicate key value violates unique constraint "processed_stripe_events_pkey"
  Detail: Key (event_id)=(evt_1Ti7ioRvatHdxYAokJLQT4DU) already exists.  Call getNextException to see other errors in the batch.] [insert into processed_stripe_events (event_type,processed_at,event_id) values (?,?,?)]
	at org.hibernate.exception.internal.SQLStateConversionDelegate.convert(SQLStateConversionDelegate.java:73) ~[hibernate-core-7.2.12.Final.jar:7.2.12.Final]
	at org.hibernate.exception.internal.StandardSQLExceptionConverter.convert(StandardSQLExceptionConverter.java:34) ~[hibernate-core-7.2.12.Final.jar:7.2.12.Final]
	at org.hibernate.engine.jdbc.spi.SqlExceptionHelper.convert(SqlExceptionHelper.java:115) ~[hibernate-core-7.2.12.Final.jar:7.2.12.Final]
	at org.hibernate.engine.jdbc.batch.internal.BatchImpl.lambda$performExecution$0(BatchImpl.java:270) ~[hibernate-core-7.2.12.Final.jar:7.2.12.Final]
	at org.hibernate.engine.jdbc.mutation.internal.PreparedStatementGroupSingleTable.forEachStatement(PreparedStatementGroupSingleTable.java:63) ~[hibernate-core-7.2.12.Final.jar:7.2.12.Final]
	at org.hibernate.engine.jdbc.batch.internal.BatchImpl.performExecution(BatchImpl.java:245) ~[hibernate-core-7.2.12.Final.jar:7.2.12.Final]
	at org.hibernate.engine.jdbc.batch.internal.BatchImpl.execute(BatchImpl.java:224) ~[hibernate-core-7.2.12.Final.jar:7.2.12.Final]
	at org.hibernate.engine.jdbc.internal.JdbcCoordinatorImpl.executeBatch(JdbcCoordinatorImpl.java:194) ~[hibernate-core-7.2.12.Final.jar:7.2.12.Final]
	at org.hibernate.engine.spi.ActionQueue.executeActions(ActionQueue.java:658) ~[hibernate-core-7.2.12.Final.jar:7.2.12.Final]
	at org.hibernate.engine.spi.ActionQueue.executeActions(ActionQueue.java:505) ~[hibernate-core-7.2.12.Final.jar:7.2.12.Final]
	at org.hibernate.event.internal.AbstractFlushingEventListener.performExecutions(AbstractFlushingEventListener.java:381) ~[hibernate-core-7.2.12.Final.jar:7.2.12.Final]
	at org.hibernate.event.internal.DefaultFlushEventListener.onFlush(DefaultFlushEventListener.java:40) ~[hibernate-core-7.2.12.Final.jar:7.2.12.Final]
	at org.hibernate.event.service.internal.EventListenerGroupImpl.fireEventOnEachListener(EventListenerGroupImpl.java:138) ~[hibernate-core-7.2.12.Final.jar:7.2.12.Final]
	at org.hibernate.internal.SessionImpl.fireFlush(SessionImpl.java:1484) ~[hibernate-core-7.2.12.Final.jar:7.2.12.Final]
	at org.hibernate.internal.SessionImpl.managedFlush(SessionImpl.java:481) ~[hibernate-core-7.2.12.Final.jar:7.2.12.Final]
	at org.hibernate.internal.SessionImpl.flushBeforeTransactionCompletion(SessionImpl.java:2111) ~[hibernate-core-7.2.12.Final.jar:7.2.12.Final]
	at org.hibernate.internal.SessionImpl.beforeTransactionCompletion(SessionImpl.java:2033) ~[hibernate-core-7.2.12.Final.jar:7.2.12.Final]
	at org.hibernate.engine.jdbc.internal.JdbcCoordinatorImpl.beforeTransactionCompletion(JdbcCoordinatorImpl.java:410) ~[hibernate-core-7.2.12.Final.jar:7.2.12.Final]
	at org.hibernate.resource.transaction.backend.jdbc.internal.JdbcResourceLocalTransactionCoordinatorImpl.beforeCompletionCallback(JdbcResourceLocalTransactionCoordinatorImpl.java:166) ~[hibernate-core-7.2.12.Final.jar:7.2.12.Final]
	at org.hibernate.resource.transaction.backend.jdbc.internal.JdbcResourceLocalTransactionCoordinatorImpl$TransactionDriverControlImpl.commitNoRollbackOnly(JdbcResourceLocalTransactionCoordinatorImpl.java:248) ~[hibernate-core-7.2.12.Final.jar:7.2.12.Final]
	at org.hibernate.resource.transaction.backend.jdbc.internal.JdbcResourceLocalTransactionCoordinatorImpl$TransactionDriverControlImpl.commit(JdbcResourceLocalTransactionCoordinatorImpl.java:242) ~[hibernate-core-7.2.12.Final.jar:7.2.12.Final]
	at org.hibernate.engine.transaction.internal.TransactionImpl.commit(TransactionImpl.java:89) ~[hibernate-core-7.2.12.Final.jar:7.2.12.Final]
	at org.springframework.orm.jpa.JpaTransactionManager.doCommit(JpaTransactionManager.java:553) ~[spring-orm-7.0.7.jar:7.0.7]
	... 144 common frames omitted
Caused by: java.sql.BatchUpdateException: Batch entry 0 insert into processed_stripe_events (event_type,processed_at,event_id) values (('customer.subscription.updated'),('2026-06-14 06:40:42.669638+00'),('evt_1Ti7ioRvatHdxYAokJLQT4DU')) was aborted: ERROR: duplicate key value violates unique constraint "processed_stripe_events_pkey"
  Detail: Key (event_id)=(evt_1Ti7ioRvatHdxYAokJLQT4DU) already exists.  Call getNextException to see other errors in the batch.
	at org.postgresql.jdbc.BatchResultHandler.handleError(BatchResultHandler.java:165) ~[postgresql-42.7.10.jar:42.7.10]
	at org.postgresql.core.v3.QueryExecutorImpl.processResults(QueryExecutorImpl.java:2561) ~[postgresql-42.7.10.jar:42.7.10]
	at org.postgresql.core.v3.QueryExecutorImpl.execute(QueryExecutorImpl.java:672) ~[postgresql-42.7.10.jar:42.7.10]
	at org.postgresql.jdbc.PgStatement.internalExecuteBatch(PgStatement.java:892) ~[postgresql-42.7.10.jar:42.7.10]
	at org.postgresql.jdbc.PgStatement.executeBatch(PgStatement.java:916) ~[postgresql-42.7.10.jar:42.7.10]
	at org.postgresql.jdbc.PgPreparedStatement.executeBatch(PgPreparedStatement.java:1778) ~[postgresql-42.7.10.jar:42.7.10]
	at com.zaxxer.hikari.pool.ProxyStatement.executeBatch(ProxyStatement.java:128) ~[HikariCP-7.0.2.jar:na]
	at com.zaxxer.hikari.pool.HikariProxyPreparedStatement.executeBatch(HikariProxyPreparedStatement.java) ~[HikariCP-7.0.2.jar:na]
	at org.hibernate.engine.jdbc.batch.internal.BatchImpl.lambda$performExecution$0(BatchImpl.java:256) ~[hibernate-core-7.2.12.Final.jar:7.2.12.Final]
	... 163 common frames omitted
Caused by: org.postgresql.util.PSQLException: ERROR: duplicate key value violates unique constraint "processed_stripe_events_pkey"
  Detail: Key (event_id)=(evt_1Ti7ioRvatHdxYAokJLQT4DU) already exists.
	at org.postgresql.core.v3.QueryExecutorImpl.receiveErrorResponse(QueryExecutorImpl.java:2875) ~[postgresql-42.7.10.jar:42.7.10]
	at org.postgresql.core.v3.QueryExecutorImpl.processResults(QueryExecutorImpl.java:2560) ~[postgresql-42.7.10.jar:42.7.10]
	... 170 common frames omitted

2026-06-14T01:50:09.877-05:00  INFO 50131 --- [backend] [SpringApplicationShutdownHook] [                                                 ] o.s.boot.tomcat.GracefulShutdown         : Commencing graceful shutdown. Waiting for active requests to complete
2026-06-14T01:50:09.884-05:00  INFO 50131 --- [backend] [tomcat-shutdown] [                                                 ] o.s.boot.tomcat.GracefulShutdown         : Graceful shutdown complete
2026-06-14T01:50:09.921-05:00  INFO 50131 --- [backend] [SpringApplicationShutdownHook] [                                                 ] j.LocalContainerEntityManagerFactoryBean : Closing JPA EntityManagerFactory for persistence unit 'default'
2026-06-14T01:50:09.925-05:00  INFO 50131 --- [backend] [SpringApplicationShutdownHook] [                                                 ] com.zaxxer.hikari.HikariDataSource       : HikariPool-1 - Shutdown initiated...
2026-06-14T01:50:10.393-05:00  INFO 50131 --- [backend] [SpringApplicationShutdownHook] [                                                 ] com.zaxxer.hikari.HikariDataSource       : HikariPool-1 - Shutdown completed.
2026-06-14T01:50:13.846-05:00  INFO 51478 --- [backend] [main] [                                                 ] com.nib.backend.BackendApplication       : Starting BackendApplication using Java 21.0.11 with PID 51478 (/Users/rmeji/Desktop/Coding/Nib/backend/target/classes started by rmeji in /Users/rmeji/Desktop/Coding/Nib/backend)
2026-06-14T01:50:13.848-05:00  INFO 51478 --- [backend] [main] [                                                 ] com.nib.backend.BackendApplication       : The following 1 profile is active: "dev"
2026-06-14T01:50:14.436-05:00  INFO 51478 --- [backend] [main] [                                                 ] .s.d.r.c.RepositoryConfigurationDelegate : Multiple Spring Data modules found, entering strict repository configuration mode
2026-06-14T01:50:14.437-05:00  INFO 51478 --- [backend] [main] [                                                 ] .s.d.r.c.RepositoryConfigurationDelegate : Bootstrapping Spring Data JPA repositories in DEFAULT mode.
2026-06-14T01:50:14.523-05:00  INFO 51478 --- [backend] [main] [                                                 ] .s.d.r.c.RepositoryConfigurationDelegate : Finished Spring Data repository scanning in 82 ms. Found 11 JPA repository interfaces.
2026-06-14T01:50:14.883-05:00  INFO 51478 --- [backend] [main] [                                                 ] o.s.boot.tomcat.TomcatWebServer          : Tomcat initialized with port 8080 (http)
2026-06-14T01:50:14.892-05:00  INFO 51478 --- [backend] [main] [                                                 ] o.apache.catalina.core.StandardService   : Starting service [Tomcat]
2026-06-14T01:50:14.892-05:00  INFO 51478 --- [backend] [main] [                                                 ] o.apache.catalina.core.StandardEngine    : Starting Servlet engine: [Apache Tomcat/11.0.21]
2026-06-14T01:50:14.923-05:00  INFO 51478 --- [backend] [main] [                                                 ] b.w.c.s.WebApplicationContextInitializer : Root WebApplicationContext: initialization completed in 1054 ms
2026-06-14T01:50:14.997-05:00  INFO 51478 --- [backend] [main] [                                                 ] org.hibernate.orm.jpa                    : HHH008540: Processing PersistenceUnitInfo [name: default]
2026-06-14T01:50:15.028-05:00  INFO 51478 --- [backend] [main] [                                                 ] org.hibernate.orm.core                   : HHH000001: Hibernate ORM core version 7.2.12.Final
2026-06-14T01:50:15.258-05:00  INFO 51478 --- [backend] [main] [                                                 ] o.s.o.j.p.SpringPersistenceUnitInfo      : No LoadTimeWeaver setup: ignoring JPA class transformer
2026-06-14T01:50:15.276-05:00  INFO 51478 --- [backend] [main] [                                                 ] com.zaxxer.hikari.HikariDataSource       : HikariPool-1 - Starting...
2026-06-14T01:50:15.917-05:00  INFO 51478 --- [backend] [main] [                                                 ] com.zaxxer.hikari.pool.HikariPool        : HikariPool-1 - Added connection org.postgresql.jdbc.PgConnection@57abe94d
2026-06-14T01:50:15.917-05:00  INFO 51478 --- [backend] [main] [                                                 ] com.zaxxer.hikari.HikariDataSource       : HikariPool-1 - Start completed.
2026-06-14T01:50:16.753-05:00  INFO 51478 --- [backend] [main] [                                                 ] org.hibernate.orm.core                   : HHH000489: No JTA platform available (set 'hibernate.transaction.jta.platform' to enable JTA platform integration)
2026-06-14T01:50:16.754-05:00  INFO 51478 --- [backend] [main] [                                                 ] org.hibernate.orm.jdbc.batch             : HHH100501: Automatic JDBC statement batching enabled (maximum batch size 50)
2026-06-14T01:50:17.603-05:00  INFO 51478 --- [backend] [main] [                                                 ] j.LocalContainerEntityManagerFactoryBean : Initialized JPA EntityManagerFactory for persistence unit 'default'
2026-06-14T01:50:17.668-05:00  INFO 51478 --- [backend] [main] [                                                 ] o.s.d.j.r.query.QueryEnhancerFactories   : Hibernate is in classpath; If applicable, HQL parser will be used.
2026-06-14T01:50:18.049-05:00 ERROR 51478 --- [backend] [main] [                                                 ] i.n.r.d.DnsServerAddressStreamProviders  : Unable to load io.netty.resolver.dns.macos.MacOSDnsServerAddressStreamProvider, fallback to system defaults. This may result in incorrect DNS resolutions on MacOS. Check whether you have a dependency on 'io.netty:netty-resolver-dns-native-macos'. Use DEBUG level to see the full stack: java.lang.UnsatisfiedLinkError: failed to load the required native library
2026-06-14T01:50:18.449-05:00  INFO 51478 --- [backend] [main] [                                                 ] o.s.boot.web.servlet.RegistrationBean    : Filter apiRateLimitFilterRegistration was not registered (disabled)
2026-06-14T01:50:18.546-05:00  INFO 51478 --- [backend] [main] [                                                 ] eAuthenticationProviderManagerConfigurer : Global AuthenticationManager configured with AuthenticationProvider bean with name authenticationProvider
2026-06-14T01:50:19.582-05:00  INFO 51478 --- [backend] [main] [                                                 ] o.s.b.a.e.web.EndpointLinksResolver      : Exposing 4 endpoints beneath base path '/actuator'
2026-06-14T01:50:19.637-05:00  INFO 51478 --- [backend] [main] [                                                 ] o.s.boot.tomcat.TomcatWebServer          : Tomcat started on port 8080 (http) with context path '/'
2026-06-14T01:50:19.645-05:00  INFO 51478 --- [backend] [main] [                                                 ] com.nib.backend.BackendApplication       : Started BackendApplication in 6.016 seconds (process running for 6.212)
2026-06-14T01:50:19.686-05:00  INFO 51478 --- [backend] [main] [                                                 ] c.n.b.config.DatabaseMigrationRunner     : Running idempotent database migrations...
2026-06-14T01:50:20.417-05:00  INFO 51478 --- [backend] [main] [                                                 ] c.n.b.config.DatabaseMigrationRunner     : tsvector column, GIN index, and auto-populate trigger verified on content_blocks
2026-06-14T01:50:20.622-05:00  INFO 51478 --- [backend] [main] [                                                 ] c.n.b.config.DatabaseMigrationRunner     : Partial-ingestion warning columns verified on ingestion_jobs
2026-06-14T01:50:20.705-05:00  INFO 51478 --- [backend] [main] [                                                 ] c.n.b.config.DatabaseMigrationRunner     : Structured visual evidence columns verified on content_blocks
2026-06-14T01:50:20.829-05:00  INFO 51478 --- [backend] [main] [                                                 ] c.n.b.config.DatabaseMigrationRunner     : Answer audit table verified
2026-06-14T01:50:20.949-05:00  INFO 51478 --- [backend] [main] [                                                 ] c.n.b.config.DatabaseMigrationRunner     : Chat message feedback table verified
2026-06-14T01:50:21.145-05:00  INFO 51478 --- [backend] [main] [                                                 ] c.n.b.config.DatabaseMigrationRunner     : Semantic cache tables verified
2026-06-14T01:50:21.262-05:00  INFO 51478 --- [backend] [main] [                                                 ] c.n.b.config.DatabaseMigrationRunner     : Cost usage telemetry table verified
2026-06-14T01:50:21.263-05:00  INFO 51478 --- [backend] [main] [                                                 ] c.n.b.config.DatabaseMigrationRunner     : Database migrations complete.
2026-06-14T01:50:31.238-05:00  INFO 51478 --- [backend] [http-nio-8080-exec-1] [                                                 ] o.a.c.c.C.[Tomcat].[localhost].[/]       : Initializing Spring DispatcherServlet 'dispatcherServlet'
2026-06-14T01:50:31.239-05:00  INFO 51478 --- [backend] [http-nio-8080-exec-1] [                                                 ] o.s.web.servlet.DispatcherServlet        : Initializing Servlet 'dispatcherServlet'
2026-06-14T01:50:31.244-05:00  INFO 51478 --- [backend] [http-nio-8080-exec-1] [                                                 ] o.s.web.servlet.DispatcherServlet        : Completed initialization in 5 ms
2026-06-14T01:50:32.585-05:00  INFO 51478 --- [backend] [http-nio-8080-exec-1] [efbba365c1304f82dec92c7262c38147-630cde9359c7b5c7] com.nib.backend.service.StripeService    : Scheduled cancellation for user 3a21ae4c-87ed-4a47-bd83-65f40154e448 at 2026-07-14T06:23:09Z
2026-06-14T01:50:32.966-05:00  INFO 51478 --- [backend] [http-nio-8080-exec-3] [47ddd56342cf0f4ad1573548cb39cbd4-0cae0757cb069018] com.nib.backend.service.StripeService    : Subscription updated for user 3a21ae4c-87ed-4a47-bd83-65f40154e448 — status active, cancelAtPeriodEnd true
2026-06-14T01:50:32.966-05:00  INFO 51478 --- [backend] [http-nio-8080-exec-4] [37c453e32f7f4d5cbb11f556cc9bc0dd-77866707dd69bf58] com.nib.backend.service.StripeService    : Subscription updated for user 3a21ae4c-87ed-4a47-bd83-65f40154e448 — status active, cancelAtPeriodEnd true
2026-06-14T01:50:33.105-05:00  INFO 51478 --- [backend] [http-nio-8080-exec-4] [37c453e32f7f4d5cbb11f556cc9bc0dd-77866707dd69bf58] org.hibernate.orm.jdbc.batch             : HHH100503: JDBC batch still contained JDBC statements on release
2026-06-14T01:50:33.107-05:00  WARN 51478 --- [backend] [http-nio-8080-exec-4] [37c453e32f7f4d5cbb11f556cc9bc0dd-77866707dd69bf58] org.hibernate.orm.jdbc.error             : HHH000247: ErrorCode: 0, SQLState: 23505
2026-06-14T01:50:33.107-05:00  WARN 51478 --- [backend] [http-nio-8080-exec-4] [37c453e32f7f4d5cbb11f556cc9bc0dd-77866707dd69bf58] org.hibernate.orm.jdbc.error             : Batch entry 0 insert into processed_stripe_events (event_type,processed_at,event_id) values (('customer.subscription.updated'),('2026-06-14 06:50:32.966718+00'),('evt_1Ti7sKRvatHdxYAoELtCOEC0')) was aborted: ERROR: duplicate key value violates unique constraint "processed_stripe_events_pkey"
  Detail: Key (event_id)=(evt_1Ti7sKRvatHdxYAoELtCOEC0) already exists.  Call getNextException to see other errors in the batch.
2026-06-14T01:50:33.107-05:00  WARN 51478 --- [backend] [http-nio-8080-exec-4] [37c453e32f7f4d5cbb11f556cc9bc0dd-77866707dd69bf58] org.hibernate.orm.jdbc.error             : HHH000247: ErrorCode: 0, SQLState: 23505
2026-06-14T01:50:33.107-05:00  WARN 51478 --- [backend] [http-nio-8080-exec-4] [37c453e32f7f4d5cbb11f556cc9bc0dd-77866707dd69bf58] org.hibernate.orm.jdbc.error             : Batch entry 0 insert into processed_stripe_events (event_type,processed_at,event_id) values (('customer.subscription.updated'),('2026-06-14 06:50:32.966718+00'),('evt_1Ti7sKRvatHdxYAoELtCOEC0')) was aborted: ERROR: duplicate key value violates unique constraint "processed_stripe_events_pkey"
  Detail: Key (event_id)=(evt_1Ti7sKRvatHdxYAoELtCOEC0) already exists.  Call getNextException to see other errors in the batch.
2026-06-14T01:50:33.156-05:00 ERROR 51478 --- [backend] [http-nio-8080-exec-4] [37c453e32f7f4d5cbb11f556cc9bc0dd-77866707dd69bf58] c.n.backend.controller.StripeController  : Webhook processing failed

org.springframework.dao.DataIntegrityViolationException: could not execute batch [Batch entry 0 insert into processed_stripe_events (event_type,processed_at,event_id) values (('customer.subscription.updated'),('2026-06-14 06:50:32.966718+00'),('evt_1Ti7sKRvatHdxYAoELtCOEC0')) was aborted: ERROR: duplicate key value violates unique constraint "processed_stripe_events_pkey"
  Detail: Key (event_id)=(evt_1Ti7sKRvatHdxYAoELtCOEC0) already exists.  Call getNextException to see other errors in the batch.] [insert into processed_stripe_events (event_type,processed_at,event_id) values (?,?,?)]; SQL [insert into processed_stripe_events (event_type,processed_at,event_id) values (?,?,?)]; constraint [processed_stripe_events_pkey]
	at org.springframework.orm.jpa.hibernate.HibernateExceptionTranslator.convertHibernateAccessException(HibernateExceptionTranslator.java:169) ~[spring-orm-7.0.7.jar:7.0.7]
	at org.springframework.orm.jpa.hibernate.HibernateExceptionTranslator.convertHibernateAccessException(HibernateExceptionTranslator.java:131) ~[spring-orm-7.0.7.jar:7.0.7]
	at org.springframework.orm.jpa.hibernate.HibernateExceptionTranslator.translateExceptionIfPossible(HibernateExceptionTranslator.java:105) ~[spring-orm-7.0.7.jar:7.0.7]
	at org.springframework.orm.jpa.vendor.HibernateJpaDialect.translateExceptionIfPossible(HibernateJpaDialect.java:223) ~[spring-orm-7.0.7.jar:7.0.7]
	at org.springframework.orm.jpa.JpaTransactionManager.doCommit(JpaTransactionManager.java:557) ~[spring-orm-7.0.7.jar:7.0.7]
	at org.springframework.transaction.support.AbstractPlatformTransactionManager.processCommit(AbstractPlatformTransactionManager.java:794) ~[spring-tx-7.0.7.jar:7.0.7]
	at org.springframework.transaction.support.AbstractPlatformTransactionManager.commit(AbstractPlatformTransactionManager.java:757) ~[spring-tx-7.0.7.jar:7.0.7]
	at org.springframework.transaction.interceptor.TransactionAspectSupport.commitTransactionAfterReturning(TransactionAspectSupport.java:687) ~[spring-tx-7.0.7.jar:7.0.7]
	at org.springframework.transaction.interceptor.TransactionAspectSupport.invokeWithinTransaction(TransactionAspectSupport.java:408) ~[spring-tx-7.0.7.jar:7.0.7]
	at org.springframework.transaction.interceptor.TransactionInterceptor.invoke(TransactionInterceptor.java:130) ~[spring-tx-7.0.7.jar:7.0.7]
	at org.springframework.aop.framework.ReflectiveMethodInvocation.proceed(ReflectiveMethodInvocation.java:179) ~[spring-aop-7.0.7.jar:7.0.7]
	at org.springframework.aop.framework.CglibAopProxy$DynamicAdvisedInterceptor.intercept(CglibAopProxy.java:719) ~[spring-aop-7.0.7.jar:7.0.7]
	at com.nib.backend.service.StripeService$$SpringCGLIB$$0.handleWebhook(<generated>) ~[classes/:na]
	at com.nib.backend.controller.StripeController.handleWebhook(StripeController.java:88) ~[classes/:na]
	at java.base/jdk.internal.reflect.DirectMethodHandleAccessor.invoke(DirectMethodHandleAccessor.java:103) ~[na:na]
	at java.base/java.lang.reflect.Method.invoke(Method.java:580) ~[na:na]
	at org.springframework.web.method.support.InvocableHandlerMethod.doInvoke(InvocableHandlerMethod.java:252) ~[spring-web-7.0.7.jar:7.0.7]
	at org.springframework.web.method.support.InvocableHandlerMethod.invokeForRequest(InvocableHandlerMethod.java:184) ~[spring-web-7.0.7.jar:7.0.7]
	at org.springframework.web.servlet.mvc.method.annotation.ServletInvocableHandlerMethod.invokeAndHandle(ServletInvocableHandlerMethod.java:117) ~[spring-webmvc-7.0.7.jar:7.0.7]
	at org.springframework.web.servlet.mvc.method.annotation.RequestMappingHandlerAdapter.invokeHandlerMethod(RequestMappingHandlerAdapter.java:934) ~[spring-webmvc-7.0.7.jar:7.0.7]
	at org.springframework.web.servlet.mvc.method.annotation.RequestMappingHandlerAdapter.handleInternal(RequestMappingHandlerAdapter.java:853) ~[spring-webmvc-7.0.7.jar:7.0.7]
	at org.springframework.web.servlet.mvc.method.AbstractHandlerMethodAdapter.handle(AbstractHandlerMethodAdapter.java:86) ~[spring-webmvc-7.0.7.jar:7.0.7]
	at org.springframework.web.servlet.DispatcherServlet.doDispatch(DispatcherServlet.java:963) ~[spring-webmvc-7.0.7.jar:7.0.7]
	at org.springframework.web.servlet.DispatcherServlet.doService(DispatcherServlet.java:866) ~[spring-webmvc-7.0.7.jar:7.0.7]
	at org.springframework.web.servlet.FrameworkServlet.processRequest(FrameworkServlet.java:1000) ~[spring-webmvc-7.0.7.jar:7.0.7]
	at org.springframework.web.servlet.FrameworkServlet.doPost(FrameworkServlet.java:903) ~[spring-webmvc-7.0.7.jar:7.0.7]
	at jakarta.servlet.http.HttpServlet.service(HttpServlet.java:649) ~[tomcat-embed-core-11.0.21.jar:6.1]
	at org.springframework.web.servlet.FrameworkServlet.service(FrameworkServlet.java:874) ~[spring-webmvc-7.0.7.jar:7.0.7]
	at jakarta.servlet.http.HttpServlet.service(HttpServlet.java:710) ~[tomcat-embed-core-11.0.21.jar:6.1]
	at org.apache.catalina.core.ApplicationFilterChain.doFilter(ApplicationFilterChain.java:128) ~[tomcat-embed-core-11.0.21.jar:11.0.21]
	at org.apache.tomcat.websocket.server.WsFilter.doFilter(WsFilter.java:53) ~[tomcat-embed-websocket-11.0.21.jar:11.0.21]
	at org.apache.catalina.core.ApplicationFilterChain.doFilter(ApplicationFilterChain.java:107) ~[tomcat-embed-core-11.0.21.jar:11.0.21]
	at org.springframework.web.filter.OncePerRequestFilter.doFilter(OncePerRequestFilter.java:110) ~[spring-web-7.0.7.jar:7.0.7]
	at org.apache.catalina.core.ApplicationFilterChain.doFilter(ApplicationFilterChain.java:107) ~[tomcat-embed-core-11.0.21.jar:11.0.21]
	at com.nib.backend.config.MdcLoggingFilter.doFilterInternal(MdcLoggingFilter.java:57) ~[classes/:na]
	at org.springframework.web.filter.OncePerRequestFilter.doFilter(OncePerRequestFilter.java:116) ~[spring-web-7.0.7.jar:7.0.7]
	at org.apache.catalina.core.ApplicationFilterChain.doFilter(ApplicationFilterChain.java:107) ~[tomcat-embed-core-11.0.21.jar:11.0.21]
	at org.springframework.web.filter.CompositeFilter$VirtualFilterChain.doFilter(CompositeFilter.java:108) ~[spring-web-7.0.7.jar:7.0.7]
	at org.springframework.security.web.FilterChainProxy.lambda$doFilterInternal$3(FilterChainProxy.java:235) ~[spring-security-web-7.0.5.jar:7.0.5]
	at org.springframework.security.web.ObservationFilterChainDecorator$FilterObservation$SimpleFilterObservation.lambda$wrap$1(ObservationFilterChainDecorator.java:493) ~[spring-security-web-7.0.5.jar:7.0.5]
	at org.springframework.security.web.ObservationFilterChainDecorator$AroundFilterObservation$SimpleAroundFilterObservation.lambda$wrap$1(ObservationFilterChainDecorator.java:354) ~[spring-security-web-7.0.5.jar:7.0.5]
	at org.springframework.security.web.ObservationFilterChainDecorator.lambda$wrapSecured$0(ObservationFilterChainDecorator.java:86) ~[spring-security-web-7.0.5.jar:7.0.5]
	at org.springframework.security.web.ObservationFilterChainDecorator$VirtualFilterChain.doFilter(ObservationFilterChainDecorator.java:132) ~[spring-security-web-7.0.5.jar:7.0.5]
	at org.springframework.security.web.access.intercept.AuthorizationFilter.doFilter(AuthorizationFilter.java:101) ~[spring-security-web-7.0.5.jar:7.0.5]
	at org.springframework.security.web.ObservationFilterChainDecorator$ObservationFilter.wrapFilter(ObservationFilterChainDecorator.java:244) ~[spring-security-web-7.0.5.jar:7.0.5]
	at org.springframework.security.web.ObservationFilterChainDecorator$ObservationFilter.doFilter(ObservationFilterChainDecorator.java:231) ~[spring-security-web-7.0.5.jar:7.0.5]
	at org.springframework.security.web.ObservationFilterChainDecorator$VirtualFilterChain.doFilter(ObservationFilterChainDecorator.java:141) ~[spring-security-web-7.0.5.jar:7.0.5]
	at org.springframework.security.web.access.ExceptionTranslationFilter.doFilter(ExceptionTranslationFilter.java:126) ~[spring-security-web-7.0.5.jar:7.0.5]
	at org.springframework.security.web.access.ExceptionTranslationFilter.doFilter(ExceptionTranslationFilter.java:120) ~[spring-security-web-7.0.5.jar:7.0.5]
	at org.springframework.security.web.ObservationFilterChainDecorator$ObservationFilter.wrapFilter(ObservationFilterChainDecorator.java:244) ~[spring-security-web-7.0.5.jar:7.0.5]
	at org.springframework.security.web.ObservationFilterChainDecorator$ObservationFilter.doFilter(ObservationFilterChainDecorator.java:231) ~[spring-security-web-7.0.5.jar:7.0.5]
	at org.springframework.security.web.ObservationFilterChainDecorator$VirtualFilterChain.doFilter(ObservationFilterChainDecorator.java:141) ~[spring-security-web-7.0.5.jar:7.0.5]
	at org.springframework.security.web.session.SessionManagementFilter.doFilter(SessionManagementFilter.java:132) ~[spring-security-web-7.0.5.jar:7.0.5]
	at org.springframework.security.web.session.SessionManagementFilter.doFilter(SessionManagementFilter.java:86) ~[spring-security-web-7.0.5.jar:7.0.5]
	at org.springframework.security.web.ObservationFilterChainDecorator$ObservationFilter.wrapFilter(ObservationFilterChainDecorator.java:244) ~[spring-security-web-7.0.5.jar:7.0.5]
	at org.springframework.security.web.ObservationFilterChainDecorator$ObservationFilter.doFilter(ObservationFilterChainDecorator.java:231) ~[spring-security-web-7.0.5.jar:7.0.5]
	at org.springframework.security.web.ObservationFilterChainDecorator$VirtualFilterChain.doFilter(ObservationFilterChainDecorator.java:141) ~[spring-security-web-7.0.5.jar:7.0.5]
	at org.springframework.security.web.authentication.AnonymousAuthenticationFilter.doFilter(AnonymousAuthenticationFilter.java:100) ~[spring-security-web-7.0.5.jar:7.0.5]
	at org.springframework.security.web.ObservationFilterChainDecorator$ObservationFilter.wrapFilter(ObservationFilterChainDecorator.java:244) ~[spring-security-web-7.0.5.jar:7.0.5]
	at org.springframework.security.web.ObservationFilterChainDecorator$ObservationFilter.doFilter(ObservationFilterChainDecorator.java:231) ~[spring-security-web-7.0.5.jar:7.0.5]
	at org.springframework.security.web.ObservationFilterChainDecorator$VirtualFilterChain.doFilter(ObservationFilterChainDecorator.java:141) ~[spring-security-web-7.0.5.jar:7.0.5]
	at org.springframework.security.web.servletapi.SecurityContextHolderAwareRequestFilter.doFilter(SecurityContextHolderAwareRequestFilter.java:181) ~[spring-security-web-7.0.5.jar:7.0.5]
	at org.springframework.security.web.ObservationFilterChainDecorator$ObservationFilter.wrapFilter(ObservationFilterChainDecorator.java:244) ~[spring-security-web-7.0.5.jar:7.0.5]
	at org.springframework.security.web.ObservationFilterChainDecorator$ObservationFilter.doFilter(ObservationFilterChainDecorator.java:231) ~[spring-security-web-7.0.5.jar:7.0.5]
	at org.springframework.security.web.ObservationFilterChainDecorator$VirtualFilterChain.doFilter(ObservationFilterChainDecorator.java:141) ~[spring-security-web-7.0.5.jar:7.0.5]
	at org.springframework.security.web.savedrequest.RequestCacheAwareFilter.doFilter(RequestCacheAwareFilter.java:63) ~[spring-security-web-7.0.5.jar:7.0.5]
	at org.springframework.security.web.ObservationFilterChainDecorator$ObservationFilter.wrapFilter(ObservationFilterChainDecorator.java:244) ~[spring-security-web-7.0.5.jar:7.0.5]
	at org.springframework.security.web.ObservationFilterChainDecorator$ObservationFilter.doFilter(ObservationFilterChainDecorator.java:231) ~[spring-security-web-7.0.5.jar:7.0.5]
	at org.springframework.security.web.ObservationFilterChainDecorator$VirtualFilterChain.doFilter(ObservationFilterChainDecorator.java:141) ~[spring-security-web-7.0.5.jar:7.0.5]
	at com.nib.backend.config.ApiRateLimitFilter.doFilterInternal(ApiRateLimitFilter.java:43) ~[classes/:na]
	at org.springframework.web.filter.OncePerRequestFilter.doFilter(OncePerRequestFilter.java:116) ~[spring-web-7.0.7.jar:7.0.7]
	at org.springframework.security.web.ObservationFilterChainDecorator$ObservationFilter.wrapFilter(ObservationFilterChainDecorator.java:244) ~[spring-security-web-7.0.5.jar:7.0.5]
	at org.springframework.security.web.ObservationFilterChainDecorator$ObservationFilter.doFilter(ObservationFilterChainDecorator.java:231) ~[spring-security-web-7.0.5.jar:7.0.5]
	at org.springframework.security.web.ObservationFilterChainDecorator$VirtualFilterChain.doFilter(ObservationFilterChainDecorator.java:141) ~[spring-security-web-7.0.5.jar:7.0.5]
	at com.nib.backend.config.JwtAuthFilter.doFilterInternal(JwtAuthFilter.java:38) ~[classes/:na]
	at org.springframework.web.filter.OncePerRequestFilter.doFilter(OncePerRequestFilter.java:116) ~[spring-web-7.0.7.jar:7.0.7]
	at org.springframework.security.web.ObservationFilterChainDecorator$ObservationFilter.wrapFilter(ObservationFilterChainDecorator.java:244) ~[spring-security-web-7.0.5.jar:7.0.5]
	at org.springframework.security.web.ObservationFilterChainDecorator$ObservationFilter.doFilter(ObservationFilterChainDecorator.java:231) ~[spring-security-web-7.0.5.jar:7.0.5]
	at org.springframework.security.web.ObservationFilterChainDecorator$VirtualFilterChain.doFilter(ObservationFilterChainDecorator.java:141) ~[spring-security-web-7.0.5.jar:7.0.5]
	at org.springframework.security.web.authentication.logout.LogoutFilter.doFilter(LogoutFilter.java:110) ~[spring-security-web-7.0.5.jar:7.0.5]
	at org.springframework.security.web.authentication.logout.LogoutFilter.doFilter(LogoutFilter.java:96) ~[spring-security-web-7.0.5.jar:7.0.5]
	at org.springframework.security.web.ObservationFilterChainDecorator$ObservationFilter.wrapFilter(ObservationFilterChainDecorator.java:244) ~[spring-security-web-7.0.5.jar:7.0.5]
	at org.springframework.security.web.ObservationFilterChainDecorator$ObservationFilter.doFilter(ObservationFilterChainDecorator.java:231) ~[spring-security-web-7.0.5.jar:7.0.5]
	at org.springframework.security.web.ObservationFilterChainDecorator$VirtualFilterChain.doFilter(ObservationFilterChainDecorator.java:141) ~[spring-security-web-7.0.5.jar:7.0.5]
	at org.springframework.web.filter.CorsFilter.doFilterInternal(CorsFilter.java:91) ~[spring-web-7.0.7.jar:7.0.7]
	at org.springframework.web.filter.OncePerRequestFilter.doFilter(OncePerRequestFilter.java:116) ~[spring-web-7.0.7.jar:7.0.7]
	at org.springframework.security.web.ObservationFilterChainDecorator$ObservationFilter.wrapFilter(ObservationFilterChainDecorator.java:244) ~[spring-security-web-7.0.5.jar:7.0.5]
	at org.springframework.security.web.ObservationFilterChainDecorator$ObservationFilter.doFilter(ObservationFilterChainDecorator.java:231) ~[spring-security-web-7.0.5.jar:7.0.5]
	at org.springframework.security.web.ObservationFilterChainDecorator$VirtualFilterChain.doFilter(ObservationFilterChainDecorator.java:141) ~[spring-security-web-7.0.5.jar:7.0.5]
	at org.springframework.security.web.header.HeaderWriterFilter.doHeadersAfter(HeaderWriterFilter.java:90) ~[spring-security-web-7.0.5.jar:7.0.5]
	at org.springframework.security.web.header.HeaderWriterFilter.doFilterInternal(HeaderWriterFilter.java:75) ~[spring-security-web-7.0.5.jar:7.0.5]
	at org.springframework.web.filter.OncePerRequestFilter.doFilter(OncePerRequestFilter.java:116) ~[spring-web-7.0.7.jar:7.0.7]
	at org.springframework.security.web.ObservationFilterChainDecorator$ObservationFilter.wrapFilter(ObservationFilterChainDecorator.java:244) ~[spring-security-web-7.0.5.jar:7.0.5]
	at org.springframework.security.web.ObservationFilterChainDecorator$ObservationFilter.doFilter(ObservationFilterChainDecorator.java:231) ~[spring-security-web-7.0.5.jar:7.0.5]
	at org.springframework.security.web.ObservationFilterChainDecorator$VirtualFilterChain.doFilter(ObservationFilterChainDecorator.java:141) ~[spring-security-web-7.0.5.jar:7.0.5]
	at org.springframework.security.web.context.SecurityContextHolderFilter.doFilter(SecurityContextHolderFilter.java:82) ~[spring-security-web-7.0.5.jar:7.0.5]
	at org.springframework.security.web.context.SecurityContextHolderFilter.doFilter(SecurityContextHolderFilter.java:69) ~[spring-security-web-7.0.5.jar:7.0.5]
	at org.springframework.security.web.ObservationFilterChainDecorator$ObservationFilter.wrapFilter(ObservationFilterChainDecorator.java:244) ~[spring-security-web-7.0.5.jar:7.0.5]
	at org.springframework.security.web.ObservationFilterChainDecorator$ObservationFilter.doFilter(ObservationFilterChainDecorator.java:231) ~[spring-security-web-7.0.5.jar:7.0.5]
	at org.springframework.security.web.ObservationFilterChainDecorator$VirtualFilterChain.doFilter(ObservationFilterChainDecorator.java:141) ~[spring-security-web-7.0.5.jar:7.0.5]
	at org.springframework.security.web.context.request.async.WebAsyncManagerIntegrationFilter.doFilterInternal(WebAsyncManagerIntegrationFilter.java:62) ~[spring-security-web-7.0.5.jar:7.0.5]
	at org.springframework.web.filter.OncePerRequestFilter.doFilter(OncePerRequestFilter.java:116) ~[spring-web-7.0.7.jar:7.0.7]
	at org.springframework.security.web.ObservationFilterChainDecorator$ObservationFilter.wrapFilter(ObservationFilterChainDecorator.java:244) ~[spring-security-web-7.0.5.jar:7.0.5]
	at org.springframework.security.web.ObservationFilterChainDecorator$ObservationFilter.doFilter(ObservationFilterChainDecorator.java:231) ~[spring-security-web-7.0.5.jar:7.0.5]
	at org.springframework.security.web.ObservationFilterChainDecorator$VirtualFilterChain.doFilter(ObservationFilterChainDecorator.java:141) ~[spring-security-web-7.0.5.jar:7.0.5]
	at org.springframework.security.web.session.DisableEncodeUrlFilter.doFilterInternal(DisableEncodeUrlFilter.java:42) ~[spring-security-web-7.0.5.jar:7.0.5]
	at org.springframework.web.filter.OncePerRequestFilter.doFilter(OncePerRequestFilter.java:116) ~[spring-web-7.0.7.jar:7.0.7]
	at org.springframework.security.web.ObservationFilterChainDecorator$ObservationFilter.wrapFilter(ObservationFilterChainDecorator.java:244) ~[spring-security-web-7.0.5.jar:7.0.5]
	at org.springframework.security.web.ObservationFilterChainDecorator$AroundFilterObservation$SimpleAroundFilterObservation.lambda$wrap$0(ObservationFilterChainDecorator.java:337) ~[spring-security-web-7.0.5.jar:7.0.5]
	at org.springframework.security.web.ObservationFilterChainDecorator$ObservationFilter.doFilter(ObservationFilterChainDecorator.java:228) ~[spring-security-web-7.0.5.jar:7.0.5]
	at org.springframework.security.web.ObservationFilterChainDecorator$VirtualFilterChain.doFilter(ObservationFilterChainDecorator.java:141) ~[spring-security-web-7.0.5.jar:7.0.5]
	at org.springframework.security.web.FilterChainProxy.doFilterInternal(FilterChainProxy.java:237) ~[spring-security-web-7.0.5.jar:7.0.5]
	at org.springframework.security.web.FilterChainProxy.doFilter(FilterChainProxy.java:195) ~[spring-security-web-7.0.5.jar:7.0.5]
	at org.springframework.web.filter.CompositeFilter$VirtualFilterChain.doFilter(CompositeFilter.java:113) ~[spring-web-7.0.7.jar:7.0.7]
	at org.springframework.web.filter.ServletRequestPathFilter.doFilter(ServletRequestPathFilter.java:52) ~[spring-web-7.0.7.jar:7.0.7]
	at org.springframework.web.filter.CompositeFilter$VirtualFilterChain.doFilter(CompositeFilter.java:113) ~[spring-web-7.0.7.jar:7.0.7]
	at org.springframework.web.filter.CompositeFilter.doFilter(CompositeFilter.java:74) ~[spring-web-7.0.7.jar:7.0.7]
	at org.springframework.security.config.annotation.web.configuration.WebSecurityConfiguration$CompositeFilterChainProxy.doFilter(WebSecurityConfiguration.java:317) ~[spring-security-config-7.0.5.jar:7.0.5]
	at org.springframework.web.filter.DelegatingFilterProxy.invokeDelegate(DelegatingFilterProxy.java:355) ~[spring-web-7.0.7.jar:7.0.7]
	at org.springframework.web.filter.DelegatingFilterProxy.doFilter(DelegatingFilterProxy.java:272) ~[spring-web-7.0.7.jar:7.0.7]
	at org.apache.catalina.core.ApplicationFilterChain.doFilter(ApplicationFilterChain.java:107) ~[tomcat-embed-core-11.0.21.jar:11.0.21]
	at org.springframework.web.filter.RequestContextFilter.doFilterInternal(RequestContextFilter.java:100) ~[spring-web-7.0.7.jar:7.0.7]
	at org.springframework.web.filter.OncePerRequestFilter.doFilter(OncePerRequestFilter.java:116) ~[spring-web-7.0.7.jar:7.0.7]
	at org.apache.catalina.core.ApplicationFilterChain.doFilter(ApplicationFilterChain.java:107) ~[tomcat-embed-core-11.0.21.jar:11.0.21]
	at org.springframework.web.filter.FormContentFilter.doFilterInternal(FormContentFilter.java:93) ~[spring-web-7.0.7.jar:7.0.7]
	at org.springframework.web.filter.OncePerRequestFilter.doFilter(OncePerRequestFilter.java:116) ~[spring-web-7.0.7.jar:7.0.7]
	at org.apache.catalina.core.ApplicationFilterChain.doFilter(ApplicationFilterChain.java:107) ~[tomcat-embed-core-11.0.21.jar:11.0.21]
	at org.springframework.web.filter.ServerHttpObservationFilter.doFilterInternal(ServerHttpObservationFilter.java:110) ~[spring-web-7.0.7.jar:7.0.7]
	at org.springframework.web.filter.OncePerRequestFilter.doFilter(OncePerRequestFilter.java:116) ~[spring-web-7.0.7.jar:7.0.7]
	at org.apache.catalina.core.ApplicationFilterChain.doFilter(ApplicationFilterChain.java:107) ~[tomcat-embed-core-11.0.21.jar:11.0.21]
	at org.springframework.web.filter.CharacterEncodingFilter.doFilterInternal(CharacterEncodingFilter.java:199) ~[spring-web-7.0.7.jar:7.0.7]
	at org.springframework.web.filter.OncePerRequestFilter.doFilter(OncePerRequestFilter.java:116) ~[spring-web-7.0.7.jar:7.0.7]
	at org.apache.catalina.core.ApplicationFilterChain.doFilter(ApplicationFilterChain.java:107) ~[tomcat-embed-core-11.0.21.jar:11.0.21]
	at org.apache.catalina.core.StandardWrapperValve.invoke(StandardWrapperValve.java:165) ~[tomcat-embed-core-11.0.21.jar:11.0.21]
	at org.apache.catalina.core.StandardContextValve.invoke(StandardContextValve.java:77) ~[tomcat-embed-core-11.0.21.jar:11.0.21]
	at org.apache.catalina.authenticator.AuthenticatorBase.invoke(AuthenticatorBase.java:492) ~[tomcat-embed-core-11.0.21.jar:11.0.21]
	at org.apache.catalina.core.StandardHostValve.invoke(StandardHostValve.java:113) ~[tomcat-embed-core-11.0.21.jar:11.0.21]
	at org.apache.catalina.valves.ErrorReportValve.invoke(ErrorReportValve.java:83) ~[tomcat-embed-core-11.0.21.jar:11.0.21]
	at org.apache.catalina.core.StandardEngineValve.invoke(StandardEngineValve.java:72) ~[tomcat-embed-core-11.0.21.jar:11.0.21]
	at org.apache.catalina.connector.CoyoteAdapter.service(CoyoteAdapter.java:341) ~[tomcat-embed-core-11.0.21.jar:11.0.21]
	at org.apache.coyote.http11.Http11Processor.service(Http11Processor.java:397) ~[tomcat-embed-core-11.0.21.jar:11.0.21]
	at org.apache.coyote.AbstractProcessorLight.process(AbstractProcessorLight.java:63) ~[tomcat-embed-core-11.0.21.jar:11.0.21]
	at org.apache.coyote.AbstractProtocol$ConnectionHandler.process(AbstractProtocol.java:903) ~[tomcat-embed-core-11.0.21.jar:11.0.21]
	at org.apache.tomcat.util.net.NioEndpoint$SocketProcessor.doRun(NioEndpoint.java:1801) ~[tomcat-embed-core-11.0.21.jar:11.0.21]
	at org.apache.tomcat.util.net.SocketProcessorBase.run(SocketProcessorBase.java:52) ~[tomcat-embed-core-11.0.21.jar:11.0.21]
	at org.apache.tomcat.util.threads.ThreadPoolExecutor.runWorker(ThreadPoolExecutor.java:946) ~[tomcat-embed-core-11.0.21.jar:11.0.21]
	at org.apache.tomcat.util.threads.ThreadPoolExecutor$Worker.run(ThreadPoolExecutor.java:480) ~[tomcat-embed-core-11.0.21.jar:11.0.21]
	at org.apache.tomcat.util.threads.TaskThread$WrappingRunnable.run(TaskThread.java:57) ~[tomcat-embed-core-11.0.21.jar:11.0.21]
	at java.base/java.lang.Thread.run(Thread.java:1583) ~[na:na]
Caused by: org.hibernate.exception.ConstraintViolationException: could not execute batch [Batch entry 0 insert into processed_stripe_events (event_type,processed_at,event_id) values (('customer.subscription.updated'),('2026-06-14 06:50:32.966718+00'),('evt_1Ti7sKRvatHdxYAoELtCOEC0')) was aborted: ERROR: duplicate key value violates unique constraint "processed_stripe_events_pkey"
  Detail: Key (event_id)=(evt_1Ti7sKRvatHdxYAoELtCOEC0) already exists.  Call getNextException to see other errors in the batch.] [insert into processed_stripe_events (event_type,processed_at,event_id) values (?,?,?)]
	at org.hibernate.exception.internal.SQLStateConversionDelegate.convert(SQLStateConversionDelegate.java:73) ~[hibernate-core-7.2.12.Final.jar:7.2.12.Final]
	at org.hibernate.exception.internal.StandardSQLExceptionConverter.convert(StandardSQLExceptionConverter.java:34) ~[hibernate-core-7.2.12.Final.jar:7.2.12.Final]
	at org.hibernate.engine.jdbc.spi.SqlExceptionHelper.convert(SqlExceptionHelper.java:115) ~[hibernate-core-7.2.12.Final.jar:7.2.12.Final]
	at org.hibernate.engine.jdbc.batch.internal.BatchImpl.lambda$performExecution$0(BatchImpl.java:270) ~[hibernate-core-7.2.12.Final.jar:7.2.12.Final]
	at org.hibernate.engine.jdbc.mutation.internal.PreparedStatementGroupSingleTable.forEachStatement(PreparedStatementGroupSingleTable.java:63) ~[hibernate-core-7.2.12.Final.jar:7.2.12.Final]
	at org.hibernate.engine.jdbc.batch.internal.BatchImpl.performExecution(BatchImpl.java:245) ~[hibernate-core-7.2.12.Final.jar:7.2.12.Final]
	at org.hibernate.engine.jdbc.batch.internal.BatchImpl.execute(BatchImpl.java:224) ~[hibernate-core-7.2.12.Final.jar:7.2.12.Final]
	at org.hibernate.engine.jdbc.internal.JdbcCoordinatorImpl.executeBatch(JdbcCoordinatorImpl.java:194) ~[hibernate-core-7.2.12.Final.jar:7.2.12.Final]
	at org.hibernate.engine.spi.ActionQueue.executeActions(ActionQueue.java:658) ~[hibernate-core-7.2.12.Final.jar:7.2.12.Final]
	at org.hibernate.engine.spi.ActionQueue.executeActions(ActionQueue.java:505) ~[hibernate-core-7.2.12.Final.jar:7.2.12.Final]
	at org.hibernate.event.internal.AbstractFlushingEventListener.performExecutions(AbstractFlushingEventListener.java:381) ~[hibernate-core-7.2.12.Final.jar:7.2.12.Final]
	at org.hibernate.event.internal.DefaultFlushEventListener.onFlush(DefaultFlushEventListener.java:40) ~[hibernate-core-7.2.12.Final.jar:7.2.12.Final]
	at org.hibernate.event.service.internal.EventListenerGroupImpl.fireEventOnEachListener(EventListenerGroupImpl.java:138) ~[hibernate-core-7.2.12.Final.jar:7.2.12.Final]
	at org.hibernate.internal.SessionImpl.fireFlush(SessionImpl.java:1484) ~[hibernate-core-7.2.12.Final.jar:7.2.12.Final]
	at org.hibernate.internal.SessionImpl.managedFlush(SessionImpl.java:481) ~[hibernate-core-7.2.12.Final.jar:7.2.12.Final]
	at org.hibernate.internal.SessionImpl.flushBeforeTransactionCompletion(SessionImpl.java:2111) ~[hibernate-core-7.2.12.Final.jar:7.2.12.Final]
	at org.hibernate.internal.SessionImpl.beforeTransactionCompletion(SessionImpl.java:2033) ~[hibernate-core-7.2.12.Final.jar:7.2.12.Final]
	at org.hibernate.engine.jdbc.internal.JdbcCoordinatorImpl.beforeTransactionCompletion(JdbcCoordinatorImpl.java:410) ~[hibernate-core-7.2.12.Final.jar:7.2.12.Final]
	at org.hibernate.resource.transaction.backend.jdbc.internal.JdbcResourceLocalTransactionCoordinatorImpl.beforeCompletionCallback(JdbcResourceLocalTransactionCoordinatorImpl.java:166) ~[hibernate-core-7.2.12.Final.jar:7.2.12.Final]
	at org.hibernate.resource.transaction.backend.jdbc.internal.JdbcResourceLocalTransactionCoordinatorImpl$TransactionDriverControlImpl.commitNoRollbackOnly(JdbcResourceLocalTransactionCoordinatorImpl.java:248) ~[hibernate-core-7.2.12.Final.jar:7.2.12.Final]
	at org.hibernate.resource.transaction.backend.jdbc.internal.JdbcResourceLocalTransactionCoordinatorImpl$TransactionDriverControlImpl.commit(JdbcResourceLocalTransactionCoordinatorImpl.java:242) ~[hibernate-core-7.2.12.Final.jar:7.2.12.Final]
	at org.hibernate.engine.transaction.internal.TransactionImpl.commit(TransactionImpl.java:89) ~[hibernate-core-7.2.12.Final.jar:7.2.12.Final]
	at org.springframework.orm.jpa.JpaTransactionManager.doCommit(JpaTransactionManager.java:553) ~[spring-orm-7.0.7.jar:7.0.7]
	... 144 common frames omitted
Caused by: java.sql.BatchUpdateException: Batch entry 0 insert into processed_stripe_events (event_type,processed_at,event_id) values (('customer.subscription.updated'),('2026-06-14 06:50:32.966718+00'),('evt_1Ti7sKRvatHdxYAoELtCOEC0')) was aborted: ERROR: duplicate key value violates unique constraint "processed_stripe_events_pkey"
  Detail: Key (event_id)=(evt_1Ti7sKRvatHdxYAoELtCOEC0) already exists.  Call getNextException to see other errors in the batch.
	at org.postgresql.jdbc.BatchResultHandler.handleError(BatchResultHandler.java:165) ~[postgresql-42.7.10.jar:42.7.10]
	at org.postgresql.core.v3.QueryExecutorImpl.processResults(QueryExecutorImpl.java:2561) ~[postgresql-42.7.10.jar:42.7.10]
	at org.postgresql.core.v3.QueryExecutorImpl.execute(QueryExecutorImpl.java:672) ~[postgresql-42.7.10.jar:42.7.10]
	at org.postgresql.jdbc.PgStatement.internalExecuteBatch(PgStatement.java:892) ~[postgresql-42.7.10.jar:42.7.10]
	at org.postgresql.jdbc.PgStatement.executeBatch(PgStatement.java:916) ~[postgresql-42.7.10.jar:42.7.10]
	at org.postgresql.jdbc.PgPreparedStatement.executeBatch(PgPreparedStatement.java:1778) ~[postgresql-42.7.10.jar:42.7.10]
	at com.zaxxer.hikari.pool.ProxyStatement.executeBatch(ProxyStatement.java:128) ~[HikariCP-7.0.2.jar:na]
	at com.zaxxer.hikari.pool.HikariProxyPreparedStatement.executeBatch(HikariProxyPreparedStatement.java) ~[HikariCP-7.0.2.jar:na]
	at org.hibernate.engine.jdbc.batch.internal.BatchImpl.lambda$performExecution$0(BatchImpl.java:256) ~[hibernate-core-7.2.12.Final.jar:7.2.12.Final]
	... 163 common frames omitted
Caused by: org.postgresql.util.PSQLException: ERROR: duplicate key value violates unique constraint "processed_stripe_events_pkey"
  Detail: Key (event_id)=(evt_1Ti7sKRvatHdxYAoELtCOEC0) already exists.
	at org.postgresql.core.v3.QueryExecutorImpl.receiveErrorResponse(QueryExecutorImpl.java:2875) ~[postgresql-42.7.10.jar:42.7.10]
	at org.postgresql.core.v3.QueryExecutorImpl.processResults(QueryExecutorImpl.java:2560) ~[postgresql-42.7.10.jar:42.7.10]
	... 170 common frames omitted

2026-06-14T01:55:39.715-05:00  INFO 51478 --- [backend] [http-nio-8080-exec-8] [650d8776c65fc1836748b964c8819abd-a62f41adca16d099] com.nib.backend.service.StripeService    : Resumed subscription for user 3a21ae4c-87ed-4a47-bd83-65f40154e448
2026-06-14T01:55:39.979-05:00  INFO 51478 --- [backend] [http-nio-8080-exec-2] [88f5aedf21ba404cb5d46f54c44561c6-66604cebbcc32d9f] com.nib.backend.service.StripeService    : Subscription updated for user 3a21ae4c-87ed-4a47-bd83-65f40154e448 — status active, cancelAtPeriodEnd false
2026-06-14T01:55:40.068-05:00  INFO 51478 --- [backend] [http-nio-8080-exec-4] [0b0f3129bbe4a5feb6edc7e0056d2dbb-e0d7ea6ebbef0b87] com.nib.backend.service.StripeService    : Subscription updated for user 3a21ae4c-87ed-4a47-bd83-65f40154e448 — status active, cancelAtPeriodEnd false
2026-06-14T01:58:18.984-05:00  INFO 51478 --- [backend] [http-nio-8080-exec-6] [1ea81e26a79eb51039b2aa7385185f74-6d61df2825d4310a] com.nib.backend.service.StripeService    : Scheduled cancellation for user 3a21ae4c-87ed-4a47-bd83-65f40154e448 at 2026-07-14T06:23:09Z
2026-06-14T01:58:19.296-05:00  INFO 51478 --- [backend] [http-nio-8080-exec-8] [9f0b16130b660e71ad130e616617cf65-533135ace48c2fdc] com.nib.backend.service.StripeService    : Subscription updated for user 3a21ae4c-87ed-4a47-bd83-65f40154e448 — status active, cancelAtPeriodEnd true
2026-06-14T01:58:19.305-05:00  INFO 51478 --- [backend] [http-nio-8080-exec-5] [6652265db18947c3b8d52fc992c5ede6-f840a632aad28b39] com.nib.backend.service.StripeService    : Subscription updated for user 3a21ae4c-87ed-4a47-bd83-65f40154e448 — status active, cancelAtPeriodEnd true
2026-06-14T01:58:19.418-05:00  INFO 51478 --- [backend] [http-nio-8080-exec-5] [6652265db18947c3b8d52fc992c5ede6-f840a632aad28b39] org.hibernate.orm.jdbc.batch             : HHH100503: JDBC batch still contained JDBC statements on release
2026-06-14T01:58:19.419-05:00  WARN 51478 --- [backend] [http-nio-8080-exec-5] [6652265db18947c3b8d52fc992c5ede6-f840a632aad28b39] org.hibernate.orm.jdbc.error             : HHH000247: ErrorCode: 0, SQLState: 23505
2026-06-14T01:58:19.419-05:00  WARN 51478 --- [backend] [http-nio-8080-exec-5] [6652265db18947c3b8d52fc992c5ede6-f840a632aad28b39] org.hibernate.orm.jdbc.error             : Batch entry 0 insert into processed_stripe_events (event_type,processed_at,event_id) values (('customer.subscription.updated'),('2026-06-14 06:58:19.306701+00'),('evt_1Ti7zqRvatHdxYAolSdCn4Rv')) was aborted: ERROR: duplicate key value violates unique constraint "processed_stripe_events_pkey"
  Detail: Key (event_id)=(evt_1Ti7zqRvatHdxYAolSdCn4Rv) already exists.  Call getNextException to see other errors in the batch.
2026-06-14T01:58:19.420-05:00  WARN 51478 --- [backend] [http-nio-8080-exec-5] [6652265db18947c3b8d52fc992c5ede6-f840a632aad28b39] org.hibernate.orm.jdbc.error             : HHH000247: ErrorCode: 0, SQLState: 23505
2026-06-14T01:58:19.420-05:00  WARN 51478 --- [backend] [http-nio-8080-exec-5] [6652265db18947c3b8d52fc992c5ede6-f840a632aad28b39] org.hibernate.orm.jdbc.error             : Batch entry 0 insert into processed_stripe_events (event_type,processed_at,event_id) values (('customer.subscription.updated'),('2026-06-14 06:58:19.306701+00'),('evt_1Ti7zqRvatHdxYAolSdCn4Rv')) was aborted: ERROR: duplicate key value violates unique constraint "processed_stripe_events_pkey"
  Detail: Key (event_id)=(evt_1Ti7zqRvatHdxYAolSdCn4Rv) already exists.  Call getNextException to see other errors in the batch.
2026-06-14T01:58:19.463-05:00 ERROR 51478 --- [backend] [http-nio-8080-exec-5] [6652265db18947c3b8d52fc992c5ede6-f840a632aad28b39] c.n.backend.controller.StripeController  : Webhook processing failed

org.springframework.dao.DataIntegrityViolationException: could not execute batch [Batch entry 0 insert into processed_stripe_events (event_type,processed_at,event_id) values (('customer.subscription.updated'),('2026-06-14 06:58:19.306701+00'),('evt_1Ti7zqRvatHdxYAolSdCn4Rv')) was aborted: ERROR: duplicate key value violates unique constraint "processed_stripe_events_pkey"
  Detail: Key (event_id)=(evt_1Ti7zqRvatHdxYAolSdCn4Rv) already exists.  Call getNextException to see other errors in the batch.] [insert into processed_stripe_events (event_type,processed_at,event_id) values (?,?,?)]; SQL [insert into processed_stripe_events (event_type,processed_at,event_id) values (?,?,?)]; constraint [processed_stripe_events_pkey]
	at org.springframework.orm.jpa.hibernate.HibernateExceptionTranslator.convertHibernateAccessException(HibernateExceptionTranslator.java:169) ~[spring-orm-7.0.7.jar:7.0.7]
	at org.springframework.orm.jpa.hibernate.HibernateExceptionTranslator.convertHibernateAccessException(HibernateExceptionTranslator.java:131) ~[spring-orm-7.0.7.jar:7.0.7]
	at org.springframework.orm.jpa.hibernate.HibernateExceptionTranslator.translateExceptionIfPossible(HibernateExceptionTranslator.java:105) ~[spring-orm-7.0.7.jar:7.0.7]
	at org.springframework.orm.jpa.vendor.HibernateJpaDialect.translateExceptionIfPossible(HibernateJpaDialect.java:223) ~[spring-orm-7.0.7.jar:7.0.7]
	at org.springframework.orm.jpa.JpaTransactionManager.doCommit(JpaTransactionManager.java:557) ~[spring-orm-7.0.7.jar:7.0.7]
	at org.springframework.transaction.support.AbstractPlatformTransactionManager.processCommit(AbstractPlatformTransactionManager.java:794) ~[spring-tx-7.0.7.jar:7.0.7]
	at org.springframework.transaction.support.AbstractPlatformTransactionManager.commit(AbstractPlatformTransactionManager.java:757) ~[spring-tx-7.0.7.jar:7.0.7]
	at org.springframework.transaction.interceptor.TransactionAspectSupport.commitTransactionAfterReturning(TransactionAspectSupport.java:687) ~[spring-tx-7.0.7.jar:7.0.7]
	at org.springframework.transaction.interceptor.TransactionAspectSupport.invokeWithinTransaction(TransactionAspectSupport.java:408) ~[spring-tx-7.0.7.jar:7.0.7]
	at org.springframework.transaction.interceptor.TransactionInterceptor.invoke(TransactionInterceptor.java:130) ~[spring-tx-7.0.7.jar:7.0.7]
	at org.springframework.aop.framework.ReflectiveMethodInvocation.proceed(ReflectiveMethodInvocation.java:179) ~[spring-aop-7.0.7.jar:7.0.7]
	at org.springframework.aop.framework.CglibAopProxy$DynamicAdvisedInterceptor.intercept(CglibAopProxy.java:719) ~[spring-aop-7.0.7.jar:7.0.7]
	at com.nib.backend.service.StripeService$$SpringCGLIB$$0.handleWebhook(<generated>) ~[classes/:na]
	at com.nib.backend.controller.StripeController.handleWebhook(StripeController.java:88) ~[classes/:na]
	at java.base/jdk.internal.reflect.DirectMethodHandleAccessor.invoke(DirectMethodHandleAccessor.java:103) ~[na:na]
	at java.base/java.lang.reflect.Method.invoke(Method.java:580) ~[na:na]
	at org.springframework.web.method.support.InvocableHandlerMethod.doInvoke(InvocableHandlerMethod.java:252) ~[spring-web-7.0.7.jar:7.0.7]
	at org.springframework.web.method.support.InvocableHandlerMethod.invokeForRequest(InvocableHandlerMethod.java:184) ~[spring-web-7.0.7.jar:7.0.7]
	at org.springframework.web.servlet.mvc.method.annotation.ServletInvocableHandlerMethod.invokeAndHandle(ServletInvocableHandlerMethod.java:117) ~[spring-webmvc-7.0.7.jar:7.0.7]
	at org.springframework.web.servlet.mvc.method.annotation.RequestMappingHandlerAdapter.invokeHandlerMethod(RequestMappingHandlerAdapter.java:934) ~[spring-webmvc-7.0.7.jar:7.0.7]
	at org.springframework.web.servlet.mvc.method.annotation.RequestMappingHandlerAdapter.handleInternal(RequestMappingHandlerAdapter.java:853) ~[spring-webmvc-7.0.7.jar:7.0.7]
	at org.springframework.web.servlet.mvc.method.AbstractHandlerMethodAdapter.handle(AbstractHandlerMethodAdapter.java:86) ~[spring-webmvc-7.0.7.jar:7.0.7]
	at org.springframework.web.servlet.DispatcherServlet.doDispatch(DispatcherServlet.java:963) ~[spring-webmvc-7.0.7.jar:7.0.7]
	at org.springframework.web.servlet.DispatcherServlet.doService(DispatcherServlet.java:866) ~[spring-webmvc-7.0.7.jar:7.0.7]
	at org.springframework.web.servlet.FrameworkServlet.processRequest(FrameworkServlet.java:1000) ~[spring-webmvc-7.0.7.jar:7.0.7]
	at org.springframework.web.servlet.FrameworkServlet.doPost(FrameworkServlet.java:903) ~[spring-webmvc-7.0.7.jar:7.0.7]
	at jakarta.servlet.http.HttpServlet.service(HttpServlet.java:649) ~[tomcat-embed-core-11.0.21.jar:6.1]
	at org.springframework.web.servlet.FrameworkServlet.service(FrameworkServlet.java:874) ~[spring-webmvc-7.0.7.jar:7.0.7]
	at jakarta.servlet.http.HttpServlet.service(HttpServlet.java:710) ~[tomcat-embed-core-11.0.21.jar:6.1]
	at org.apache.catalina.core.ApplicationFilterChain.doFilter(ApplicationFilterChain.java:128) ~[tomcat-embed-core-11.0.21.jar:11.0.21]
	at org.apache.tomcat.websocket.server.WsFilter.doFilter(WsFilter.java:53) ~[tomcat-embed-websocket-11.0.21.jar:11.0.21]
	at org.apache.catalina.core.ApplicationFilterChain.doFilter(ApplicationFilterChain.java:107) ~[tomcat-embed-core-11.0.21.jar:11.0.21]
	at org.springframework.web.filter.OncePerRequestFilter.doFilter(OncePerRequestFilter.java:110) ~[spring-web-7.0.7.jar:7.0.7]
	at org.apache.catalina.core.ApplicationFilterChain.doFilter(ApplicationFilterChain.java:107) ~[tomcat-embed-core-11.0.21.jar:11.0.21]
	at com.nib.backend.config.MdcLoggingFilter.doFilterInternal(MdcLoggingFilter.java:57) ~[classes/:na]
	at org.springframework.web.filter.OncePerRequestFilter.doFilter(OncePerRequestFilter.java:116) ~[spring-web-7.0.7.jar:7.0.7]
	at org.apache.catalina.core.ApplicationFilterChain.doFilter(ApplicationFilterChain.java:107) ~[tomcat-embed-core-11.0.21.jar:11.0.21]
	at org.springframework.web.filter.CompositeFilter$VirtualFilterChain.doFilter(CompositeFilter.java:108) ~[spring-web-7.0.7.jar:7.0.7]
	at org.springframework.security.web.FilterChainProxy.lambda$doFilterInternal$3(FilterChainProxy.java:235) ~[spring-security-web-7.0.5.jar:7.0.5]
	at org.springframework.security.web.ObservationFilterChainDecorator$FilterObservation$SimpleFilterObservation.lambda$wrap$1(ObservationFilterChainDecorator.java:493) ~[spring-security-web-7.0.5.jar:7.0.5]
	at org.springframework.security.web.ObservationFilterChainDecorator$AroundFilterObservation$SimpleAroundFilterObservation.lambda$wrap$1(ObservationFilterChainDecorator.java:354) ~[spring-security-web-7.0.5.jar:7.0.5]
	at org.springframework.security.web.ObservationFilterChainDecorator.lambda$wrapSecured$0(ObservationFilterChainDecorator.java:86) ~[spring-security-web-7.0.5.jar:7.0.5]
	at org.springframework.security.web.ObservationFilterChainDecorator$VirtualFilterChain.doFilter(ObservationFilterChainDecorator.java:132) ~[spring-security-web-7.0.5.jar:7.0.5]
	at org.springframework.security.web.access.intercept.AuthorizationFilter.doFilter(AuthorizationFilter.java:101) ~[spring-security-web-7.0.5.jar:7.0.5]
	at org.springframework.security.web.ObservationFilterChainDecorator$ObservationFilter.wrapFilter(ObservationFilterChainDecorator.java:244) ~[spring-security-web-7.0.5.jar:7.0.5]
	at org.springframework.security.web.ObservationFilterChainDecorator$ObservationFilter.doFilter(ObservationFilterChainDecorator.java:231) ~[spring-security-web-7.0.5.jar:7.0.5]
	at org.springframework.security.web.ObservationFilterChainDecorator$VirtualFilterChain.doFilter(ObservationFilterChainDecorator.java:141) ~[spring-security-web-7.0.5.jar:7.0.5]
	at org.springframework.security.web.access.ExceptionTranslationFilter.doFilter(ExceptionTranslationFilter.java:126) ~[spring-security-web-7.0.5.jar:7.0.5]
	at org.springframework.security.web.access.ExceptionTranslationFilter.doFilter(ExceptionTranslationFilter.java:120) ~[spring-security-web-7.0.5.jar:7.0.5]
	at org.springframework.security.web.ObservationFilterChainDecorator$ObservationFilter.wrapFilter(ObservationFilterChainDecorator.java:244) ~[spring-security-web-7.0.5.jar:7.0.5]
	at org.springframework.security.web.ObservationFilterChainDecorator$ObservationFilter.doFilter(ObservationFilterChainDecorator.java:231) ~[spring-security-web-7.0.5.jar:7.0.5]
	at org.springframework.security.web.ObservationFilterChainDecorator$VirtualFilterChain.doFilter(ObservationFilterChainDecorator.java:141) ~[spring-security-web-7.0.5.jar:7.0.5]
	at org.springframework.security.web.session.SessionManagementFilter.doFilter(SessionManagementFilter.java:132) ~[spring-security-web-7.0.5.jar:7.0.5]
	at org.springframework.security.web.session.SessionManagementFilter.doFilter(SessionManagementFilter.java:86) ~[spring-security-web-7.0.5.jar:7.0.5]
	at org.springframework.security.web.ObservationFilterChainDecorator$ObservationFilter.wrapFilter(ObservationFilterChainDecorator.java:244) ~[spring-security-web-7.0.5.jar:7.0.5]
	at org.springframework.security.web.ObservationFilterChainDecorator$ObservationFilter.doFilter(ObservationFilterChainDecorator.java:231) ~[spring-security-web-7.0.5.jar:7.0.5]
	at org.springframework.security.web.ObservationFilterChainDecorator$VirtualFilterChain.doFilter(ObservationFilterChainDecorator.java:141) ~[spring-security-web-7.0.5.jar:7.0.5]
	at org.springframework.security.web.authentication.AnonymousAuthenticationFilter.doFilter(AnonymousAuthenticationFilter.java:100) ~[spring-security-web-7.0.5.jar:7.0.5]
	at org.springframework.security.web.ObservationFilterChainDecorator$ObservationFilter.wrapFilter(ObservationFilterChainDecorator.java:244) ~[spring-security-web-7.0.5.jar:7.0.5]
	at org.springframework.security.web.ObservationFilterChainDecorator$ObservationFilter.doFilter(ObservationFilterChainDecorator.java:231) ~[spring-security-web-7.0.5.jar:7.0.5]
	at org.springframework.security.web.ObservationFilterChainDecorator$VirtualFilterChain.doFilter(ObservationFilterChainDecorator.java:141) ~[spring-security-web-7.0.5.jar:7.0.5]
	at org.springframework.security.web.servletapi.SecurityContextHolderAwareRequestFilter.doFilter(SecurityContextHolderAwareRequestFilter.java:181) ~[spring-security-web-7.0.5.jar:7.0.5]
	at org.springframework.security.web.ObservationFilterChainDecorator$ObservationFilter.wrapFilter(ObservationFilterChainDecorator.java:244) ~[spring-security-web-7.0.5.jar:7.0.5]
	at org.springframework.security.web.ObservationFilterChainDecorator$ObservationFilter.doFilter(ObservationFilterChainDecorator.java:231) ~[spring-security-web-7.0.5.jar:7.0.5]
	at org.springframework.security.web.ObservationFilterChainDecorator$VirtualFilterChain.doFilter(ObservationFilterChainDecorator.java:141) ~[spring-security-web-7.0.5.jar:7.0.5]
	at org.springframework.security.web.savedrequest.RequestCacheAwareFilter.doFilter(RequestCacheAwareFilter.java:63) ~[spring-security-web-7.0.5.jar:7.0.5]
	at org.springframework.security.web.ObservationFilterChainDecorator$ObservationFilter.wrapFilter(ObservationFilterChainDecorator.java:244) ~[spring-security-web-7.0.5.jar:7.0.5]
	at org.springframework.security.web.ObservationFilterChainDecorator$ObservationFilter.doFilter(ObservationFilterChainDecorator.java:231) ~[spring-security-web-7.0.5.jar:7.0.5]
	at org.springframework.security.web.ObservationFilterChainDecorator$VirtualFilterChain.doFilter(ObservationFilterChainDecorator.java:141) ~[spring-security-web-7.0.5.jar:7.0.5]
	at com.nib.backend.config.ApiRateLimitFilter.doFilterInternal(ApiRateLimitFilter.java:43) ~[classes/:na]
	at org.springframework.web.filter.OncePerRequestFilter.doFilter(OncePerRequestFilter.java:116) ~[spring-web-7.0.7.jar:7.0.7]
	at org.springframework.security.web.ObservationFilterChainDecorator$ObservationFilter.wrapFilter(ObservationFilterChainDecorator.java:244) ~[spring-security-web-7.0.5.jar:7.0.5]
	at org.springframework.security.web.ObservationFilterChainDecorator$ObservationFilter.doFilter(ObservationFilterChainDecorator.java:231) ~[spring-security-web-7.0.5.jar:7.0.5]
	at org.springframework.security.web.ObservationFilterChainDecorator$VirtualFilterChain.doFilter(ObservationFilterChainDecorator.java:141) ~[spring-security-web-7.0.5.jar:7.0.5]
	at com.nib.backend.config.JwtAuthFilter.doFilterInternal(JwtAuthFilter.java:38) ~[classes/:na]
	at org.springframework.web.filter.OncePerRequestFilter.doFilter(OncePerRequestFilter.java:116) ~[spring-web-7.0.7.jar:7.0.7]
	at org.springframework.security.web.ObservationFilterChainDecorator$ObservationFilter.wrapFilter(ObservationFilterChainDecorator.java:244) ~[spring-security-web-7.0.5.jar:7.0.5]
	at org.springframework.security.web.ObservationFilterChainDecorator$ObservationFilter.doFilter(ObservationFilterChainDecorator.java:231) ~[spring-security-web-7.0.5.jar:7.0.5]
	at org.springframework.security.web.ObservationFilterChainDecorator$VirtualFilterChain.doFilter(ObservationFilterChainDecorator.java:141) ~[spring-security-web-7.0.5.jar:7.0.5]
	at org.springframework.security.web.authentication.logout.LogoutFilter.doFilter(LogoutFilter.java:110) ~[spring-security-web-7.0.5.jar:7.0.5]
	at org.springframework.security.web.authentication.logout.LogoutFilter.doFilter(LogoutFilter.java:96) ~[spring-security-web-7.0.5.jar:7.0.5]
	at org.springframework.security.web.ObservationFilterChainDecorator$ObservationFilter.wrapFilter(ObservationFilterChainDecorator.java:244) ~[spring-security-web-7.0.5.jar:7.0.5]
	at org.springframework.security.web.ObservationFilterChainDecorator$ObservationFilter.doFilter(ObservationFilterChainDecorator.java:231) ~[spring-security-web-7.0.5.jar:7.0.5]
	at org.springframework.security.web.ObservationFilterChainDecorator$VirtualFilterChain.doFilter(ObservationFilterChainDecorator.java:141) ~[spring-security-web-7.0.5.jar:7.0.5]
	at org.springframework.web.filter.CorsFilter.doFilterInternal(CorsFilter.java:91) ~[spring-web-7.0.7.jar:7.0.7]
	at org.springframework.web.filter.OncePerRequestFilter.doFilter(OncePerRequestFilter.java:116) ~[spring-web-7.0.7.jar:7.0.7]
	at org.springframework.security.web.ObservationFilterChainDecorator$ObservationFilter.wrapFilter(ObservationFilterChainDecorator.java:244) ~[spring-security-web-7.0.5.jar:7.0.5]
	at org.springframework.security.web.ObservationFilterChainDecorator$ObservationFilter.doFilter(ObservationFilterChainDecorator.java:231) ~[spring-security-web-7.0.5.jar:7.0.5]
	at org.springframework.security.web.ObservationFilterChainDecorator$VirtualFilterChain.doFilter(ObservationFilterChainDecorator.java:141) ~[spring-security-web-7.0.5.jar:7.0.5]
	at org.springframework.security.web.header.HeaderWriterFilter.doHeadersAfter(HeaderWriterFilter.java:90) ~[spring-security-web-7.0.5.jar:7.0.5]
	at org.springframework.security.web.header.HeaderWriterFilter.doFilterInternal(HeaderWriterFilter.java:75) ~[spring-security-web-7.0.5.jar:7.0.5]
	at org.springframework.web.filter.OncePerRequestFilter.doFilter(OncePerRequestFilter.java:116) ~[spring-web-7.0.7.jar:7.0.7]
	at org.springframework.security.web.ObservationFilterChainDecorator$ObservationFilter.wrapFilter(ObservationFilterChainDecorator.java:244) ~[spring-security-web-7.0.5.jar:7.0.5]
	at org.springframework.security.web.ObservationFilterChainDecorator$ObservationFilter.doFilter(ObservationFilterChainDecorator.java:231) ~[spring-security-web-7.0.5.jar:7.0.5]
	at org.springframework.security.web.ObservationFilterChainDecorator$VirtualFilterChain.doFilter(ObservationFilterChainDecorator.java:141) ~[spring-security-web-7.0.5.jar:7.0.5]
	at org.springframework.security.web.context.SecurityContextHolderFilter.doFilter(SecurityContextHolderFilter.java:82) ~[spring-security-web-7.0.5.jar:7.0.5]
	at org.springframework.security.web.context.SecurityContextHolderFilter.doFilter(SecurityContextHolderFilter.java:69) ~[spring-security-web-7.0.5.jar:7.0.5]
	at org.springframework.security.web.ObservationFilterChainDecorator$ObservationFilter.wrapFilter(ObservationFilterChainDecorator.java:244) ~[spring-security-web-7.0.5.jar:7.0.5]
	at org.springframework.security.web.ObservationFilterChainDecorator$ObservationFilter.doFilter(ObservationFilterChainDecorator.java:231) ~[spring-security-web-7.0.5.jar:7.0.5]
	at org.springframework.security.web.ObservationFilterChainDecorator$VirtualFilterChain.doFilter(ObservationFilterChainDecorator.java:141) ~[spring-security-web-7.0.5.jar:7.0.5]
	at org.springframework.security.web.context.request.async.WebAsyncManagerIntegrationFilter.doFilterInternal(WebAsyncManagerIntegrationFilter.java:62) ~[spring-security-web-7.0.5.jar:7.0.5]
	at org.springframework.web.filter.OncePerRequestFilter.doFilter(OncePerRequestFilter.java:116) ~[spring-web-7.0.7.jar:7.0.7]
	at org.springframework.security.web.ObservationFilterChainDecorator$ObservationFilter.wrapFilter(ObservationFilterChainDecorator.java:244) ~[spring-security-web-7.0.5.jar:7.0.5]
	at org.springframework.security.web.ObservationFilterChainDecorator$ObservationFilter.doFilter(ObservationFilterChainDecorator.java:231) ~[spring-security-web-7.0.5.jar:7.0.5]
	at org.springframework.security.web.ObservationFilterChainDecorator$VirtualFilterChain.doFilter(ObservationFilterChainDecorator.java:141) ~[spring-security-web-7.0.5.jar:7.0.5]
	at org.springframework.security.web.session.DisableEncodeUrlFilter.doFilterInternal(DisableEncodeUrlFilter.java:42) ~[spring-security-web-7.0.5.jar:7.0.5]
	at org.springframework.web.filter.OncePerRequestFilter.doFilter(OncePerRequestFilter.java:116) ~[spring-web-7.0.7.jar:7.0.7]
	at org.springframework.security.web.ObservationFilterChainDecorator$ObservationFilter.wrapFilter(ObservationFilterChainDecorator.java:244) ~[spring-security-web-7.0.5.jar:7.0.5]
	at org.springframework.security.web.ObservationFilterChainDecorator$AroundFilterObservation$SimpleAroundFilterObservation.lambda$wrap$0(ObservationFilterChainDecorator.java:337) ~[spring-security-web-7.0.5.jar:7.0.5]
	at org.springframework.security.web.ObservationFilterChainDecorator$ObservationFilter.doFilter(ObservationFilterChainDecorator.java:228) ~[spring-security-web-7.0.5.jar:7.0.5]
	at org.springframework.security.web.ObservationFilterChainDecorator$VirtualFilterChain.doFilter(ObservationFilterChainDecorator.java:141) ~[spring-security-web-7.0.5.jar:7.0.5]
	at org.springframework.security.web.FilterChainProxy.doFilterInternal(FilterChainProxy.java:237) ~[spring-security-web-7.0.5.jar:7.0.5]
	at org.springframework.security.web.FilterChainProxy.doFilter(FilterChainProxy.java:195) ~[spring-security-web-7.0.5.jar:7.0.5]
	at org.springframework.web.filter.CompositeFilter$VirtualFilterChain.doFilter(CompositeFilter.java:113) ~[spring-web-7.0.7.jar:7.0.7]
	at org.springframework.web.filter.ServletRequestPathFilter.doFilter(ServletRequestPathFilter.java:52) ~[spring-web-7.0.7.jar:7.0.7]
	at org.springframework.web.filter.CompositeFilter$VirtualFilterChain.doFilter(CompositeFilter.java:113) ~[spring-web-7.0.7.jar:7.0.7]
	at org.springframework.web.filter.CompositeFilter.doFilter(CompositeFilter.java:74) ~[spring-web-7.0.7.jar:7.0.7]
	at org.springframework.security.config.annotation.web.configuration.WebSecurityConfiguration$CompositeFilterChainProxy.doFilter(WebSecurityConfiguration.java:317) ~[spring-security-config-7.0.5.jar:7.0.5]
	at org.springframework.web.filter.DelegatingFilterProxy.invokeDelegate(DelegatingFilterProxy.java:355) ~[spring-web-7.0.7.jar:7.0.7]
	at org.springframework.web.filter.DelegatingFilterProxy.doFilter(DelegatingFilterProxy.java:272) ~[spring-web-7.0.7.jar:7.0.7]
	at org.apache.catalina.core.ApplicationFilterChain.doFilter(ApplicationFilterChain.java:107) ~[tomcat-embed-core-11.0.21.jar:11.0.21]
	at org.springframework.web.filter.RequestContextFilter.doFilterInternal(RequestContextFilter.java:100) ~[spring-web-7.0.7.jar:7.0.7]
	at org.springframework.web.filter.OncePerRequestFilter.doFilter(OncePerRequestFilter.java:116) ~[spring-web-7.0.7.jar:7.0.7]
	at org.apache.catalina.core.ApplicationFilterChain.doFilter(ApplicationFilterChain.java:107) ~[tomcat-embed-core-11.0.21.jar:11.0.21]
	at org.springframework.web.filter.FormContentFilter.doFilterInternal(FormContentFilter.java:93) ~[spring-web-7.0.7.jar:7.0.7]
	at org.springframework.web.filter.OncePerRequestFilter.doFilter(OncePerRequestFilter.java:116) ~[spring-web-7.0.7.jar:7.0.7]
	at org.apache.catalina.core.ApplicationFilterChain.doFilter(ApplicationFilterChain.java:107) ~[tomcat-embed-core-11.0.21.jar:11.0.21]
	at org.springframework.web.filter.ServerHttpObservationFilter.doFilterInternal(ServerHttpObservationFilter.java:110) ~[spring-web-7.0.7.jar:7.0.7]
	at org.springframework.web.filter.OncePerRequestFilter.doFilter(OncePerRequestFilter.java:116) ~[spring-web-7.0.7.jar:7.0.7]
	at org.apache.catalina.core.ApplicationFilterChain.doFilter(ApplicationFilterChain.java:107) ~[tomcat-embed-core-11.0.21.jar:11.0.21]
	at org.springframework.web.filter.CharacterEncodingFilter.doFilterInternal(CharacterEncodingFilter.java:199) ~[spring-web-7.0.7.jar:7.0.7]
	at org.springframework.web.filter.OncePerRequestFilter.doFilter(OncePerRequestFilter.java:116) ~[spring-web-7.0.7.jar:7.0.7]
	at org.apache.catalina.core.ApplicationFilterChain.doFilter(ApplicationFilterChain.java:107) ~[tomcat-embed-core-11.0.21.jar:11.0.21]
	at org.apache.catalina.core.StandardWrapperValve.invoke(StandardWrapperValve.java:165) ~[tomcat-embed-core-11.0.21.jar:11.0.21]
	at org.apache.catalina.core.StandardContextValve.invoke(StandardContextValve.java:77) ~[tomcat-embed-core-11.0.21.jar:11.0.21]
	at org.apache.catalina.authenticator.AuthenticatorBase.invoke(AuthenticatorBase.java:492) ~[tomcat-embed-core-11.0.21.jar:11.0.21]
	at org.apache.catalina.core.StandardHostValve.invoke(StandardHostValve.java:113) ~[tomcat-embed-core-11.0.21.jar:11.0.21]
	at org.apache.catalina.valves.ErrorReportValve.invoke(ErrorReportValve.java:83) ~[tomcat-embed-core-11.0.21.jar:11.0.21]
	at org.apache.catalina.core.StandardEngineValve.invoke(StandardEngineValve.java:72) ~[tomcat-embed-core-11.0.21.jar:11.0.21]
	at org.apache.catalina.connector.CoyoteAdapter.service(CoyoteAdapter.java:341) ~[tomcat-embed-core-11.0.21.jar:11.0.21]
	at org.apache.coyote.http11.Http11Processor.service(Http11Processor.java:397) ~[tomcat-embed-core-11.0.21.jar:11.0.21]
	at org.apache.coyote.AbstractProcessorLight.process(AbstractProcessorLight.java:63) ~[tomcat-embed-core-11.0.21.jar:11.0.21]
	at org.apache.coyote.AbstractProtocol$ConnectionHandler.process(AbstractProtocol.java:903) ~[tomcat-embed-core-11.0.21.jar:11.0.21]
	at org.apache.tomcat.util.net.NioEndpoint$SocketProcessor.doRun(NioEndpoint.java:1801) ~[tomcat-embed-core-11.0.21.jar:11.0.21]
	at org.apache.tomcat.util.net.SocketProcessorBase.run(SocketProcessorBase.java:52) ~[tomcat-embed-core-11.0.21.jar:11.0.21]
	at org.apache.tomcat.util.threads.ThreadPoolExecutor.runWorker(ThreadPoolExecutor.java:946) ~[tomcat-embed-core-11.0.21.jar:11.0.21]
	at org.apache.tomcat.util.threads.ThreadPoolExecutor$Worker.run(ThreadPoolExecutor.java:480) ~[tomcat-embed-core-11.0.21.jar:11.0.21]
	at org.apache.tomcat.util.threads.TaskThread$WrappingRunnable.run(TaskThread.java:57) ~[tomcat-embed-core-11.0.21.jar:11.0.21]
	at java.base/java.lang.Thread.run(Thread.java:1583) ~[na:na]
Caused by: org.hibernate.exception.ConstraintViolationException: could not execute batch [Batch entry 0 insert into processed_stripe_events (event_type,processed_at,event_id) values (('customer.subscription.updated'),('2026-06-14 06:58:19.306701+00'),('evt_1Ti7zqRvatHdxYAolSdCn4Rv')) was aborted: ERROR: duplicate key value violates unique constraint "processed_stripe_events_pkey"
  Detail: Key (event_id)=(evt_1Ti7zqRvatHdxYAolSdCn4Rv) already exists.  Call getNextException to see other errors in the batch.] [insert into processed_stripe_events (event_type,processed_at,event_id) values (?,?,?)]
	at org.hibernate.exception.internal.SQLStateConversionDelegate.convert(SQLStateConversionDelegate.java:73) ~[hibernate-core-7.2.12.Final.jar:7.2.12.Final]
	at org.hibernate.exception.internal.StandardSQLExceptionConverter.convert(StandardSQLExceptionConverter.java:34) ~[hibernate-core-7.2.12.Final.jar:7.2.12.Final]
	at org.hibernate.engine.jdbc.spi.SqlExceptionHelper.convert(SqlExceptionHelper.java:115) ~[hibernate-core-7.2.12.Final.jar:7.2.12.Final]
	at org.hibernate.engine.jdbc.batch.internal.BatchImpl.lambda$performExecution$0(BatchImpl.java:270) ~[hibernate-core-7.2.12.Final.jar:7.2.12.Final]
	at org.hibernate.engine.jdbc.mutation.internal.PreparedStatementGroupSingleTable.forEachStatement(PreparedStatementGroupSingleTable.java:63) ~[hibernate-core-7.2.12.Final.jar:7.2.12.Final]
	at org.hibernate.engine.jdbc.batch.internal.BatchImpl.performExecution(BatchImpl.java:245) ~[hibernate-core-7.2.12.Final.jar:7.2.12.Final]
	at org.hibernate.engine.jdbc.batch.internal.BatchImpl.execute(BatchImpl.java:224) ~[hibernate-core-7.2.12.Final.jar:7.2.12.Final]
	at org.hibernate.engine.jdbc.internal.JdbcCoordinatorImpl.executeBatch(JdbcCoordinatorImpl.java:194) ~[hibernate-core-7.2.12.Final.jar:7.2.12.Final]
	at org.hibernate.engine.spi.ActionQueue.executeActions(ActionQueue.java:658) ~[hibernate-core-7.2.12.Final.jar:7.2.12.Final]
	at org.hibernate.engine.spi.ActionQueue.executeActions(ActionQueue.java:505) ~[hibernate-core-7.2.12.Final.jar:7.2.12.Final]
	at org.hibernate.event.internal.AbstractFlushingEventListener.performExecutions(AbstractFlushingEventListener.java:381) ~[hibernate-core-7.2.12.Final.jar:7.2.12.Final]
	at org.hibernate.event.internal.DefaultFlushEventListener.onFlush(DefaultFlushEventListener.java:40) ~[hibernate-core-7.2.12.Final.jar:7.2.12.Final]
	at org.hibernate.event.service.internal.EventListenerGroupImpl.fireEventOnEachListener(EventListenerGroupImpl.java:138) ~[hibernate-core-7.2.12.Final.jar:7.2.12.Final]
	at org.hibernate.internal.SessionImpl.fireFlush(SessionImpl.java:1484) ~[hibernate-core-7.2.12.Final.jar:7.2.12.Final]
	at org.hibernate.internal.SessionImpl.managedFlush(SessionImpl.java:481) ~[hibernate-core-7.2.12.Final.jar:7.2.12.Final]
	at org.hibernate.internal.SessionImpl.flushBeforeTransactionCompletion(SessionImpl.java:2111) ~[hibernate-core-7.2.12.Final.jar:7.2.12.Final]
	at org.hibernate.internal.SessionImpl.beforeTransactionCompletion(SessionImpl.java:2033) ~[hibernate-core-7.2.12.Final.jar:7.2.12.Final]
	at org.hibernate.engine.jdbc.internal.JdbcCoordinatorImpl.beforeTransactionCompletion(JdbcCoordinatorImpl.java:410) ~[hibernate-core-7.2.12.Final.jar:7.2.12.Final]
	at org.hibernate.resource.transaction.backend.jdbc.internal.JdbcResourceLocalTransactionCoordinatorImpl.beforeCompletionCallback(JdbcResourceLocalTransactionCoordinatorImpl.java:166) ~[hibernate-core-7.2.12.Final.jar:7.2.12.Final]
	at org.hibernate.resource.transaction.backend.jdbc.internal.JdbcResourceLocalTransactionCoordinatorImpl$TransactionDriverControlImpl.commitNoRollbackOnly(JdbcResourceLocalTransactionCoordinatorImpl.java:248) ~[hibernate-core-7.2.12.Final.jar:7.2.12.Final]
	at org.hibernate.resource.transaction.backend.jdbc.internal.JdbcResourceLocalTransactionCoordinatorImpl$TransactionDriverControlImpl.commit(JdbcResourceLocalTransactionCoordinatorImpl.java:242) ~[hibernate-core-7.2.12.Final.jar:7.2.12.Final]
	at org.hibernate.engine.transaction.internal.TransactionImpl.commit(TransactionImpl.java:89) ~[hibernate-core-7.2.12.Final.jar:7.2.12.Final]
	at org.springframework.orm.jpa.JpaTransactionManager.doCommit(JpaTransactionManager.java:553) ~[spring-orm-7.0.7.jar:7.0.7]
	... 144 common frames omitted
Caused by: java.sql.BatchUpdateException: Batch entry 0 insert into processed_stripe_events (event_type,processed_at,event_id) values (('customer.subscription.updated'),('2026-06-14 06:58:19.306701+00'),('evt_1Ti7zqRvatHdxYAolSdCn4Rv')) was aborted: ERROR: duplicate key value violates unique constraint "processed_stripe_events_pkey"
  Detail: Key (event_id)=(evt_1Ti7zqRvatHdxYAolSdCn4Rv) already exists.  Call getNextException to see other errors in the batch.
	at org.postgresql.jdbc.BatchResultHandler.handleError(BatchResultHandler.java:165) ~[postgresql-42.7.10.jar:42.7.10]
	at org.postgresql.core.v3.QueryExecutorImpl.processResults(QueryExecutorImpl.java:2561) ~[postgresql-42.7.10.jar:42.7.10]
	at org.postgresql.core.v3.QueryExecutorImpl.execute(QueryExecutorImpl.java:672) ~[postgresql-42.7.10.jar:42.7.10]
	at org.postgresql.jdbc.PgStatement.internalExecuteBatch(PgStatement.java:892) ~[postgresql-42.7.10.jar:42.7.10]
	at org.postgresql.jdbc.PgStatement.executeBatch(PgStatement.java:916) ~[postgresql-42.7.10.jar:42.7.10]
	at org.postgresql.jdbc.PgPreparedStatement.executeBatch(PgPreparedStatement.java:1778) ~[postgresql-42.7.10.jar:42.7.10]
	at com.zaxxer.hikari.pool.ProxyStatement.executeBatch(ProxyStatement.java:128) ~[HikariCP-7.0.2.jar:na]
	at com.zaxxer.hikari.pool.HikariProxyPreparedStatement.executeBatch(HikariProxyPreparedStatement.java) ~[HikariCP-7.0.2.jar:na]
	at org.hibernate.engine.jdbc.batch.internal.BatchImpl.lambda$performExecution$0(BatchImpl.java:256) ~[hibernate-core-7.2.12.Final.jar:7.2.12.Final]
	... 163 common frames omitted
Caused by: org.postgresql.util.PSQLException: ERROR: duplicate key value violates unique constraint "processed_stripe_events_pkey"
  Detail: Key (event_id)=(evt_1Ti7zqRvatHdxYAolSdCn4Rv) already exists.
	at org.postgresql.core.v3.QueryExecutorImpl.receiveErrorResponse(QueryExecutorImpl.java:2875) ~[postgresql-42.7.10.jar:42.7.10]
	at org.postgresql.core.v3.QueryExecutorImpl.processResults(QueryExecutorImpl.java:2560) ~[postgresql-42.7.10.jar:42.7.10]
	... 170 common frames omitted

2026-06-14T01:58:28.299-05:00  INFO 51478 --- [backend] [SpringApplicationShutdownHook] [                                                 ] o.s.boot.tomcat.GracefulShutdown         : Commencing graceful shutdown. Waiting for active requests to complete
2026-06-14T01:58:28.306-05:00  INFO 51478 --- [backend] [tomcat-shutdown] [                                                 ] o.s.boot.tomcat.GracefulShutdown         : Graceful shutdown complete
2026-06-14T01:58:28.349-05:00  INFO 51478 --- [backend] [SpringApplicationShutdownHook] [                                                 ] j.LocalContainerEntityManagerFactoryBean : Closing JPA EntityManagerFactory for persistence unit 'default'
2026-06-14T01:58:28.352-05:00  INFO 51478 --- [backend] [SpringApplicationShutdownHook] [                                                 ] com.zaxxer.hikari.HikariDataSource       : HikariPool-1 - Shutdown initiated...
2026-06-14T01:58:28.847-05:00  INFO 51478 --- [backend] [SpringApplicationShutdownHook] [                                                 ] com.zaxxer.hikari.HikariDataSource       : HikariPool-1 - Shutdown completed.
2026-06-14T01:58:32.618-05:00  INFO 52281 --- [backend] [main] [                                                 ] com.nib.backend.BackendApplication       : Starting BackendApplication using Java 21.0.11 with PID 52281 (/Users/rmeji/Desktop/Coding/Nib/backend/target/classes started by rmeji in /Users/rmeji/Desktop/Coding/Nib/backend)
2026-06-14T01:58:32.620-05:00  INFO 52281 --- [backend] [main] [                                                 ] com.nib.backend.BackendApplication       : The following 1 profile is active: "dev"
2026-06-14T01:58:33.212-05:00  INFO 52281 --- [backend] [main] [                                                 ] .s.d.r.c.RepositoryConfigurationDelegate : Multiple Spring Data modules found, entering strict repository configuration mode
2026-06-14T01:58:33.212-05:00  INFO 52281 --- [backend] [main] [                                                 ] .s.d.r.c.RepositoryConfigurationDelegate : Bootstrapping Spring Data JPA repositories in DEFAULT mode.
2026-06-14T01:58:33.308-05:00  INFO 52281 --- [backend] [main] [                                                 ] .s.d.r.c.RepositoryConfigurationDelegate : Finished Spring Data repository scanning in 91 ms. Found 11 JPA repository interfaces.
2026-06-14T01:58:33.673-05:00  INFO 52281 --- [backend] [main] [                                                 ] o.s.boot.tomcat.TomcatWebServer          : Tomcat initialized with port 8080 (http)
2026-06-14T01:58:33.683-05:00  INFO 52281 --- [backend] [main] [                                                 ] o.apache.catalina.core.StandardService   : Starting service [Tomcat]
2026-06-14T01:58:33.683-05:00  INFO 52281 --- [backend] [main] [                                                 ] o.apache.catalina.core.StandardEngine    : Starting Servlet engine: [Apache Tomcat/11.0.21]
2026-06-14T01:58:33.725-05:00  INFO 52281 --- [backend] [main] [                                                 ] b.w.c.s.WebApplicationContextInitializer : Root WebApplicationContext: initialization completed in 1084 ms
2026-06-14T01:58:33.880-05:00  INFO 52281 --- [backend] [main] [                                                 ] org.hibernate.orm.jpa                    : HHH008540: Processing PersistenceUnitInfo [name: default]
2026-06-14T01:58:33.914-05:00  INFO 52281 --- [backend] [main] [                                                 ] org.hibernate.orm.core                   : HHH000001: Hibernate ORM core version 7.2.12.Final
2026-06-14T01:58:34.156-05:00  INFO 52281 --- [backend] [main] [                                                 ] o.s.o.j.p.SpringPersistenceUnitInfo      : No LoadTimeWeaver setup: ignoring JPA class transformer
2026-06-14T01:58:34.173-05:00  INFO 52281 --- [backend] [main] [                                                 ] com.zaxxer.hikari.HikariDataSource       : HikariPool-1 - Starting...
2026-06-14T01:58:34.919-05:00  INFO 52281 --- [backend] [main] [                                                 ] com.zaxxer.hikari.pool.HikariPool        : HikariPool-1 - Added connection org.postgresql.jdbc.PgConnection@55300b93
2026-06-14T01:58:34.921-05:00  INFO 52281 --- [backend] [main] [                                                 ] com.zaxxer.hikari.HikariDataSource       : HikariPool-1 - Start completed.
2026-06-14T01:58:35.916-05:00  INFO 52281 --- [backend] [main] [                                                 ] org.hibernate.orm.core                   : HHH000489: No JTA platform available (set 'hibernate.transaction.jta.platform' to enable JTA platform integration)
2026-06-14T01:58:35.917-05:00  INFO 52281 --- [backend] [main] [                                                 ] org.hibernate.orm.jdbc.batch             : HHH100501: Automatic JDBC statement batching enabled (maximum batch size 50)
2026-06-14T01:58:36.746-05:00  INFO 52281 --- [backend] [main] [                                                 ] j.LocalContainerEntityManagerFactoryBean : Initialized JPA EntityManagerFactory for persistence unit 'default'
2026-06-14T01:58:36.814-05:00  INFO 52281 --- [backend] [main] [                                                 ] o.s.d.j.r.query.QueryEnhancerFactories   : Hibernate is in classpath; If applicable, HQL parser will be used.
2026-06-14T01:58:37.226-05:00 ERROR 52281 --- [backend] [main] [                                                 ] i.n.r.d.DnsServerAddressStreamProviders  : Unable to load io.netty.resolver.dns.macos.MacOSDnsServerAddressStreamProvider, fallback to system defaults. This may result in incorrect DNS resolutions on MacOS. Check whether you have a dependency on 'io.netty:netty-resolver-dns-native-macos'. Use DEBUG level to see the full stack: java.lang.UnsatisfiedLinkError: failed to load the required native library
2026-06-14T01:58:37.703-05:00  INFO 52281 --- [backend] [main] [                                                 ] o.s.boot.web.servlet.RegistrationBean    : Filter apiRateLimitFilterRegistration was not registered (disabled)
2026-06-14T01:58:37.735-05:00  INFO 52281 --- [backend] [main] [                                                 ] eAuthenticationProviderManagerConfigurer : Global AuthenticationManager configured with AuthenticationProvider bean with name authenticationProvider
2026-06-14T01:58:39.010-05:00  INFO 52281 --- [backend] [main] [                                                 ] o.s.b.a.e.web.EndpointLinksResolver      : Exposing 4 endpoints beneath base path '/actuator'
2026-06-14T01:58:39.088-05:00  INFO 52281 --- [backend] [main] [                                                 ] o.s.boot.tomcat.TomcatWebServer          : Tomcat started on port 8080 (http) with context path '/'
2026-06-14T01:58:39.099-05:00  INFO 52281 --- [backend] [main] [                                                 ] com.nib.backend.BackendApplication       : Started BackendApplication in 6.717 seconds (process running for 6.947)
2026-06-14T01:58:39.142-05:00  INFO 52281 --- [backend] [main] [                                                 ] c.n.b.config.DatabaseMigrationRunner     : Running idempotent database migrations...
2026-06-14T01:58:39.875-05:00  INFO 52281 --- [backend] [main] [                                                 ] c.n.b.config.DatabaseMigrationRunner     : tsvector column, GIN index, and auto-populate trigger verified on content_blocks
2026-06-14T01:58:40.068-05:00  INFO 52281 --- [backend] [main] [                                                 ] c.n.b.config.DatabaseMigrationRunner     : Partial-ingestion warning columns verified on ingestion_jobs
2026-06-14T01:58:40.140-05:00  INFO 52281 --- [backend] [main] [                                                 ] c.n.b.config.DatabaseMigrationRunner     : Structured visual evidence columns verified on content_blocks
2026-06-14T01:58:40.255-05:00  INFO 52281 --- [backend] [main] [                                                 ] c.n.b.config.DatabaseMigrationRunner     : Answer audit table verified
2026-06-14T01:58:40.376-05:00  INFO 52281 --- [backend] [main] [                                                 ] c.n.b.config.DatabaseMigrationRunner     : Chat message feedback table verified
2026-06-14T01:58:40.577-05:00  INFO 52281 --- [backend] [main] [                                                 ] c.n.b.config.DatabaseMigrationRunner     : Semantic cache tables verified
2026-06-14T01:58:40.693-05:00  INFO 52281 --- [backend] [main] [                                                 ] c.n.b.config.DatabaseMigrationRunner     : Cost usage telemetry table verified
2026-06-14T01:58:40.694-05:00  INFO 52281 --- [backend] [main] [                                                 ] c.n.b.config.DatabaseMigrationRunner     : Database migrations complete.
2026-06-14T01:58:45.890-05:00  INFO 52281 --- [backend] [http-nio-8080-exec-1] [                                                 ] o.a.c.c.C.[Tomcat].[localhost].[/]       : Initializing Spring DispatcherServlet 'dispatcherServlet'
2026-06-14T01:58:45.891-05:00  INFO 52281 --- [backend] [http-nio-8080-exec-1] [                                                 ] o.s.web.servlet.DispatcherServlet        : Initializing Servlet 'dispatcherServlet'
2026-06-14T01:58:45.894-05:00  INFO 52281 --- [backend] [http-nio-8080-exec-1] [                                                 ] o.s.web.servlet.DispatcherServlet        : Completed initialization in 3 ms
2026-06-14T01:58:47.196-05:00  INFO 52281 --- [backend] [http-nio-8080-exec-1] [85b8d11c306b9c4956fbe12e052f8eb5-f24eb2118a5c8397] com.nib.backend.service.StripeService    : Resumed subscription for user 3a21ae4c-87ed-4a47-bd83-65f40154e448
2026-06-14T01:58:47.439-05:00  INFO 52281 --- [backend] [http-nio-8080-exec-3] [d5964bad6f3c15b7a51a9495cf54014e-fc439a659d8103a6] com.nib.backend.service.StripeService    : Subscription updated for user 3a21ae4c-87ed-4a47-bd83-65f40154e448 — status active, cancelAtPeriodEnd false
2026-06-14T01:58:47.439-05:00  INFO 52281 --- [backend] [http-nio-8080-exec-2] [521998e6ea09f31da2e921ca90e54739-1118ba5e8e1f3ca1] com.nib.backend.service.StripeService    : Subscription updated for user 3a21ae4c-87ed-4a47-bd83-65f40154e448 — status active, cancelAtPeriodEnd false
2026-06-14T01:58:47.580-05:00  INFO 52281 --- [backend] [http-nio-8080-exec-2] [521998e6ea09f31da2e921ca90e54739-1118ba5e8e1f3ca1] org.hibernate.orm.jdbc.batch             : HHH100503: JDBC batch still contained JDBC statements on release
2026-06-14T01:58:47.581-05:00  WARN 52281 --- [backend] [http-nio-8080-exec-2] [521998e6ea09f31da2e921ca90e54739-1118ba5e8e1f3ca1] org.hibernate.orm.jdbc.error             : HHH000247: ErrorCode: 0, SQLState: 23505
2026-06-14T01:58:47.581-05:00  WARN 52281 --- [backend] [http-nio-8080-exec-2] [521998e6ea09f31da2e921ca90e54739-1118ba5e8e1f3ca1] org.hibernate.orm.jdbc.error             : Batch entry 0 insert into processed_stripe_events (event_type,processed_at,event_id) values (('customer.subscription.updated'),('2026-06-14 06:58:47.439803+00'),('evt_1Ti80JRvatHdxYAo7nIPymD6')) was aborted: ERROR: duplicate key value violates unique constraint "processed_stripe_events_pkey"
  Detail: Key (event_id)=(evt_1Ti80JRvatHdxYAo7nIPymD6) already exists.  Call getNextException to see other errors in the batch.
2026-06-14T01:58:47.581-05:00  WARN 52281 --- [backend] [http-nio-8080-exec-2] [521998e6ea09f31da2e921ca90e54739-1118ba5e8e1f3ca1] org.hibernate.orm.jdbc.error             : HHH000247: ErrorCode: 0, SQLState: 23505
2026-06-14T01:58:47.581-05:00  WARN 52281 --- [backend] [http-nio-8080-exec-2] [521998e6ea09f31da2e921ca90e54739-1118ba5e8e1f3ca1] org.hibernate.orm.jdbc.error             : Batch entry 0 insert into processed_stripe_events (event_type,processed_at,event_id) values (('customer.subscription.updated'),('2026-06-14 06:58:47.439803+00'),('evt_1Ti80JRvatHdxYAo7nIPymD6')) was aborted: ERROR: duplicate key value violates unique constraint "processed_stripe_events_pkey"
  Detail: Key (event_id)=(evt_1Ti80JRvatHdxYAo7nIPymD6) already exists.  Call getNextException to see other errors in the batch.
2026-06-14T01:58:47.628-05:00  INFO 52281 --- [backend] [http-nio-8080-exec-2] [521998e6ea09f31da2e921ca90e54739-1118ba5e8e1f3ca1] c.n.backend.controller.StripeController  : Duplicate Stripe event delivery ignored (already processed)
2026-06-14T01:58:54.474-05:00  INFO 52281 --- [backend] [http-nio-8080-exec-5] [5aa78c3a969b705e65963c608f80afc0-e5b51e45121f92b0] com.nib.backend.service.StripeService    : Scheduled cancellation for user 3a21ae4c-87ed-4a47-bd83-65f40154e448 at 2026-07-14T06:23:09Z
2026-06-14T01:58:54.899-05:00  INFO 52281 --- [backend] [http-nio-8080-exec-7] [5ea92b9730d0858a07125b70cd253f56-1393e87b82449317] com.nib.backend.service.StripeService    : Subscription updated for user 3a21ae4c-87ed-4a47-bd83-65f40154e448 — status active, cancelAtPeriodEnd true
2026-06-14T01:58:54.940-05:00  INFO 52281 --- [backend] [http-nio-8080-exec-8] [59e5516fed53d8ea71f040776e7a0e3d-b0d9f4655983b209] com.nib.backend.service.StripeService    : Subscription updated for user 3a21ae4c-87ed-4a47-bd83-65f40154e448 — status active, cancelAtPeriodEnd true
2026-06-14T01:58:55.022-05:00  INFO 52281 --- [backend] [http-nio-8080-exec-8] [59e5516fed53d8ea71f040776e7a0e3d-b0d9f4655983b209] org.hibernate.orm.jdbc.batch             : HHH100503: JDBC batch still contained JDBC statements on release
2026-06-14T01:58:55.022-05:00  WARN 52281 --- [backend] [http-nio-8080-exec-8] [59e5516fed53d8ea71f040776e7a0e3d-b0d9f4655983b209] org.hibernate.orm.jdbc.error             : HHH000247: ErrorCode: 0, SQLState: 23505
2026-06-14T01:58:55.022-05:00  WARN 52281 --- [backend] [http-nio-8080-exec-8] [59e5516fed53d8ea71f040776e7a0e3d-b0d9f4655983b209] org.hibernate.orm.jdbc.error             : Batch entry 0 insert into processed_stripe_events (event_type,processed_at,event_id) values (('customer.subscription.updated'),('2026-06-14 06:58:54.943004+00'),('evt_1Ti80QRvatHdxYAojZGV7T9B')) was aborted: ERROR: duplicate key value violates unique constraint "processed_stripe_events_pkey"
  Detail: Key (event_id)=(evt_1Ti80QRvatHdxYAojZGV7T9B) already exists.  Call getNextException to see other errors in the batch.
2026-06-14T01:58:55.022-05:00  WARN 52281 --- [backend] [http-nio-8080-exec-8] [59e5516fed53d8ea71f040776e7a0e3d-b0d9f4655983b209] org.hibernate.orm.jdbc.error             : HHH000247: ErrorCode: 0, SQLState: 23505
2026-06-14T01:58:55.022-05:00  WARN 52281 --- [backend] [http-nio-8080-exec-8] [59e5516fed53d8ea71f040776e7a0e3d-b0d9f4655983b209] org.hibernate.orm.jdbc.error             : Batch entry 0 insert into processed_stripe_events (event_type,processed_at,event_id) values (('customer.subscription.updated'),('2026-06-14 06:58:54.943004+00'),('evt_1Ti80QRvatHdxYAojZGV7T9B')) was aborted: ERROR: duplicate key value violates unique constraint "processed_stripe_events_pkey"
  Detail: Key (event_id)=(evt_1Ti80QRvatHdxYAojZGV7T9B) already exists.  Call getNextException to see other errors in the batch.
2026-06-14T01:58:55.060-05:00  INFO 52281 --- [backend] [http-nio-8080-exec-8] [59e5516fed53d8ea71f040776e7a0e3d-b0d9f4655983b209] c.n.backend.controller.StripeController  : Duplicate Stripe event delivery ignored (already processed)
2026-06-14T02:43:19.472-05:00  INFO 52281 --- [backend] [SpringApplicationShutdownHook] [                                                 ] o.s.boot.tomcat.GracefulShutdown         : Commencing graceful shutdown. Waiting for active requests to complete
2026-06-14T02:43:19.521-05:00  INFO 52281 --- [backend] [tomcat-shutdown] [                                                 ] o.s.boot.tomcat.GracefulShutdown         : Graceful shutdown complete
2026-06-14T02:43:19.621-05:00  INFO 52281 --- [backend] [SpringApplicationShutdownHook] [                                                 ] j.LocalContainerEntityManagerFactoryBean : Closing JPA EntityManagerFactory for persistence unit 'default'
2026-06-14T02:43:19.646-05:00  INFO 52281 --- [backend] [SpringApplicationShutdownHook] [                                                 ] com.zaxxer.hikari.HikariDataSource       : HikariPool-1 - Shutdown initiated...
2026-06-14T02:43:20.088-05:00  INFO 52281 --- [backend] [SpringApplicationShutdownHook] [                                                 ] com.zaxxer.hikari.HikariDataSource       : HikariPool-1 - Shutdown completed.
2026-06-14T02:43:24.173-05:00  INFO 55381 --- [backend] [main] [                                                 ] com.nib.backend.BackendApplication       : Starting BackendApplication using Java 21.0.11 with PID 55381 (/Users/rmeji/Desktop/Coding/Nib/backend/target/classes started by rmeji in /Users/rmeji/Desktop/Coding/Nib/backend)
2026-06-14T02:43:24.175-05:00  INFO 55381 --- [backend] [main] [                                                 ] com.nib.backend.BackendApplication       : The following 1 profile is active: "dev"
2026-06-14T02:43:24.773-05:00  INFO 55381 --- [backend] [main] [                                                 ] .s.d.r.c.RepositoryConfigurationDelegate : Multiple Spring Data modules found, entering strict repository configuration mode
2026-06-14T02:43:24.774-05:00  INFO 55381 --- [backend] [main] [                                                 ] .s.d.r.c.RepositoryConfigurationDelegate : Bootstrapping Spring Data JPA repositories in DEFAULT mode.
2026-06-14T02:43:24.866-05:00  INFO 55381 --- [backend] [main] [                                                 ] .s.d.r.c.RepositoryConfigurationDelegate : Finished Spring Data repository scanning in 87 ms. Found 11 JPA repository interfaces.
2026-06-14T02:43:25.244-05:00  INFO 55381 --- [backend] [main] [                                                 ] o.s.boot.tomcat.TomcatWebServer          : Tomcat initialized with port 8080 (http)
2026-06-14T02:43:25.252-05:00  INFO 55381 --- [backend] [main] [                                                 ] o.apache.catalina.core.StandardService   : Starting service [Tomcat]
2026-06-14T02:43:25.253-05:00  INFO 55381 --- [backend] [main] [                                                 ] o.apache.catalina.core.StandardEngine    : Starting Servlet engine: [Apache Tomcat/11.0.21]
2026-06-14T02:43:25.292-05:00  INFO 55381 --- [backend] [main] [                                                 ] b.w.c.s.WebApplicationContextInitializer : Root WebApplicationContext: initialization completed in 1095 ms
2026-06-14T02:43:25.364-05:00  INFO 55381 --- [backend] [main] [                                                 ] org.hibernate.orm.jpa                    : HHH008540: Processing PersistenceUnitInfo [name: default]
2026-06-14T02:43:25.395-05:00  INFO 55381 --- [backend] [main] [                                                 ] org.hibernate.orm.core                   : HHH000001: Hibernate ORM core version 7.2.12.Final
2026-06-14T02:43:25.630-05:00  INFO 55381 --- [backend] [main] [                                                 ] o.s.o.j.p.SpringPersistenceUnitInfo      : No LoadTimeWeaver setup: ignoring JPA class transformer
2026-06-14T02:43:25.650-05:00  INFO 55381 --- [backend] [main] [                                                 ] com.zaxxer.hikari.HikariDataSource       : HikariPool-1 - Starting...
2026-06-14T02:43:26.335-05:00  INFO 55381 --- [backend] [main] [                                                 ] com.zaxxer.hikari.pool.HikariPool        : HikariPool-1 - Added connection org.postgresql.jdbc.PgConnection@37c45154
2026-06-14T02:43:26.337-05:00  INFO 55381 --- [backend] [main] [                                                 ] com.zaxxer.hikari.HikariDataSource       : HikariPool-1 - Start completed.
2026-06-14T02:43:27.236-05:00  INFO 55381 --- [backend] [main] [                                                 ] org.hibernate.orm.core                   : HHH000489: No JTA platform available (set 'hibernate.transaction.jta.platform' to enable JTA platform integration)
2026-06-14T02:43:27.238-05:00  INFO 55381 --- [backend] [main] [                                                 ] org.hibernate.orm.jdbc.batch             : HHH100501: Automatic JDBC statement batching enabled (maximum batch size 50)
2026-06-14T02:43:28.242-05:00  INFO 55381 --- [backend] [main] [                                                 ] j.LocalContainerEntityManagerFactoryBean : Initialized JPA EntityManagerFactory for persistence unit 'default'
2026-06-14T02:43:28.309-05:00  INFO 55381 --- [backend] [main] [                                                 ] o.s.d.j.r.query.QueryEnhancerFactories   : Hibernate is in classpath; If applicable, HQL parser will be used.
2026-06-14T02:43:28.693-05:00 ERROR 55381 --- [backend] [main] [                                                 ] i.n.r.d.DnsServerAddressStreamProviders  : Unable to load io.netty.resolver.dns.macos.MacOSDnsServerAddressStreamProvider, fallback to system defaults. This may result in incorrect DNS resolutions on MacOS. Check whether you have a dependency on 'io.netty:netty-resolver-dns-native-macos'. Use DEBUG level to see the full stack: java.lang.UnsatisfiedLinkError: failed to load the required native library
2026-06-14T02:43:29.090-05:00  INFO 55381 --- [backend] [main] [                                                 ] o.s.boot.web.servlet.RegistrationBean    : Filter apiRateLimitFilterRegistration was not registered (disabled)
2026-06-14T02:43:29.122-05:00  INFO 55381 --- [backend] [main] [                                                 ] eAuthenticationProviderManagerConfigurer : Global AuthenticationManager configured with AuthenticationProvider bean with name authenticationProvider
2026-06-14T02:43:30.178-05:00  INFO 55381 --- [backend] [main] [                                                 ] o.s.b.a.e.web.EndpointLinksResolver      : Exposing 4 endpoints beneath base path '/actuator'
2026-06-14T02:43:30.237-05:00  INFO 55381 --- [backend] [main] [                                                 ] o.s.boot.tomcat.TomcatWebServer          : Tomcat started on port 8080 (http) with context path '/'
2026-06-14T02:43:30.246-05:00  INFO 55381 --- [backend] [main] [                                                 ] com.nib.backend.BackendApplication       : Started BackendApplication in 6.295 seconds (process running for 6.504)
2026-06-14T02:43:30.291-05:00  INFO 55381 --- [backend] [main] [                                                 ] c.n.b.config.DatabaseMigrationRunner     : Running idempotent database migrations...
2026-06-14T02:43:31.065-05:00  INFO 55381 --- [backend] [main] [                                                 ] c.n.b.config.DatabaseMigrationRunner     : tsvector column, GIN index, and auto-populate trigger verified on content_blocks
2026-06-14T02:43:31.303-05:00  INFO 55381 --- [backend] [main] [                                                 ] c.n.b.config.DatabaseMigrationRunner     : Partial-ingestion warning columns verified on ingestion_jobs
2026-06-14T02:43:31.400-05:00  INFO 55381 --- [backend] [main] [                                                 ] c.n.b.config.DatabaseMigrationRunner     : Structured visual evidence columns verified on content_blocks
2026-06-14T02:43:31.527-05:00  INFO 55381 --- [backend] [main] [                                                 ] c.n.b.config.DatabaseMigrationRunner     : Answer audit table verified
2026-06-14T02:43:31.654-05:00  INFO 55381 --- [backend] [main] [                                                 ] c.n.b.config.DatabaseMigrationRunner     : Chat message feedback table verified
2026-06-14T02:43:31.855-05:00  INFO 55381 --- [backend] [main] [                                                 ] c.n.b.config.DatabaseMigrationRunner     : Semantic cache tables verified
2026-06-14T02:43:31.983-05:00  INFO 55381 --- [backend] [main] [                                                 ] c.n.b.config.DatabaseMigrationRunner     : Cost usage telemetry table verified
2026-06-14T02:43:31.983-05:00  INFO 55381 --- [backend] [main] [                                                 ] c.n.b.config.DatabaseMigrationRunner     : Database migrations complete.
2026-06-14T02:44:40.882-05:00  INFO 55381 --- [backend] [http-nio-8080-exec-4] [                                                 ] o.a.c.c.C.[Tomcat].[localhost].[/]       : Initializing Spring DispatcherServlet 'dispatcherServlet'
2026-06-14T02:44:40.882-05:00  INFO 55381 --- [backend] [http-nio-8080-exec-4] [                                                 ] o.s.web.servlet.DispatcherServlet        : Initializing Servlet 'dispatcherServlet'
2026-06-14T02:44:40.892-05:00  INFO 55381 --- [backend] [http-nio-8080-exec-4] [                                                 ] o.s.web.servlet.DispatcherServlet        : Completed initialization in 9 ms
2026-06-14T02:58:20.906-05:00  INFO 55381 --- [backend] [SpringApplicationShutdownHook] [                                                 ] o.s.boot.tomcat.GracefulShutdown         : Commencing graceful shutdown. Waiting for active requests to complete
2026-06-14T02:58:20.914-05:00  INFO 55381 --- [backend] [tomcat-shutdown] [                                                 ] o.s.boot.tomcat.GracefulShutdown         : Graceful shutdown complete
2026-06-14T02:58:20.948-05:00  INFO 55381 --- [backend] [SpringApplicationShutdownHook] [                                                 ] j.LocalContainerEntityManagerFactoryBean : Closing JPA EntityManagerFactory for persistence unit 'default'
2026-06-14T02:58:20.951-05:00  INFO 55381 --- [backend] [SpringApplicationShutdownHook] [                                                 ] com.zaxxer.hikari.HikariDataSource       : HikariPool-1 - Shutdown initiated...
2026-06-14T02:58:21.464-05:00  INFO 55381 --- [backend] [SpringApplicationShutdownHook] [                                                 ] com.zaxxer.hikari.HikariDataSource       : HikariPool-1 - Shutdown completed.
2026-06-14T02:58:26.373-05:00  INFO 56989 --- [backend] [main] [                                                 ] com.nib.backend.BackendApplication       : Starting BackendApplication using Java 21.0.11 with PID 56989 (/Users/rmeji/Desktop/Coding/Nib/backend/target/classes started by rmeji in /Users/rmeji/Desktop/Coding/Nib/backend)
2026-06-14T02:58:26.375-05:00  INFO 56989 --- [backend] [main] [                                                 ] com.nib.backend.BackendApplication       : The following 1 profile is active: "dev"
2026-06-14T02:58:26.977-05:00  INFO 56989 --- [backend] [main] [                                                 ] .s.d.r.c.RepositoryConfigurationDelegate : Multiple Spring Data modules found, entering strict repository configuration mode
2026-06-14T02:58:26.977-05:00  INFO 56989 --- [backend] [main] [                                                 ] .s.d.r.c.RepositoryConfigurationDelegate : Bootstrapping Spring Data JPA repositories in DEFAULT mode.
2026-06-14T02:58:27.063-05:00  INFO 56989 --- [backend] [main] [                                                 ] .s.d.r.c.RepositoryConfigurationDelegate : Finished Spring Data repository scanning in 81 ms. Found 11 JPA repository interfaces.
2026-06-14T02:58:27.416-05:00  INFO 56989 --- [backend] [main] [                                                 ] o.s.boot.tomcat.TomcatWebServer          : Tomcat initialized with port 8080 (http)
2026-06-14T02:58:27.424-05:00  INFO 56989 --- [backend] [main] [                                                 ] o.apache.catalina.core.StandardService   : Starting service [Tomcat]
2026-06-14T02:58:27.425-05:00  INFO 56989 --- [backend] [main] [                                                 ] o.apache.catalina.core.StandardEngine    : Starting Servlet engine: [Apache Tomcat/11.0.21]
2026-06-14T02:58:27.457-05:00  INFO 56989 --- [backend] [main] [                                                 ] b.w.c.s.WebApplicationContextInitializer : Root WebApplicationContext: initialization completed in 1060 ms
2026-06-14T02:58:27.528-05:00  INFO 56989 --- [backend] [main] [                                                 ] org.hibernate.orm.jpa                    : HHH008540: Processing PersistenceUnitInfo [name: default]
2026-06-14T02:58:27.561-05:00  INFO 56989 --- [backend] [main] [                                                 ] org.hibernate.orm.core                   : HHH000001: Hibernate ORM core version 7.2.12.Final
2026-06-14T02:58:27.794-05:00  INFO 56989 --- [backend] [main] [                                                 ] o.s.o.j.p.SpringPersistenceUnitInfo      : No LoadTimeWeaver setup: ignoring JPA class transformer
2026-06-14T02:58:27.811-05:00  INFO 56989 --- [backend] [main] [                                                 ] com.zaxxer.hikari.HikariDataSource       : HikariPool-1 - Starting...
2026-06-14T02:58:28.494-05:00  INFO 56989 --- [backend] [main] [                                                 ] com.zaxxer.hikari.pool.HikariPool        : HikariPool-1 - Added connection org.postgresql.jdbc.PgConnection@10bcbbed
2026-06-14T02:58:28.496-05:00  INFO 56989 --- [backend] [main] [                                                 ] com.zaxxer.hikari.HikariDataSource       : HikariPool-1 - Start completed.
2026-06-14T02:58:29.397-05:00  INFO 56989 --- [backend] [main] [                                                 ] org.hibernate.orm.core                   : HHH000489: No JTA platform available (set 'hibernate.transaction.jta.platform' to enable JTA platform integration)
2026-06-14T02:58:29.399-05:00  INFO 56989 --- [backend] [main] [                                                 ] org.hibernate.orm.jdbc.batch             : HHH100501: Automatic JDBC statement batching enabled (maximum batch size 50)
2026-06-14T02:58:30.232-05:00  INFO 56989 --- [backend] [main] [                                                 ] j.LocalContainerEntityManagerFactoryBean : Initialized JPA EntityManagerFactory for persistence unit 'default'
2026-06-14T02:58:30.284-05:00  INFO 56989 --- [backend] [main] [                                                 ] o.s.d.j.r.query.QueryEnhancerFactories   : Hibernate is in classpath; If applicable, HQL parser will be used.
2026-06-14T02:58:30.667-05:00 ERROR 56989 --- [backend] [main] [                                                 ] i.n.r.d.DnsServerAddressStreamProviders  : Unable to load io.netty.resolver.dns.macos.MacOSDnsServerAddressStreamProvider, fallback to system defaults. This may result in incorrect DNS resolutions on MacOS. Check whether you have a dependency on 'io.netty:netty-resolver-dns-native-macos'. Use DEBUG level to see the full stack: java.lang.UnsatisfiedLinkError: failed to load the required native library
2026-06-14T02:58:31.071-05:00  INFO 56989 --- [backend] [main] [                                                 ] o.s.boot.web.servlet.RegistrationBean    : Filter apiRateLimitFilterRegistration was not registered (disabled)
2026-06-14T02:58:31.181-05:00  INFO 56989 --- [backend] [main] [                                                 ] eAuthenticationProviderManagerConfigurer : Global AuthenticationManager configured with AuthenticationProvider bean with name authenticationProvider
2026-06-14T02:58:32.190-05:00  INFO 56989 --- [backend] [main] [                                                 ] o.s.b.a.e.web.EndpointLinksResolver      : Exposing 4 endpoints beneath base path '/actuator'
2026-06-14T02:58:32.245-05:00  INFO 56989 --- [backend] [main] [                                                 ] o.s.boot.tomcat.TomcatWebServer          : Tomcat started on port 8080 (http) with context path '/'
2026-06-14T02:58:32.256-05:00  INFO 56989 --- [backend] [main] [                                                 ] com.nib.backend.BackendApplication       : Started BackendApplication in 6.096 seconds (process running for 6.289)
2026-06-14T02:58:32.298-05:00  INFO 56989 --- [backend] [main] [                                                 ] c.n.b.config.DatabaseMigrationRunner     : Running idempotent database migrations...
2026-06-14T02:58:33.023-05:00  INFO 56989 --- [backend] [main] [                                                 ] c.n.b.config.DatabaseMigrationRunner     : tsvector column, GIN index, and auto-populate trigger verified on content_blocks
2026-06-14T02:58:33.235-05:00  INFO 56989 --- [backend] [main] [                                                 ] c.n.b.config.DatabaseMigrationRunner     : Partial-ingestion warning columns verified on ingestion_jobs
2026-06-14T02:58:33.319-05:00  INFO 56989 --- [backend] [main] [                                                 ] c.n.b.config.DatabaseMigrationRunner     : Structured visual evidence columns verified on content_blocks
2026-06-14T02:58:33.443-05:00  INFO 56989 --- [backend] [main] [                                                 ] c.n.b.config.DatabaseMigrationRunner     : Answer audit table verified
2026-06-14T02:58:34.003-05:00  INFO 56989 --- [backend] [main] [                                                 ] c.n.b.config.DatabaseMigrationRunner     : Chat message feedback table verified
2026-06-14T02:58:34.200-05:00  INFO 56989 --- [backend] [main] [                                                 ] c.n.b.config.DatabaseMigrationRunner     : Semantic cache tables verified
2026-06-14T02:58:34.323-05:00  INFO 56989 --- [backend] [main] [                                                 ] c.n.b.config.DatabaseMigrationRunner     : Cost usage telemetry table verified
2026-06-14T02:58:34.324-05:00  INFO 56989 --- [backend] [main] [                                                 ] c.n.b.config.DatabaseMigrationRunner     : Database migrations complete.
2026-06-14T02:58:52.796-05:00  INFO 56989 --- [backend] [http-nio-8080-exec-1] [                                                 ] o.a.c.c.C.[Tomcat].[localhost].[/]       : Initializing Spring DispatcherServlet 'dispatcherServlet'
2026-06-14T02:58:52.798-05:00  INFO 56989 --- [backend] [http-nio-8080-exec-1] [                                                 ] o.s.web.servlet.DispatcherServlet        : Initializing Servlet 'dispatcherServlet'
2026-06-14T02:58:52.804-05:00  INFO 56989 --- [backend] [http-nio-8080-exec-1] [                                                 ] o.s.web.servlet.DispatcherServlet        : Completed initialization in 6 ms
2026-06-14T02:58:54.249-05:00  INFO 56989 --- [backend] [http-nio-8080-exec-2] [f4cde9d8df122b00280ef4dce28f1a1e-a25516bb89cddd4f] com.nib.backend.service.StripeService    : Immediately canceled Stripe subscription sub_1Ti7RpRvatHdxYAokJBlrGk7
2026-06-14T02:58:54.454-05:00  INFO 56989 --- [backend] [http-nio-8080-exec-2] [f4cde9d8df122b00280ef4dce28f1a1e-a25516bb89cddd4f] c.n.b.service.AccountDeletionService     : Account deletion scheduled for user 3a21ae4c-87ed-4a47-bd83-65f40154e448
2026-06-14T02:58:54.454-05:00  INFO 56989 --- [backend] [account-deletion-1] [                                                 ] c.n.b.service.AccountDeletionRunner      : Starting data purge for user 3a21ae4c-87ed-4a47-bd83-65f40154e448
2026-06-14T02:58:54.619-05:00  INFO 56989 --- [backend] [http-nio-8080-exec-4] [941033ea3f64bc372f86bf55670de240-1f4e950d785bf9f3] com.nib.backend.service.StripeService    : Downgraded user 3a21ae4c-87ed-4a47-bd83-65f40154e448 to FREE tier after subscription deletion
2026-06-14T02:58:54.619-05:00  INFO 56989 --- [backend] [http-nio-8080-exec-3] [1f6cb6381fcf9a36e4ed77c613ced60a-83d37b3411e76bd8] com.nib.backend.service.StripeService    : Downgraded user 3a21ae4c-87ed-4a47-bd83-65f40154e448 to FREE tier after subscription deletion
2026-06-14T02:58:54.792-05:00  INFO 56989 --- [backend] [http-nio-8080-exec-4] [941033ea3f64bc372f86bf55670de240-1f4e950d785bf9f3] org.hibernate.orm.jdbc.batch             : HHH100503: JDBC batch still contained JDBC statements on release
2026-06-14T02:58:54.794-05:00  WARN 56989 --- [backend] [http-nio-8080-exec-4] [941033ea3f64bc372f86bf55670de240-1f4e950d785bf9f3] org.hibernate.orm.jdbc.error             : HHH000247: ErrorCode: 0, SQLState: 23505
2026-06-14T02:58:54.794-05:00  WARN 56989 --- [backend] [http-nio-8080-exec-4] [941033ea3f64bc372f86bf55670de240-1f4e950d785bf9f3] org.hibernate.orm.jdbc.error             : Batch entry 0 insert into processed_stripe_events (event_type,processed_at,event_id) values (('customer.subscription.deleted'),('2026-06-14 07:58:54.61934+00'),('evt_1Ti8wURvatHdxYAoFKnLC1L6')) was aborted: ERROR: duplicate key value violates unique constraint "processed_stripe_events_pkey"
  Detail: Key (event_id)=(evt_1Ti8wURvatHdxYAoFKnLC1L6) already exists.  Call getNextException to see other errors in the batch.
2026-06-14T02:58:54.794-05:00  WARN 56989 --- [backend] [http-nio-8080-exec-4] [941033ea3f64bc372f86bf55670de240-1f4e950d785bf9f3] org.hibernate.orm.jdbc.error             : HHH000247: ErrorCode: 0, SQLState: 23505
2026-06-14T02:58:54.794-05:00  WARN 56989 --- [backend] [http-nio-8080-exec-4] [941033ea3f64bc372f86bf55670de240-1f4e950d785bf9f3] org.hibernate.orm.jdbc.error             : Batch entry 0 insert into processed_stripe_events (event_type,processed_at,event_id) values (('customer.subscription.deleted'),('2026-06-14 07:58:54.61934+00'),('evt_1Ti8wURvatHdxYAoFKnLC1L6')) was aborted: ERROR: duplicate key value violates unique constraint "processed_stripe_events_pkey"
  Detail: Key (event_id)=(evt_1Ti8wURvatHdxYAoFKnLC1L6) already exists.  Call getNextException to see other errors in the batch.
2026-06-14T02:58:54.838-05:00  INFO 56989 --- [backend] [http-nio-8080-exec-4] [941033ea3f64bc372f86bf55670de240-1f4e950d785bf9f3] c.n.backend.controller.StripeController  : Duplicate Stripe event delivery ignored (already processed)
2026-06-14T02:58:56.257-05:00  INFO 56989 --- [backend] [account-deletion-1] [                                                 ] c.n.b.service.SupabaseStorageService     : Deleted 2 storage object(s)
2026-06-14T02:58:56.257-05:00  INFO 56989 --- [backend] [account-deletion-1] [                                                 ] c.n.b.service.AccountDeletionRunner      : Completed data purge for user 3a21ae4c-87ed-4a47-bd83-65f40154e448 (2 file(s))
2026-06-14T03:08:30.455-05:00  INFO 56989 --- [backend] [SpringApplicationShutdownHook] [                                                 ] o.s.boot.tomcat.GracefulShutdown         : Commencing graceful shutdown. Waiting for active requests to complete
2026-06-14T03:08:30.469-05:00  INFO 56989 --- [backend] [tomcat-shutdown] [                                                 ] o.s.boot.tomcat.GracefulShutdown         : Graceful shutdown complete
2026-06-14T03:08:30.552-05:00  INFO 56989 --- [backend] [SpringApplicationShutdownHook] [                                                 ] j.LocalContainerEntityManagerFactoryBean : Closing JPA EntityManagerFactory for persistence unit 'default'
2026-06-14T03:08:30.572-05:00  INFO 56989 --- [backend] [SpringApplicationShutdownHook] [                                                 ] com.zaxxer.hikari.HikariDataSource       : HikariPool-1 - Shutdown initiated...
2026-06-14T03:08:31.051-05:00  INFO 56989 --- [backend] [SpringApplicationShutdownHook] [                                                 ] com.zaxxer.hikari.HikariDataSource       : HikariPool-1 - Shutdown completed.
2026-06-14T03:08:36.330-05:00  INFO 58032 --- [backend] [main] [                                                 ] com.nib.backend.BackendApplication       : Starting BackendApplication using Java 21.0.11 with PID 58032 (/Users/rmeji/Desktop/Coding/Nib/backend/target/classes started by rmeji in /Users/rmeji/Desktop/Coding/Nib/backend)
2026-06-14T03:08:36.332-05:00  INFO 58032 --- [backend] [main] [                                                 ] com.nib.backend.BackendApplication       : The following 1 profile is active: "dev"
2026-06-14T03:08:36.924-05:00  INFO 58032 --- [backend] [main] [                                                 ] .s.d.r.c.RepositoryConfigurationDelegate : Multiple Spring Data modules found, entering strict repository configuration mode
2026-06-14T03:08:36.925-05:00  INFO 58032 --- [backend] [main] [                                                 ] .s.d.r.c.RepositoryConfigurationDelegate : Bootstrapping Spring Data JPA repositories in DEFAULT mode.
2026-06-14T03:08:37.013-05:00  INFO 58032 --- [backend] [main] [                                                 ] .s.d.r.c.RepositoryConfigurationDelegate : Finished Spring Data repository scanning in 84 ms. Found 11 JPA repository interfaces.
2026-06-14T03:08:37.376-05:00  INFO 58032 --- [backend] [main] [                                                 ] o.s.boot.tomcat.TomcatWebServer          : Tomcat initialized with port 8080 (http)
2026-06-14T03:08:37.384-05:00  INFO 58032 --- [backend] [main] [                                                 ] o.apache.catalina.core.StandardService   : Starting service [Tomcat]
2026-06-14T03:08:37.385-05:00  INFO 58032 --- [backend] [main] [                                                 ] o.apache.catalina.core.StandardEngine    : Starting Servlet engine: [Apache Tomcat/11.0.21]
2026-06-14T03:08:37.418-05:00  INFO 58032 --- [backend] [main] [                                                 ] b.w.c.s.WebApplicationContextInitializer : Root WebApplicationContext: initialization completed in 1063 ms
2026-06-14T03:08:37.487-05:00  INFO 58032 --- [backend] [main] [                                                 ] org.hibernate.orm.jpa                    : HHH008540: Processing PersistenceUnitInfo [name: default]
2026-06-14T03:08:37.518-05:00  INFO 58032 --- [backend] [main] [                                                 ] org.hibernate.orm.core                   : HHH000001: Hibernate ORM core version 7.2.12.Final
2026-06-14T03:08:37.749-05:00  INFO 58032 --- [backend] [main] [                                                 ] o.s.o.j.p.SpringPersistenceUnitInfo      : No LoadTimeWeaver setup: ignoring JPA class transformer
2026-06-14T03:08:37.768-05:00  INFO 58032 --- [backend] [main] [                                                 ] com.zaxxer.hikari.HikariDataSource       : HikariPool-1 - Starting...
2026-06-14T03:08:38.408-05:00  INFO 58032 --- [backend] [main] [                                                 ] com.zaxxer.hikari.pool.HikariPool        : HikariPool-1 - Added connection org.postgresql.jdbc.PgConnection@78805df3
2026-06-14T03:08:38.409-05:00  INFO 58032 --- [backend] [main] [                                                 ] com.zaxxer.hikari.HikariDataSource       : HikariPool-1 - Start completed.
2026-06-14T03:08:39.297-05:00  INFO 58032 --- [backend] [main] [                                                 ] org.hibernate.orm.core                   : HHH000489: No JTA platform available (set 'hibernate.transaction.jta.platform' to enable JTA platform integration)
2026-06-14T03:08:39.298-05:00  INFO 58032 --- [backend] [main] [                                                 ] org.hibernate.orm.jdbc.batch             : HHH100501: Automatic JDBC statement batching enabled (maximum batch size 50)
2026-06-14T03:08:40.067-05:00  WARN 58032 --- [backend] [main] [                                                 ] org.hibernate.orm.jdbc.warn              : HHH000247: ErrorCode: 0, SQLState: 00000
2026-06-14T03:08:40.068-05:00  WARN 58032 --- [backend] [main] [                                                 ] org.hibernate.orm.jdbc.warn              : constraint "ukovh8xmu9ac27t18m56gri58i1" of relation "users" does not exist, skipping
2026-06-14T03:08:40.224-05:00  INFO 58032 --- [backend] [main] [                                                 ] j.LocalContainerEntityManagerFactoryBean : Initialized JPA EntityManagerFactory for persistence unit 'default'
2026-06-14T03:08:40.293-05:00  INFO 58032 --- [backend] [main] [                                                 ] o.s.d.j.r.query.QueryEnhancerFactories   : Hibernate is in classpath; If applicable, HQL parser will be used.
2026-06-14T03:08:40.678-05:00 ERROR 58032 --- [backend] [main] [                                                 ] i.n.r.d.DnsServerAddressStreamProviders  : Unable to load io.netty.resolver.dns.macos.MacOSDnsServerAddressStreamProvider, fallback to system defaults. This may result in incorrect DNS resolutions on MacOS. Check whether you have a dependency on 'io.netty:netty-resolver-dns-native-macos'. Use DEBUG level to see the full stack: java.lang.UnsatisfiedLinkError: failed to load the required native library
2026-06-14T03:08:41.079-05:00  INFO 58032 --- [backend] [main] [                                                 ] o.s.boot.web.servlet.RegistrationBean    : Filter apiRateLimitFilterRegistration was not registered (disabled)
2026-06-14T03:08:41.195-05:00  INFO 58032 --- [backend] [main] [                                                 ] eAuthenticationProviderManagerConfigurer : Global AuthenticationManager configured with AuthenticationProvider bean with name authenticationProvider
2026-06-14T03:08:42.173-05:00  INFO 58032 --- [backend] [main] [                                                 ] o.s.b.a.e.web.EndpointLinksResolver      : Exposing 4 endpoints beneath base path '/actuator'
2026-06-14T03:08:42.227-05:00  INFO 58032 --- [backend] [main] [                                                 ] o.s.boot.tomcat.TomcatWebServer          : Tomcat started on port 8080 (http) with context path '/'
2026-06-14T03:08:42.236-05:00  INFO 58032 --- [backend] [main] [                                                 ] com.nib.backend.BackendApplication       : Started BackendApplication in 6.122 seconds (process running for 6.321)
2026-06-14T03:08:42.274-05:00  INFO 58032 --- [backend] [main] [                                                 ] c.n.b.config.DatabaseMigrationRunner     : Running idempotent database migrations...
2026-06-14T03:08:42.911-05:00  INFO 58032 --- [backend] [main] [                                                 ] c.n.b.config.DatabaseMigrationRunner     : tsvector column, GIN index, and auto-populate trigger verified on content_blocks
2026-06-14T03:08:43.114-05:00  INFO 58032 --- [backend] [main] [                                                 ] c.n.b.config.DatabaseMigrationRunner     : Partial-ingestion warning columns verified on ingestion_jobs
2026-06-14T03:08:43.197-05:00  INFO 58032 --- [backend] [main] [                                                 ] c.n.b.config.DatabaseMigrationRunner     : Structured visual evidence columns verified on content_blocks
2026-06-14T03:08:43.321-05:00  INFO 58032 --- [backend] [main] [                                                 ] c.n.b.config.DatabaseMigrationRunner     : Answer audit table verified
2026-06-14T03:08:43.449-05:00  INFO 58032 --- [backend] [main] [                                                 ] c.n.b.config.DatabaseMigrationRunner     : Chat message feedback table verified
2026-06-14T03:08:43.650-05:00  INFO 58032 --- [backend] [main] [                                                 ] c.n.b.config.DatabaseMigrationRunner     : Semantic cache tables verified
2026-06-14T03:08:43.770-05:00  INFO 58032 --- [backend] [main] [                                                 ] c.n.b.config.DatabaseMigrationRunner     : Cost usage telemetry table verified
2026-06-14T03:08:43.771-05:00  INFO 58032 --- [backend] [main] [                                                 ] c.n.b.config.DatabaseMigrationRunner     : Database migrations complete.
2026-06-14T03:13:33.164-05:00  INFO 58032 --- [backend] [http-nio-8080-exec-1] [                                                 ] o.a.c.c.C.[Tomcat].[localhost].[/]       : Initializing Spring DispatcherServlet 'dispatcherServlet'
2026-06-14T03:13:33.168-05:00  INFO 58032 --- [backend] [http-nio-8080-exec-1] [                                                 ] o.s.web.servlet.DispatcherServlet        : Initializing Servlet 'dispatcherServlet'
2026-06-14T03:13:33.205-05:00  INFO 58032 --- [backend] [http-nio-8080-exec-1] [                                                 ] o.s.web.servlet.DispatcherServlet        : Completed initialization in 37 ms
2026-06-14T03:13:51.490-05:00  INFO 58032 --- [backend] [http-nio-8080-exec-8] [c568357f0cb6e4f3953cb53a5b5bb822-0f06b77074d95402] org.hibernate.orm.jdbc.batch             : HHH100503: JDBC batch still contained JDBC statements on release
2026-06-14T03:13:51.493-05:00  WARN 58032 --- [backend] [http-nio-8080-exec-8] [c568357f0cb6e4f3953cb53a5b5bb822-0f06b77074d95402] org.hibernate.orm.jdbc.error             : HHH000247: ErrorCode: 0, SQLState: 23505
2026-06-14T03:13:51.493-05:00  WARN 58032 --- [backend] [http-nio-8080-exec-8] [c568357f0cb6e4f3953cb53a5b5bb822-0f06b77074d95402] org.hibernate.orm.jdbc.error             : Batch entry 0 insert into processed_stripe_events (event_type,processed_at,event_id) values (('payment_method.attached'),('2026-06-14 08:13:51.348307+00'),('evt_1Ti9AxRvatHdxYAo9blob4Kw')) was aborted: ERROR: duplicate key value violates unique constraint "processed_stripe_events_pkey"
  Detail: Key (event_id)=(evt_1Ti9AxRvatHdxYAo9blob4Kw) already exists.  Call getNextException to see other errors in the batch.
2026-06-14T03:13:51.493-05:00  WARN 58032 --- [backend] [http-nio-8080-exec-8] [c568357f0cb6e4f3953cb53a5b5bb822-0f06b77074d95402] org.hibernate.orm.jdbc.error             : HHH000247: ErrorCode: 0, SQLState: 23505
2026-06-14T03:13:51.493-05:00  WARN 58032 --- [backend] [http-nio-8080-exec-8] [c568357f0cb6e4f3953cb53a5b5bb822-0f06b77074d95402] org.hibernate.orm.jdbc.error             : Batch entry 0 insert into processed_stripe_events (event_type,processed_at,event_id) values (('payment_method.attached'),('2026-06-14 08:13:51.348307+00'),('evt_1Ti9AxRvatHdxYAo9blob4Kw')) was aborted: ERROR: duplicate key value violates unique constraint "processed_stripe_events_pkey"
  Detail: Key (event_id)=(evt_1Ti9AxRvatHdxYAo9blob4Kw) already exists.  Call getNextException to see other errors in the batch.
2026-06-14T03:13:51.507-05:00  INFO 58032 --- [backend] [http-nio-8080-exec-4] [0e560ab63d4614e754f3aac83378d21f-af1a116a04fc553f] org.hibernate.orm.jdbc.batch             : HHH100503: JDBC batch still contained JDBC statements on release
2026-06-14T03:13:51.507-05:00  WARN 58032 --- [backend] [http-nio-8080-exec-4] [0e560ab63d4614e754f3aac83378d21f-af1a116a04fc553f] org.hibernate.orm.jdbc.error             : HHH000247: ErrorCode: 0, SQLState: 23505
2026-06-14T03:13:51.508-05:00  WARN 58032 --- [backend] [http-nio-8080-exec-4] [0e560ab63d4614e754f3aac83378d21f-af1a116a04fc553f] org.hibernate.orm.jdbc.error             : Batch entry 0 insert into processed_stripe_events (event_type,processed_at,event_id) values (('invoice.finalized'),('2026-06-14 08:13:51.394948+00'),('evt_1Ti9AwRvatHdxYAoQgjWRHfV')) was aborted: ERROR: duplicate key value violates unique constraint "processed_stripe_events_pkey"
  Detail: Key (event_id)=(evt_1Ti9AwRvatHdxYAoQgjWRHfV) already exists.  Call getNextException to see other errors in the batch.
2026-06-14T03:13:51.508-05:00  WARN 58032 --- [backend] [http-nio-8080-exec-4] [0e560ab63d4614e754f3aac83378d21f-af1a116a04fc553f] org.hibernate.orm.jdbc.error             : HHH000247: ErrorCode: 0, SQLState: 23505
2026-06-14T03:13:51.508-05:00  WARN 58032 --- [backend] [http-nio-8080-exec-4] [0e560ab63d4614e754f3aac83378d21f-af1a116a04fc553f] org.hibernate.orm.jdbc.error             : Batch entry 0 insert into processed_stripe_events (event_type,processed_at,event_id) values (('invoice.finalized'),('2026-06-14 08:13:51.394948+00'),('evt_1Ti9AwRvatHdxYAoQgjWRHfV')) was aborted: ERROR: duplicate key value violates unique constraint "processed_stripe_events_pkey"
  Detail: Key (event_id)=(evt_1Ti9AwRvatHdxYAoQgjWRHfV) already exists.  Call getNextException to see other errors in the batch.
2026-06-14T03:13:51.508-05:00  INFO 58032 --- [backend] [http-nio-8080-exec-6] [b7fb18632ff4131e0ab384296448458b-25feca068ac1d51d] org.hibernate.orm.jdbc.batch             : HHH100503: JDBC batch still contained JDBC statements on release
2026-06-14T03:13:51.508-05:00  WARN 58032 --- [backend] [http-nio-8080-exec-6] [b7fb18632ff4131e0ab384296448458b-25feca068ac1d51d] org.hibernate.orm.jdbc.error             : HHH000247: ErrorCode: 0, SQLState: 23505
2026-06-14T03:13:51.508-05:00  WARN 58032 --- [backend] [http-nio-8080-exec-6] [b7fb18632ff4131e0ab384296448458b-25feca068ac1d51d] org.hibernate.orm.jdbc.error             : Batch entry 0 insert into processed_stripe_events (event_type,processed_at,event_id) values (('invoice.paid'),('2026-06-14 08:13:51.394946+00'),('evt_1Ti9AwRvatHdxYAo8YOjSMJX')) was aborted: ERROR: duplicate key value violates unique constraint "processed_stripe_events_pkey"
  Detail: Key (event_id)=(evt_1Ti9AwRvatHdxYAo8YOjSMJX) already exists.  Call getNextException to see other errors in the batch.
2026-06-14T03:13:51.508-05:00  WARN 58032 --- [backend] [http-nio-8080-exec-6] [b7fb18632ff4131e0ab384296448458b-25feca068ac1d51d] org.hibernate.orm.jdbc.error             : HHH000247: ErrorCode: 0, SQLState: 23505
2026-06-14T03:13:51.508-05:00  WARN 58032 --- [backend] [http-nio-8080-exec-6] [b7fb18632ff4131e0ab384296448458b-25feca068ac1d51d] org.hibernate.orm.jdbc.error             : Batch entry 0 insert into processed_stripe_events (event_type,processed_at,event_id) values (('invoice.paid'),('2026-06-14 08:13:51.394946+00'),('evt_1Ti9AwRvatHdxYAo8YOjSMJX')) was aborted: ERROR: duplicate key value violates unique constraint "processed_stripe_events_pkey"
  Detail: Key (event_id)=(evt_1Ti9AwRvatHdxYAo8YOjSMJX) already exists.  Call getNextException to see other errors in the batch.
2026-06-14T03:13:51.531-05:00  INFO 58032 --- [backend] [http-nio-8080-exec-2] [f76710ebef74ba377cb60cc6353c01a2-e7f24ce4b5e70cdf] org.hibernate.orm.jdbc.batch             : HHH100503: JDBC batch still contained JDBC statements on release
2026-06-14T03:13:51.532-05:00  WARN 58032 --- [backend] [http-nio-8080-exec-2] [f76710ebef74ba377cb60cc6353c01a2-e7f24ce4b5e70cdf] org.hibernate.orm.jdbc.error             : HHH000247: ErrorCode: 0, SQLState: 23505
2026-06-14T03:13:51.532-05:00  WARN 58032 --- [backend] [http-nio-8080-exec-2] [f76710ebef74ba377cb60cc6353c01a2-e7f24ce4b5e70cdf] org.hibernate.orm.jdbc.error             : Batch entry 0 insert into processed_stripe_events (event_type,processed_at,event_id) values (('customer.created'),('2026-06-14 08:13:51.411435+00'),('evt_1Ti9AxRvatHdxYAo41MttaZq')) was aborted: ERROR: duplicate key value violates unique constraint "processed_stripe_events_pkey"
  Detail: Key (event_id)=(evt_1Ti9AxRvatHdxYAo41MttaZq) already exists.  Call getNextException to see other errors in the batch.
2026-06-14T03:13:51.532-05:00  WARN 58032 --- [backend] [http-nio-8080-exec-2] [f76710ebef74ba377cb60cc6353c01a2-e7f24ce4b5e70cdf] org.hibernate.orm.jdbc.error             : HHH000247: ErrorCode: 0, SQLState: 23505
2026-06-14T03:13:51.532-05:00  WARN 58032 --- [backend] [http-nio-8080-exec-2] [f76710ebef74ba377cb60cc6353c01a2-e7f24ce4b5e70cdf] org.hibernate.orm.jdbc.error             : Batch entry 0 insert into processed_stripe_events (event_type,processed_at,event_id) values (('customer.created'),('2026-06-14 08:13:51.411435+00'),('evt_1Ti9AxRvatHdxYAo41MttaZq')) was aborted: ERROR: duplicate key value violates unique constraint "processed_stripe_events_pkey"
  Detail: Key (event_id)=(evt_1Ti9AxRvatHdxYAo41MttaZq) already exists.  Call getNextException to see other errors in the batch.
2026-06-14T03:13:51.539-05:00  INFO 58032 --- [backend] [http-nio-8080-exec-8] [c568357f0cb6e4f3953cb53a5b5bb822-0f06b77074d95402] c.n.backend.controller.StripeController  : Duplicate Stripe event delivery ignored (already processed)
2026-06-14T03:13:51.550-05:00  INFO 58032 --- [backend] [http-nio-8080-exec-4] [0e560ab63d4614e754f3aac83378d21f-af1a116a04fc553f] c.n.backend.controller.StripeController  : Duplicate Stripe event delivery ignored (already processed)
2026-06-14T03:13:51.550-05:00  INFO 58032 --- [backend] [http-nio-8080-exec-6] [b7fb18632ff4131e0ab384296448458b-25feca068ac1d51d] c.n.backend.controller.StripeController  : Duplicate Stripe event delivery ignored (already processed)
2026-06-14T03:13:51.570-05:00  INFO 58032 --- [backend] [http-nio-8080-exec-2] [f76710ebef74ba377cb60cc6353c01a2-e7f24ce4b5e70cdf] c.n.backend.controller.StripeController  : Duplicate Stripe event delivery ignored (already processed)
2026-06-14T03:13:51.640-05:00  INFO 58032 --- [backend] [http-nio-8080-exec-12] [73670b14ba0300f4accca694f3c39e95-9357b168a3df8404] org.hibernate.orm.jdbc.batch             : HHH100503: JDBC batch still contained JDBC statements on release
2026-06-14T03:13:51.641-05:00  WARN 58032 --- [backend] [http-nio-8080-exec-12] [73670b14ba0300f4accca694f3c39e95-9357b168a3df8404] org.hibernate.orm.jdbc.error             : HHH000247: ErrorCode: 0, SQLState: 23505
2026-06-14T03:13:51.641-05:00  WARN 58032 --- [backend] [http-nio-8080-exec-12] [73670b14ba0300f4accca694f3c39e95-9357b168a3df8404] org.hibernate.orm.jdbc.error             : Batch entry 0 insert into processed_stripe_events (event_type,processed_at,event_id) values (('customer.updated'),('2026-06-14 08:13:51.542141+00'),('evt_1Ti9AxRvatHdxYAoj0Z8s98T')) was aborted: ERROR: duplicate key value violates unique constraint "processed_stripe_events_pkey"
  Detail: Key (event_id)=(evt_1Ti9AxRvatHdxYAoj0Z8s98T) already exists.  Call getNextException to see other errors in the batch.
2026-06-14T03:13:51.642-05:00  WARN 58032 --- [backend] [http-nio-8080-exec-12] [73670b14ba0300f4accca694f3c39e95-9357b168a3df8404] org.hibernate.orm.jdbc.error             : HHH000247: ErrorCode: 0, SQLState: 23505
2026-06-14T03:13:51.642-05:00  WARN 58032 --- [backend] [http-nio-8080-exec-12] [73670b14ba0300f4accca694f3c39e95-9357b168a3df8404] org.hibernate.orm.jdbc.error             : Batch entry 0 insert into processed_stripe_events (event_type,processed_at,event_id) values (('customer.updated'),('2026-06-14 08:13:51.542141+00'),('evt_1Ti9AxRvatHdxYAoj0Z8s98T')) was aborted: ERROR: duplicate key value violates unique constraint "processed_stripe_events_pkey"
  Detail: Key (event_id)=(evt_1Ti9AxRvatHdxYAoj0Z8s98T) already exists.  Call getNextException to see other errors in the batch.
2026-06-14T03:13:51.661-05:00  INFO 58032 --- [backend] [http-nio-8080-exec-14] [89c9f88d23c7e14da032a5523809da55-431e5ac26acd9142] org.hibernate.orm.jdbc.batch             : HHH100503: JDBC batch still contained JDBC statements on release
2026-06-14T03:13:51.661-05:00  WARN 58032 --- [backend] [http-nio-8080-exec-14] [89c9f88d23c7e14da032a5523809da55-431e5ac26acd9142] org.hibernate.orm.jdbc.error             : HHH000247: ErrorCode: 0, SQLState: 23505
2026-06-14T03:13:51.661-05:00  WARN 58032 --- [backend] [http-nio-8080-exec-14] [89c9f88d23c7e14da032a5523809da55-431e5ac26acd9142] org.hibernate.orm.jdbc.error             : Batch entry 0 insert into processed_stripe_events (event_type,processed_at,event_id) values (('customer.subscription.created'),('2026-06-14 08:13:51.568339+00'),('evt_1Ti9AxRvatHdxYAo8dtHXd3S')) was aborted: ERROR: duplicate key value violates unique constraint "processed_stripe_events_pkey"
  Detail: Key (event_id)=(evt_1Ti9AxRvatHdxYAo8dtHXd3S) already exists.  Call getNextException to see other errors in the batch.
2026-06-14T03:13:51.661-05:00  WARN 58032 --- [backend] [http-nio-8080-exec-14] [89c9f88d23c7e14da032a5523809da55-431e5ac26acd9142] org.hibernate.orm.jdbc.error             : HHH000247: ErrorCode: 0, SQLState: 23505
2026-06-14T03:13:51.670-05:00  WARN 58032 --- [backend] [http-nio-8080-exec-14] [89c9f88d23c7e14da032a5523809da55-431e5ac26acd9142] org.hibernate.orm.jdbc.error             : Batch entry 0 insert into processed_stripe_events (event_type,processed_at,event_id) values (('customer.subscription.created'),('2026-06-14 08:13:51.568339+00'),('evt_1Ti9AxRvatHdxYAo8dtHXd3S')) was aborted: ERROR: duplicate key value violates unique constraint "processed_stripe_events_pkey"
  Detail: Key (event_id)=(evt_1Ti9AxRvatHdxYAo8dtHXd3S) already exists.  Call getNextException to see other errors in the batch.
2026-06-14T03:13:51.679-05:00  INFO 58032 --- [backend] [http-nio-8080-exec-10] [5b88ed3363fc70d09e78edd9dae9fe62-1a3ec324faf2ff12] com.nib.backend.service.StripeService    : Upgraded user a20a30d8-56b0-4f4a-9dd9-734f554a2fa2 to PRO tier
2026-06-14T03:13:51.679-05:00  INFO 58032 --- [backend] [http-nio-8080-exec-1] [1bfe4175ebfda0726d50712e6977e25c-fb7a8880087f221b] com.nib.backend.service.StripeService    : Upgraded user a20a30d8-56b0-4f4a-9dd9-734f554a2fa2 to PRO tier
2026-06-14T03:13:51.682-05:00  INFO 58032 --- [backend] [http-nio-8080-exec-12] [73670b14ba0300f4accca694f3c39e95-9357b168a3df8404] c.n.backend.controller.StripeController  : Duplicate Stripe event delivery ignored (already processed)
2026-06-14T03:13:51.705-05:00  INFO 58032 --- [backend] [http-nio-8080-exec-14] [89c9f88d23c7e14da032a5523809da55-431e5ac26acd9142] c.n.backend.controller.StripeController  : Duplicate Stripe event delivery ignored (already processed)
2026-06-14T03:13:51.848-05:00  INFO 58032 --- [backend] [http-nio-8080-exec-1] [1bfe4175ebfda0726d50712e6977e25c-fb7a8880087f221b] org.hibernate.orm.jdbc.batch             : HHH100503: JDBC batch still contained JDBC statements on release
2026-06-14T03:13:51.848-05:00  WARN 58032 --- [backend] [http-nio-8080-exec-1] [1bfe4175ebfda0726d50712e6977e25c-fb7a8880087f221b] org.hibernate.orm.jdbc.error             : HHH000247: ErrorCode: 0, SQLState: 23505
2026-06-14T03:13:51.848-05:00  WARN 58032 --- [backend] [http-nio-8080-exec-1] [1bfe4175ebfda0726d50712e6977e25c-fb7a8880087f221b] org.hibernate.orm.jdbc.error             : Batch entry 0 insert into processed_stripe_events (event_type,processed_at,event_id) values (('checkout.session.completed'),('2026-06-14 08:13:51.679559+00'),('evt_1Ti9AxRvatHdxYAoSZ4Us9dR')) was aborted: ERROR: duplicate key value violates unique constraint "processed_stripe_events_pkey"
  Detail: Key (event_id)=(evt_1Ti9AxRvatHdxYAoSZ4Us9dR) already exists.  Call getNextException to see other errors in the batch.
2026-06-14T03:13:51.848-05:00  WARN 58032 --- [backend] [http-nio-8080-exec-1] [1bfe4175ebfda0726d50712e6977e25c-fb7a8880087f221b] org.hibernate.orm.jdbc.error             : HHH000247: ErrorCode: 0, SQLState: 23505
2026-06-14T03:13:51.849-05:00  WARN 58032 --- [backend] [http-nio-8080-exec-1] [1bfe4175ebfda0726d50712e6977e25c-fb7a8880087f221b] org.hibernate.orm.jdbc.error             : Batch entry 0 insert into processed_stripe_events (event_type,processed_at,event_id) values (('checkout.session.completed'),('2026-06-14 08:13:51.679559+00'),('evt_1Ti9AxRvatHdxYAoSZ4Us9dR')) was aborted: ERROR: duplicate key value violates unique constraint "processed_stripe_events_pkey"
  Detail: Key (event_id)=(evt_1Ti9AxRvatHdxYAoSZ4Us9dR) already exists.  Call getNextException to see other errors in the batch.
2026-06-14T03:13:51.849-05:00  INFO 58032 --- [backend] [http-nio-8080-exec-8] [0af335e0b8cfdc8be9c204ae8c3de091-38cc8cd0ca0ebd2a] org.hibernate.orm.jdbc.batch             : HHH100503: JDBC batch still contained JDBC statements on release
2026-06-14T03:13:51.849-05:00  WARN 58032 --- [backend] [http-nio-8080-exec-8] [0af335e0b8cfdc8be9c204ae8c3de091-38cc8cd0ca0ebd2a] org.hibernate.orm.jdbc.error             : HHH000247: ErrorCode: 0, SQLState: 23505
2026-06-14T03:13:51.849-05:00  WARN 58032 --- [backend] [http-nio-8080-exec-8] [0af335e0b8cfdc8be9c204ae8c3de091-38cc8cd0ca0ebd2a] org.hibernate.orm.jdbc.error             : Batch entry 0 insert into processed_stripe_events (event_type,processed_at,event_id) values (('payment_intent.succeeded'),('2026-06-14 08:13:51.740362+00'),('evt_3Ti9AqRvatHdxYAo0SpkcsdE')) was aborted: ERROR: duplicate key value violates unique constraint "processed_stripe_events_pkey"
  Detail: Key (event_id)=(evt_3Ti9AqRvatHdxYAo0SpkcsdE) already exists.  Call getNextException to see other errors in the batch.
2026-06-14T03:13:51.849-05:00  WARN 58032 --- [backend] [http-nio-8080-exec-8] [0af335e0b8cfdc8be9c204ae8c3de091-38cc8cd0ca0ebd2a] org.hibernate.orm.jdbc.error             : HHH000247: ErrorCode: 0, SQLState: 23505
2026-06-14T03:13:51.850-05:00  WARN 58032 --- [backend] [http-nio-8080-exec-8] [0af335e0b8cfdc8be9c204ae8c3de091-38cc8cd0ca0ebd2a] org.hibernate.orm.jdbc.error             : Batch entry 0 insert into processed_stripe_events (event_type,processed_at,event_id) values (('payment_intent.succeeded'),('2026-06-14 08:13:51.740362+00'),('evt_3Ti9AqRvatHdxYAo0SpkcsdE')) was aborted: ERROR: duplicate key value violates unique constraint "processed_stripe_events_pkey"
  Detail: Key (event_id)=(evt_3Ti9AqRvatHdxYAo0SpkcsdE) already exists.  Call getNextException to see other errors in the batch.
2026-06-14T03:13:51.882-05:00  INFO 58032 --- [backend] [http-nio-8080-exec-7] [e5050b78b8354dbe29a0f9c8cb5f254e-b031439aab42a825] org.hibernate.orm.jdbc.batch             : HHH100503: JDBC batch still contained JDBC statements on release
2026-06-14T03:13:51.882-05:00  WARN 58032 --- [backend] [http-nio-8080-exec-7] [e5050b78b8354dbe29a0f9c8cb5f254e-b031439aab42a825] org.hibernate.orm.jdbc.error             : HHH000247: ErrorCode: 0, SQLState: 23505
2026-06-14T03:13:51.882-05:00  WARN 58032 --- [backend] [http-nio-8080-exec-7] [e5050b78b8354dbe29a0f9c8cb5f254e-b031439aab42a825] org.hibernate.orm.jdbc.error             : Batch entry 0 insert into processed_stripe_events (event_type,processed_at,event_id) values (('customer.subscription.updated'),('2026-06-14 08:13:51.760856+00'),('evt_1Ti9AxRvatHdxYAoubfpOgef')) was aborted: ERROR: duplicate key value violates unique constraint "processed_stripe_events_pkey"
  Detail: Key (event_id)=(evt_1Ti9AxRvatHdxYAoubfpOgef) already exists.  Call getNextException to see other errors in the batch.
2026-06-14T03:13:51.882-05:00  WARN 58032 --- [backend] [http-nio-8080-exec-7] [e5050b78b8354dbe29a0f9c8cb5f254e-b031439aab42a825] org.hibernate.orm.jdbc.error             : HHH000247: ErrorCode: 0, SQLState: 23505
2026-06-14T03:13:51.883-05:00  WARN 58032 --- [backend] [http-nio-8080-exec-7] [e5050b78b8354dbe29a0f9c8cb5f254e-b031439aab42a825] org.hibernate.orm.jdbc.error             : Batch entry 0 insert into processed_stripe_events (event_type,processed_at,event_id) values (('customer.subscription.updated'),('2026-06-14 08:13:51.760856+00'),('evt_1Ti9AxRvatHdxYAoubfpOgef')) was aborted: ERROR: duplicate key value violates unique constraint "processed_stripe_events_pkey"
  Detail: Key (event_id)=(evt_1Ti9AxRvatHdxYAoubfpOgef) already exists.  Call getNextException to see other errors in the batch.
2026-06-14T03:13:51.889-05:00  INFO 58032 --- [backend] [http-nio-8080-exec-1] [1bfe4175ebfda0726d50712e6977e25c-fb7a8880087f221b] c.n.backend.controller.StripeController  : Duplicate Stripe event delivery ignored (already processed)
2026-06-14T03:13:51.890-05:00  INFO 58032 --- [backend] [http-nio-8080-exec-8] [0af335e0b8cfdc8be9c204ae8c3de091-38cc8cd0ca0ebd2a] c.n.backend.controller.StripeController  : Duplicate Stripe event delivery ignored (already processed)
2026-06-14T03:13:51.929-05:00  INFO 58032 --- [backend] [http-nio-8080-exec-7] [e5050b78b8354dbe29a0f9c8cb5f254e-b031439aab42a825] c.n.backend.controller.StripeController  : Duplicate Stripe event delivery ignored (already processed)
2026-06-14T03:13:51.932-05:00  INFO 58032 --- [backend] [http-nio-8080-exec-4] [a77868bc68e1436a44466837a2f10b92-1d4d8cc586bece74] org.hibernate.orm.jdbc.batch             : HHH100503: JDBC batch still contained JDBC statements on release
2026-06-14T03:13:51.932-05:00  WARN 58032 --- [backend] [http-nio-8080-exec-4] [a77868bc68e1436a44466837a2f10b92-1d4d8cc586bece74] org.hibernate.orm.jdbc.error             : HHH000247: ErrorCode: 0, SQLState: 23505
2026-06-14T03:13:51.933-05:00  WARN 58032 --- [backend] [http-nio-8080-exec-4] [a77868bc68e1436a44466837a2f10b92-1d4d8cc586bece74] org.hibernate.orm.jdbc.error             : Batch entry 0 insert into processed_stripe_events (event_type,processed_at,event_id) values (('payment_intent.created'),('2026-06-14 08:13:51.831751+00'),('evt_3Ti9AqRvatHdxYAo0Qy9CPmZ')) was aborted: ERROR: duplicate key value violates unique constraint "processed_stripe_events_pkey"
  Detail: Key (event_id)=(evt_3Ti9AqRvatHdxYAo0Qy9CPmZ) already exists.  Call getNextException to see other errors in the batch.
2026-06-14T03:13:51.933-05:00  WARN 58032 --- [backend] [http-nio-8080-exec-4] [a77868bc68e1436a44466837a2f10b92-1d4d8cc586bece74] org.hibernate.orm.jdbc.error             : HHH000247: ErrorCode: 0, SQLState: 23505
2026-06-14T03:13:51.933-05:00  WARN 58032 --- [backend] [http-nio-8080-exec-4] [a77868bc68e1436a44466837a2f10b92-1d4d8cc586bece74] org.hibernate.orm.jdbc.error             : Batch entry 0 insert into processed_stripe_events (event_type,processed_at,event_id) values (('payment_intent.created'),('2026-06-14 08:13:51.831751+00'),('evt_3Ti9AqRvatHdxYAo0Qy9CPmZ')) was aborted: ERROR: duplicate key value violates unique constraint "processed_stripe_events_pkey"
  Detail: Key (event_id)=(evt_3Ti9AqRvatHdxYAo0Qy9CPmZ) already exists.  Call getNextException to see other errors in the batch.
2026-06-14T03:13:51.971-05:00  INFO 58032 --- [backend] [http-nio-8080-exec-4] [a77868bc68e1436a44466837a2f10b92-1d4d8cc586bece74] c.n.backend.controller.StripeController  : Duplicate Stripe event delivery ignored (already processed)
2026-06-14T03:13:52.108-05:00  INFO 58032 --- [backend] [http-nio-8080-exec-2] [0ef1b7cf2efc71c84561acbc04360e31-a91e821d32306811] org.hibernate.orm.jdbc.batch             : HHH100503: JDBC batch still contained JDBC statements on release
2026-06-14T03:13:52.109-05:00  WARN 58032 --- [backend] [http-nio-8080-exec-2] [0ef1b7cf2efc71c84561acbc04360e31-a91e821d32306811] org.hibernate.orm.jdbc.error             : HHH000247: ErrorCode: 0, SQLState: 23505
2026-06-14T03:13:52.109-05:00  WARN 58032 --- [backend] [http-nio-8080-exec-2] [0ef1b7cf2efc71c84561acbc04360e31-a91e821d32306811] org.hibernate.orm.jdbc.error             : Batch entry 0 insert into processed_stripe_events (event_type,processed_at,event_id) values (('invoice.created'),('2026-06-14 08:13:51.973595+00'),('evt_1Ti9AxRvatHdxYAoUsP0KNhi')) was aborted: ERROR: duplicate key value violates unique constraint "processed_stripe_events_pkey"
  Detail: Key (event_id)=(evt_1Ti9AxRvatHdxYAoUsP0KNhi) already exists.  Call getNextException to see other errors in the batch.
2026-06-14T03:13:52.109-05:00  WARN 58032 --- [backend] [http-nio-8080-exec-2] [0ef1b7cf2efc71c84561acbc04360e31-a91e821d32306811] org.hibernate.orm.jdbc.error             : HHH000247: ErrorCode: 0, SQLState: 23505
2026-06-14T03:13:52.109-05:00  WARN 58032 --- [backend] [http-nio-8080-exec-2] [0ef1b7cf2efc71c84561acbc04360e31-a91e821d32306811] org.hibernate.orm.jdbc.error             : Batch entry 0 insert into processed_stripe_events (event_type,processed_at,event_id) values (('invoice.created'),('2026-06-14 08:13:51.973595+00'),('evt_1Ti9AxRvatHdxYAoUsP0KNhi')) was aborted: ERROR: duplicate key value violates unique constraint "processed_stripe_events_pkey"
  Detail: Key (event_id)=(evt_1Ti9AxRvatHdxYAoUsP0KNhi) already exists.  Call getNextException to see other errors in the batch.
2026-06-14T03:13:52.155-05:00  INFO 58032 --- [backend] [http-nio-8080-exec-2] [0ef1b7cf2efc71c84561acbc04360e31-a91e821d32306811] c.n.backend.controller.StripeController  : Duplicate Stripe event delivery ignored (already processed)
2026-06-14T03:13:52.325-05:00  INFO 58032 --- [backend] [http-nio-8080-exec-13] [8100d45ac9f22346c42b40412bb7d88e-a58898ad7fac41f0] org.hibernate.orm.jdbc.batch             : HHH100503: JDBC batch still contained JDBC statements on release
2026-06-14T03:13:52.325-05:00  WARN 58032 --- [backend] [http-nio-8080-exec-13] [8100d45ac9f22346c42b40412bb7d88e-a58898ad7fac41f0] org.hibernate.orm.jdbc.error             : HHH000247: ErrorCode: 0, SQLState: 23505
2026-06-14T03:13:52.325-05:00  WARN 58032 --- [backend] [http-nio-8080-exec-13] [8100d45ac9f22346c42b40412bb7d88e-a58898ad7fac41f0] org.hibernate.orm.jdbc.error             : Batch entry 0 insert into processed_stripe_events (event_type,processed_at,event_id) values (('charge.succeeded'),('2026-06-14 08:13:52.217367+00'),('evt_3Ti9AqRvatHdxYAo0yiY6OY0')) was aborted: ERROR: duplicate key value violates unique constraint "processed_stripe_events_pkey"
  Detail: Key (event_id)=(evt_3Ti9AqRvatHdxYAo0yiY6OY0) already exists.  Call getNextException to see other errors in the batch.
2026-06-14T03:13:52.325-05:00  WARN 58032 --- [backend] [http-nio-8080-exec-13] [8100d45ac9f22346c42b40412bb7d88e-a58898ad7fac41f0] org.hibernate.orm.jdbc.error             : HHH000247: ErrorCode: 0, SQLState: 23505
2026-06-14T03:13:52.325-05:00  WARN 58032 --- [backend] [http-nio-8080-exec-13] [8100d45ac9f22346c42b40412bb7d88e-a58898ad7fac41f0] org.hibernate.orm.jdbc.error             : Batch entry 0 insert into processed_stripe_events (event_type,processed_at,event_id) values (('charge.succeeded'),('2026-06-14 08:13:52.217367+00'),('evt_3Ti9AqRvatHdxYAo0yiY6OY0')) was aborted: ERROR: duplicate key value violates unique constraint "processed_stripe_events_pkey"
  Detail: Key (event_id)=(evt_3Ti9AqRvatHdxYAo0yiY6OY0) already exists.  Call getNextException to see other errors in the batch.
2026-06-14T03:13:52.348-05:00  INFO 58032 --- [backend] [http-nio-8080-exec-12] [de0d9f745ddc80c804c1bb86a483a240-d2b3b671580c6bdf] org.hibernate.orm.jdbc.batch             : HHH100503: JDBC batch still contained JDBC statements on release
2026-06-14T03:13:52.348-05:00  WARN 58032 --- [backend] [http-nio-8080-exec-12] [de0d9f745ddc80c804c1bb86a483a240-d2b3b671580c6bdf] org.hibernate.orm.jdbc.error             : HHH000247: ErrorCode: 0, SQLState: 23505
2026-06-14T03:13:52.348-05:00  WARN 58032 --- [backend] [http-nio-8080-exec-12] [de0d9f745ddc80c804c1bb86a483a240-d2b3b671580c6bdf] org.hibernate.orm.jdbc.error             : Batch entry 0 insert into processed_stripe_events (event_type,processed_at,event_id) values (('invoice.updated'),('2026-06-14 08:13:52.233654+00'),('evt_1Ti9AyRvatHdxYAo3xTiVhNY')) was aborted: ERROR: duplicate key value violates unique constraint "processed_stripe_events_pkey"
  Detail: Key (event_id)=(evt_1Ti9AyRvatHdxYAo3xTiVhNY) already exists.  Call getNextException to see other errors in the batch.
2026-06-14T03:13:52.348-05:00  WARN 58032 --- [backend] [http-nio-8080-exec-12] [de0d9f745ddc80c804c1bb86a483a240-d2b3b671580c6bdf] org.hibernate.orm.jdbc.error             : HHH000247: ErrorCode: 0, SQLState: 23505
2026-06-14T03:13:52.348-05:00  WARN 58032 --- [backend] [http-nio-8080-exec-12] [de0d9f745ddc80c804c1bb86a483a240-d2b3b671580c6bdf] org.hibernate.orm.jdbc.error             : Batch entry 0 insert into processed_stripe_events (event_type,processed_at,event_id) values (('invoice.updated'),('2026-06-14 08:13:52.233654+00'),('evt_1Ti9AyRvatHdxYAo3xTiVhNY')) was aborted: ERROR: duplicate key value violates unique constraint "processed_stripe_events_pkey"
  Detail: Key (event_id)=(evt_1Ti9AyRvatHdxYAo3xTiVhNY) already exists.  Call getNextException to see other errors in the batch.
2026-06-14T03:13:52.365-05:00  INFO 58032 --- [backend] [http-nio-8080-exec-13] [8100d45ac9f22346c42b40412bb7d88e-a58898ad7fac41f0] c.n.backend.controller.StripeController  : Duplicate Stripe event delivery ignored (already processed)
2026-06-14T03:13:52.386-05:00  INFO 58032 --- [backend] [http-nio-8080-exec-12] [de0d9f745ddc80c804c1bb86a483a240-d2b3b671580c6bdf] c.n.backend.controller.StripeController  : Duplicate Stripe event delivery ignored (already processed)
2026-06-14T03:13:52.482-05:00  INFO 58032 --- [backend] [http-nio-8080-exec-10] [d965c9d6455574d9d1fba29bdbd02d6c-7c8fb5eb1bd3bea7] org.hibernate.orm.jdbc.batch             : HHH100503: JDBC batch still contained JDBC statements on release
2026-06-14T03:13:52.486-05:00  WARN 58032 --- [backend] [http-nio-8080-exec-10] [d965c9d6455574d9d1fba29bdbd02d6c-7c8fb5eb1bd3bea7] org.hibernate.orm.jdbc.error             : HHH000247: ErrorCode: 0, SQLState: 23505
2026-06-14T03:13:52.486-05:00  WARN 58032 --- [backend] [http-nio-8080-exec-10] [d965c9d6455574d9d1fba29bdbd02d6c-7c8fb5eb1bd3bea7] org.hibernate.orm.jdbc.error             : Batch entry 0 insert into processed_stripe_events (event_type,processed_at,event_id) values (('invoice.payment_succeeded'),('2026-06-14 08:13:52.366197+00'),('evt_1Ti9AyRvatHdxYAoYPhrDm0E')) was aborted: ERROR: duplicate key value violates unique constraint "processed_stripe_events_pkey"
  Detail: Key (event_id)=(evt_1Ti9AyRvatHdxYAoYPhrDm0E) already exists.  Call getNextException to see other errors in the batch.
2026-06-14T03:13:52.487-05:00  WARN 58032 --- [backend] [http-nio-8080-exec-10] [d965c9d6455574d9d1fba29bdbd02d6c-7c8fb5eb1bd3bea7] org.hibernate.orm.jdbc.error             : HHH000247: ErrorCode: 0, SQLState: 23505
2026-06-14T03:13:52.487-05:00  WARN 58032 --- [backend] [http-nio-8080-exec-10] [d965c9d6455574d9d1fba29bdbd02d6c-7c8fb5eb1bd3bea7] org.hibernate.orm.jdbc.error             : Batch entry 0 insert into processed_stripe_events (event_type,processed_at,event_id) values (('invoice.payment_succeeded'),('2026-06-14 08:13:52.366197+00'),('evt_1Ti9AyRvatHdxYAoYPhrDm0E')) was aborted: ERROR: duplicate key value violates unique constraint "processed_stripe_events_pkey"
  Detail: Key (event_id)=(evt_1Ti9AyRvatHdxYAoYPhrDm0E) already exists.  Call getNextException to see other errors in the batch.
2026-06-14T03:13:52.522-05:00  INFO 58032 --- [backend] [http-nio-8080-exec-10] [d965c9d6455574d9d1fba29bdbd02d6c-7c8fb5eb1bd3bea7] c.n.backend.controller.StripeController  : Duplicate Stripe event delivery ignored (already processed)
2026-06-14T03:14:41.415-05:00  INFO 58032 --- [backend] [http-nio-8080-exec-4] [599068c05e91475a0be5f80e08eedb67-cc61824c6a193271] org.hibernate.orm.jdbc.batch             : HHH100503: JDBC batch still contained JDBC statements on release
2026-06-14T03:14:41.417-05:00  WARN 58032 --- [backend] [http-nio-8080-exec-4] [599068c05e91475a0be5f80e08eedb67-cc61824c6a193271] org.hibernate.orm.jdbc.error             : HHH000247: ErrorCode: 0, SQLState: 23505
2026-06-14T03:14:41.417-05:00  WARN 58032 --- [backend] [http-nio-8080-exec-4] [599068c05e91475a0be5f80e08eedb67-cc61824c6a193271] org.hibernate.orm.jdbc.error             : Batch entry 0 insert into processed_stripe_events (event_type,processed_at,event_id) values (('invoice_payment.paid'),('2026-06-14 08:14:41.269072+00'),('evt_1Ti9BkRvatHdxYAodkFedhd9')) was aborted: ERROR: duplicate key value violates unique constraint "processed_stripe_events_pkey"
  Detail: Key (event_id)=(evt_1Ti9BkRvatHdxYAodkFedhd9) already exists.  Call getNextException to see other errors in the batch.
2026-06-14T03:14:41.418-05:00  WARN 58032 --- [backend] [http-nio-8080-exec-4] [599068c05e91475a0be5f80e08eedb67-cc61824c6a193271] org.hibernate.orm.jdbc.error             : HHH000247: ErrorCode: 0, SQLState: 23505
2026-06-14T03:14:41.418-05:00  WARN 58032 --- [backend] [http-nio-8080-exec-4] [599068c05e91475a0be5f80e08eedb67-cc61824c6a193271] org.hibernate.orm.jdbc.error             : Batch entry 0 insert into processed_stripe_events (event_type,processed_at,event_id) values (('invoice_payment.paid'),('2026-06-14 08:14:41.269072+00'),('evt_1Ti9BkRvatHdxYAodkFedhd9')) was aborted: ERROR: duplicate key value violates unique constraint "processed_stripe_events_pkey"
  Detail: Key (event_id)=(evt_1Ti9BkRvatHdxYAodkFedhd9) already exists.  Call getNextException to see other errors in the batch.
2026-06-14T03:14:41.459-05:00  INFO 58032 --- [backend] [http-nio-8080-exec-4] [599068c05e91475a0be5f80e08eedb67-cc61824c6a193271] c.n.backend.controller.StripeController  : Duplicate Stripe event delivery ignored (already processed)
2026-06-14T03:15:42.333-05:00  INFO 58032 --- [backend] [http-nio-8080-exec-6] [e572b8029053fc6d7b349e98a79579b4-8770a8a607c9726c] c.n.b.controller.DocumentController      : Upload request from user a20a30d8-56b0-4f4a-9dd9-734f554a2fa2 for 1 file(s)
2026-06-14T03:15:43.706-05:00  INFO 58032 --- [backend] [http-nio-8080-exec-6] [e572b8029053fc6d7b349e98a79579b4-8770a8a607c9726c] c.n.b.service.SupabaseStorageService     : Uploaded 514132 bytes to storage: a20a30d8-56b0-4f4a-9dd9-734f554a2fa2/133c754f-390d-4fac-9ca9-2c90aa877ebc.pdf (attempt 1)
2026-06-14T03:15:43.713-05:00  INFO 58032 --- [backend] [http-nio-8080-exec-6] [e572b8029053fc6d7b349e98a79579b4-8770a8a607c9726c] c.nib.backend.service.DocumentService    : Saved document 990f33d3-3fed-4cc8-b11b-667010952233 (1 file(s)) for user a20a30d8-56b0-4f4a-9dd9-734f554a2fa2
2026-06-14T03:15:43.805-05:00  INFO 58032 --- [backend] [http-nio-8080-exec-6] [e572b8029053fc6d7b349e98a79579b4-8770a8a607c9726c] c.nib.backend.service.IngestionService   : Created ingestion job 733e2022-dc08-4659-b0f2-709a10b4184f for document 990f33d3-3fed-4cc8-b11b-667010952233
2026-06-14T03:15:45.625-05:00  INFO 58032 --- [backend] [ingestion-1] [                                                 ] c.nib.backend.service.IngestionRunner    : Starting multimodal ingestion: 18 pages for document 990f33d3-3fed-4cc8-b11b-667010952233
2026-06-14T03:15:45.626-05:00  INFO 58032 --- [backend] [ingestion-1] [                                                 ] c.nib.backend.service.IngestionRunner    : Dispatching 18 vision tasks with concurrency 8 for document 990f33d3-3fed-4cc8-b11b-667010952233
2026-06-14T03:15:50.478-05:00  INFO 58032 --- [backend] [ingestion-1] [                                                 ] c.n.b.service.SupabaseStorageService     : Uploaded 454045 bytes to storage: extracted-visuals/990f33d3-3fed-4cc8-b11b-667010952233/page-1/figure-1.png (attempt 1)
2026-06-14T03:15:50.803-05:00  INFO 58032 --- [backend] [ingestion-1] [                                                 ] c.n.b.service.SupabaseStorageService     : Uploaded 29996 bytes to storage: extracted-visuals/990f33d3-3fed-4cc8-b11b-667010952233/page-1/figure-2.png (attempt 1)
2026-06-14T03:15:50.980-05:00  INFO 58032 --- [backend] [ingestion-1] [                                                 ] c.n.b.service.SupabaseStorageService     : Uploaded 2843 bytes to storage: extracted-visuals/990f33d3-3fed-4cc8-b11b-667010952233/page-1/figure-3.png (attempt 1)
2026-06-14T03:15:51.131-05:00  INFO 58032 --- [backend] [ingestion-1] [                                                 ] c.n.b.service.SupabaseStorageService     : Uploaded 138 bytes to storage: extracted-visuals/990f33d3-3fed-4cc8-b11b-667010952233/page-1/figure-4.png (attempt 1)
2026-06-14T03:15:51.431-05:00  INFO 58032 --- [backend] [ingestion-1] [                                                 ] c.n.b.service.SupabaseStorageService     : Uploaded 134290 bytes to storage: extracted-visuals/990f33d3-3fed-4cc8-b11b-667010952233/page-2/table-1.png (attempt 1)
2026-06-14T03:15:51.862-05:00  INFO 58032 --- [backend] [ingestion-1] [                                                 ] c.n.b.service.SupabaseStorageService     : Uploaded 27006 bytes to storage: extracted-visuals/990f33d3-3fed-4cc8-b11b-667010952233/page-3/table-1.png (attempt 1)
2026-06-14T03:15:52.046-05:00  INFO 58032 --- [backend] [ingestion-1] [                                                 ] c.n.b.service.SupabaseStorageService     : Uploaded 5910 bytes to storage: extracted-visuals/990f33d3-3fed-4cc8-b11b-667010952233/page-4/figure-1.png (attempt 1)
2026-06-14T03:15:52.213-05:00  INFO 58032 --- [backend] [ingestion-1] [                                                 ] c.n.b.service.SupabaseStorageService     : Uploaded 330 bytes to storage: extracted-visuals/990f33d3-3fed-4cc8-b11b-667010952233/page-4/figure-2.png (attempt 1)
2026-06-14T03:15:52.369-05:00  INFO 58032 --- [backend] [ingestion-1] [                                                 ] c.n.b.service.SupabaseStorageService     : Uploaded 281 bytes to storage: extracted-visuals/990f33d3-3fed-4cc8-b11b-667010952233/page-4/figure-3.png (attempt 1)
2026-06-14T03:15:52.757-05:00  INFO 58032 --- [backend] [ingestion-1] [                                                 ] c.n.b.service.SupabaseStorageService     : Uploaded 12918 bytes to storage: extracted-visuals/990f33d3-3fed-4cc8-b11b-667010952233/page-5/table-1.png (attempt 1)
2026-06-14T03:15:52.944-05:00  INFO 58032 --- [backend] [ingestion-1] [                                                 ] c.n.b.service.SupabaseStorageService     : Uploaded 83 bytes to storage: extracted-visuals/990f33d3-3fed-4cc8-b11b-667010952233/page-6/figure-1.png (attempt 1)
2026-06-14T03:15:53.096-05:00  INFO 58032 --- [backend] [ingestion-1] [                                                 ] c.n.b.service.SupabaseStorageService     : Uploaded 83 bytes to storage: extracted-visuals/990f33d3-3fed-4cc8-b11b-667010952233/page-6/figure-2.png (attempt 1)
2026-06-14T03:15:53.294-05:00  INFO 58032 --- [backend] [ingestion-1] [                                                 ] c.n.b.service.SupabaseStorageService     : Uploaded 83 bytes to storage: extracted-visuals/990f33d3-3fed-4cc8-b11b-667010952233/page-6/figure-3.png (attempt 1)
2026-06-14T03:15:53.475-05:00  INFO 58032 --- [backend] [ingestion-1] [                                                 ] c.n.b.service.SupabaseStorageService     : Uploaded 83 bytes to storage: extracted-visuals/990f33d3-3fed-4cc8-b11b-667010952233/page-6/figure-4.png (attempt 1)
2026-06-14T03:15:53.611-05:00  INFO 58032 --- [backend] [ingestion-1] [                                                 ] c.n.b.service.SupabaseStorageService     : Uploaded 83 bytes to storage: extracted-visuals/990f33d3-3fed-4cc8-b11b-667010952233/page-6/figure-5.png (attempt 1)
2026-06-14T03:15:53.762-05:00  INFO 58032 --- [backend] [ingestion-1] [                                                 ] c.n.b.service.SupabaseStorageService     : Uploaded 83 bytes to storage: extracted-visuals/990f33d3-3fed-4cc8-b11b-667010952233/page-7/figure-1.png (attempt 1)
2026-06-14T03:15:53.937-05:00  INFO 58032 --- [backend] [ingestion-1] [                                                 ] c.n.b.service.SupabaseStorageService     : Uploaded 83 bytes to storage: extracted-visuals/990f33d3-3fed-4cc8-b11b-667010952233/page-7/figure-2.png (attempt 1)
2026-06-14T03:15:54.112-05:00  INFO 58032 --- [backend] [ingestion-1] [                                                 ] c.n.b.service.SupabaseStorageService     : Uploaded 52197 bytes to storage: extracted-visuals/990f33d3-3fed-4cc8-b11b-667010952233/page-8/figure-1.png (attempt 1)
2026-06-14T03:15:54.329-05:00  INFO 58032 --- [backend] [ingestion-1] [                                                 ] c.n.b.service.SupabaseStorageService     : Uploaded 122642 bytes to storage: extracted-visuals/990f33d3-3fed-4cc8-b11b-667010952233/page-8/figure-2.png (attempt 1)
2026-06-14T03:15:54.675-05:00  INFO 58032 --- [backend] [ingestion-1] [                                                 ] c.n.b.service.SupabaseStorageService     : Uploaded 222319 bytes to storage: extracted-visuals/990f33d3-3fed-4cc8-b11b-667010952233/page-9/figure-1.png (attempt 1)
2026-06-14T03:15:55.035-05:00  INFO 58032 --- [backend] [ingestion-1] [                                                 ] c.n.b.service.SupabaseStorageService     : Uploaded 139970 bytes to storage: extracted-visuals/990f33d3-3fed-4cc8-b11b-667010952233/page-9/figure-2.png (attempt 1)
2026-06-14T03:15:55.300-05:00  INFO 58032 --- [backend] [ingestion-1] [                                                 ] c.n.b.service.SupabaseStorageService     : Uploaded 103191 bytes to storage: extracted-visuals/990f33d3-3fed-4cc8-b11b-667010952233/page-9/figure-3.png (attempt 1)
2026-06-14T03:15:55.485-05:00  INFO 58032 --- [backend] [ingestion-1] [                                                 ] c.n.b.service.SupabaseStorageService     : Uploaded 83 bytes to storage: extracted-visuals/990f33d3-3fed-4cc8-b11b-667010952233/page-10/figure-1.png (attempt 1)
2026-06-14T03:15:55.643-05:00  INFO 58032 --- [backend] [ingestion-1] [                                                 ] c.n.b.service.SupabaseStorageService     : Uploaded 83 bytes to storage: extracted-visuals/990f33d3-3fed-4cc8-b11b-667010952233/page-10/figure-2.png (attempt 1)
2026-06-14T03:15:55.783-05:00  INFO 58032 --- [backend] [ingestion-1] [                                                 ] c.n.b.service.SupabaseStorageService     : Uploaded 77 bytes to storage: extracted-visuals/990f33d3-3fed-4cc8-b11b-667010952233/page-10/figure-3.png (attempt 1)
2026-06-14T03:15:55.968-05:00  INFO 58032 --- [backend] [ingestion-1] [                                                 ] c.n.b.service.SupabaseStorageService     : Uploaded 83 bytes to storage: extracted-visuals/990f33d3-3fed-4cc8-b11b-667010952233/page-10/figure-4.png (attempt 1)
2026-06-14T03:15:56.142-05:00  INFO 58032 --- [backend] [ingestion-1] [                                                 ] c.n.b.service.SupabaseStorageService     : Uploaded 69 bytes to storage: extracted-visuals/990f33d3-3fed-4cc8-b11b-667010952233/page-10/figure-5.png (attempt 1)
2026-06-14T03:15:56.321-05:00  INFO 58032 --- [backend] [ingestion-1] [                                                 ] c.n.b.service.SupabaseStorageService     : Uploaded 83 bytes to storage: extracted-visuals/990f33d3-3fed-4cc8-b11b-667010952233/page-11/figure-1.png (attempt 1)
2026-06-14T03:15:56.483-05:00  INFO 58032 --- [backend] [ingestion-1] [                                                 ] c.n.b.service.SupabaseStorageService     : Uploaded 83 bytes to storage: extracted-visuals/990f33d3-3fed-4cc8-b11b-667010952233/page-11/figure-2.png (attempt 1)
2026-06-14T03:15:56.675-05:00  INFO 58032 --- [backend] [ingestion-1] [                                                 ] c.n.b.service.SupabaseStorageService     : Uploaded 69 bytes to storage: extracted-visuals/990f33d3-3fed-4cc8-b11b-667010952233/page-11/figure-3.png (attempt 1)
2026-06-14T03:15:56.894-05:00  INFO 58032 --- [backend] [ingestion-1] [                                                 ] c.n.b.service.SupabaseStorageService     : Uploaded 83 bytes to storage: extracted-visuals/990f33d3-3fed-4cc8-b11b-667010952233/page-12/figure-1.png (attempt 1)
2026-06-14T03:15:57.321-05:00  INFO 58032 --- [backend] [ingestion-1] [                                                 ] c.n.b.service.SupabaseStorageService     : Uploaded 83 bytes to storage: extracted-visuals/990f33d3-3fed-4cc8-b11b-667010952233/page-12/figure-2.png (attempt 1)
2026-06-14T03:15:57.751-05:00  INFO 58032 --- [backend] [ingestion-1] [                                                 ] c.n.b.service.SupabaseStorageService     : Uploaded 83 bytes to storage: extracted-visuals/990f33d3-3fed-4cc8-b11b-667010952233/page-12/figure-3.png (attempt 1)
2026-06-14T03:15:57.908-05:00  INFO 58032 --- [backend] [ingestion-1] [                                                 ] c.n.b.service.SupabaseStorageService     : Uploaded 69 bytes to storage: extracted-visuals/990f33d3-3fed-4cc8-b11b-667010952233/page-12/figure-4.png (attempt 1)
2026-06-14T03:15:58.093-05:00  INFO 58032 --- [backend] [ingestion-1] [                                                 ] c.n.b.service.SupabaseStorageService     : Uploaded 62461 bytes to storage: extracted-visuals/990f33d3-3fed-4cc8-b11b-667010952233/page-13/figure-1.png (attempt 1)
2026-06-14T03:15:58.342-05:00  INFO 58032 --- [backend] [ingestion-1] [                                                 ] c.n.b.service.SupabaseStorageService     : Uploaded 62054 bytes to storage: extracted-visuals/990f33d3-3fed-4cc8-b11b-667010952233/page-13/figure-2.png (attempt 1)
2026-06-14T03:15:58.519-05:00  INFO 58032 --- [backend] [ingestion-1] [                                                 ] c.n.b.service.SupabaseStorageService     : Uploaded 25433 bytes to storage: extracted-visuals/990f33d3-3fed-4cc8-b11b-667010952233/page-13/table-3.png (attempt 1)
2026-06-14T03:15:58.686-05:00  INFO 58032 --- [backend] [ingestion-1] [                                                 ] c.n.b.service.SupabaseStorageService     : Uploaded 69 bytes to storage: extracted-visuals/990f33d3-3fed-4cc8-b11b-667010952233/page-14/table-1.png (attempt 1)
2026-06-14T03:15:58.860-05:00  INFO 58032 --- [backend] [ingestion-1] [                                                 ] c.n.b.service.SupabaseStorageService     : Uploaded 69 bytes to storage: extracted-visuals/990f33d3-3fed-4cc8-b11b-667010952233/page-14/figure-2.png (attempt 1)
2026-06-14T03:15:59.028-05:00  INFO 58032 --- [backend] [ingestion-1] [                                                 ] c.n.b.service.SupabaseStorageService     : Uploaded 69 bytes to storage: extracted-visuals/990f33d3-3fed-4cc8-b11b-667010952233/page-15/table-1.png (attempt 1)
2026-06-14T03:15:59.186-05:00  INFO 58032 --- [backend] [ingestion-1] [                                                 ] c.n.b.service.SupabaseStorageService     : Uploaded 83 bytes to storage: extracted-visuals/990f33d3-3fed-4cc8-b11b-667010952233/page-16/figure-1.png (attempt 1)
2026-06-14T03:15:59.361-05:00  INFO 58032 --- [backend] [ingestion-1] [                                                 ] c.n.b.service.SupabaseStorageService     : Uploaded 83 bytes to storage: extracted-visuals/990f33d3-3fed-4cc8-b11b-667010952233/page-16/figure-2.png (attempt 1)
2026-06-14T03:15:59.532-05:00  INFO 58032 --- [backend] [ingestion-1] [                                                 ] c.n.b.service.SupabaseStorageService     : Uploaded 69 bytes to storage: extracted-visuals/990f33d3-3fed-4cc8-b11b-667010952233/page-16/figure-3.png (attempt 1)
2026-06-14T03:15:59.691-05:00  INFO 58032 --- [backend] [ingestion-1] [                                                 ] c.n.b.service.SupabaseStorageService     : Uploaded 83 bytes to storage: extracted-visuals/990f33d3-3fed-4cc8-b11b-667010952233/page-17/figure-1.png (attempt 1)
2026-06-14T03:15:59.863-05:00  INFO 58032 --- [backend] [ingestion-1] [                                                 ] c.n.b.service.SupabaseStorageService     : Uploaded 83 bytes to storage: extracted-visuals/990f33d3-3fed-4cc8-b11b-667010952233/page-17/figure-2.png (attempt 1)
2026-06-14T03:16:00.071-05:00  INFO 58032 --- [backend] [ingestion-1] [                                                 ] c.n.b.service.SupabaseStorageService     : Uploaded 69 bytes to storage: extracted-visuals/990f33d3-3fed-4cc8-b11b-667010952233/page-17/figure-3.png (attempt 1)
2026-06-14T03:16:00.323-05:00  INFO 58032 --- [backend] [ingestion-1] [                                                 ] c.n.b.service.SupabaseStorageService     : Uploaded 34740 bytes to storage: extracted-visuals/990f33d3-3fed-4cc8-b11b-667010952233/page-18/table-1.png (attempt 1)
2026-06-14T03:16:00.324-05:00  INFO 58032 --- [backend] [ingestion-1] [                                                 ] c.nib.backend.service.IngestionRunner    : Vision analysis complete in 14699 ms (18 pages)
2026-06-14T03:16:00.325-05:00  INFO 58032 --- [backend] [ingestion-1] [                                                 ] c.nib.backend.service.IngestionRunner    : Collected 110 total blocks (45 text + 18 visual) for document 990f33d3-3fed-4cc8-b11b-667010952233
2026-06-14T03:16:01.743-05:00  INFO 58032 --- [backend] [ingestion-1] [                                                 ] com.nib.backend.service.VisionService    : Generated document summary (534 chars)
2026-06-14T03:16:01.913-05:00  INFO 58032 --- [backend] [ingestion-1] [                                                 ] c.nib.backend.service.IngestionRunner    : Document type classified as 'mixed' for document 990f33d3-3fed-4cc8-b11b-667010952233
2026-06-14T03:16:02.424-05:00  INFO 58032 --- [backend] [ingestion-1] [                                                 ] c.nib.backend.service.IngestionRunner    : Generated 4 tailored conversation starter(s) for document 990f33d3-3fed-4cc8-b11b-667010952233
2026-06-14T03:16:02.425-05:00  INFO 58032 --- [backend] [ingestion-1] [                                                 ] c.nib.backend.service.IngestionRunner    : Added document_summary block for document 990f33d3-3fed-4cc8-b11b-667010952233 — summary:
This document is a project report detailing the development and features of the URHealth application.
TYPE: Software project report
The URHealth application is designed to support users' mental health by providing personalized resources, assessments, and access to counselors. The report covers project description, deliverables, testing, inspection, recommendations, and issues. Key features include a login system, personalized news and quotes, mental health assessments, a resource library with games, and a therapy chat interface.
2026-06-14T03:16:02.426-05:00  INFO 58032 --- [backend] [ingestion-1] [                                                 ] c.nib.backend.service.IngestionRunner    : Embedding batch 1/1 (111 items) for document 990f33d3-3fed-4cc8-b11b-667010952233
2026-06-14T03:16:06.935-05:00  INFO 58032 --- [backend] [ingestion-1] [                                                 ] c.nib.backend.service.IngestionRunner    : Ingestion complete for document 990f33d3-3fed-4cc8-b11b-667010952233 — job 733e2022-dc08-4659-b0f2-709a10b4184f
2026-06-14T03:16:28.042-05:00  INFO 58032 --- [backend] [http-nio-8080-exec-9] [de453d9e70085d7625aa55385cb69a1d-a2368ae63e0c87b7] c.n.backend.service.VectorSearchService  : Hybrid search: 80 vector + 2 text candidates → 40 merged results (topK=40)
2026-06-14T03:16:28.361-05:00  INFO 58032 --- [backend] [http-nio-8080-exec-9] [de453d9e70085d7625aa55385cb69a1d-a2368ae63e0c87b7] com.nib.backend.service.ChatService      : Cross-encoder rerank: 40 candidate(s) → 20 chunk(s), top relevance=0.941
2026-06-14T03:18:31.188-05:00  INFO 58032 --- [backend] [http-nio-8080-exec-9] [2a7b2fcfbf646f08b7247943a57c7417-9be8ea4fe9f64dc4] com.nib.backend.service.ChatService      : Query rewrite: 'what does the db tables look like' → 'URHealth application database tables'
2026-06-14T03:18:31.747-05:00  INFO 58032 --- [backend] [http-nio-8080-exec-9] [2a7b2fcfbf646f08b7247943a57c7417-9be8ea4fe9f64dc4] c.n.backend.service.VectorSearchService  : Hybrid search: 80 vector + 0 text candidates → 40 merged results (topK=40)
2026-06-14T03:18:32.003-05:00  INFO 58032 --- [backend] [http-nio-8080-exec-9] [2a7b2fcfbf646f08b7247943a57c7417-9be8ea4fe9f64dc4] com.nib.backend.service.ChatService      : Cross-encoder rerank: 40 candidate(s) → 20 chunk(s), top relevance=0.487
2026-06-14T03:20:05.864-05:00  INFO 58032 --- [backend] [http-nio-8080-exec-9] [db5bbae181fd6ca5f2f570da2279b057-283e7325a334c6ec] com.nib.backend.service.ChatService      : Query rewrite: 'what is a primary key?' → 'what is a primary key'
2026-06-14T03:20:06.434-05:00  INFO 58032 --- [backend] [http-nio-8080-exec-9] [db5bbae181fd6ca5f2f570da2279b057-283e7325a334c6ec] c.n.backend.service.VectorSearchService  : Hybrid search: 80 vector + 1 text candidates → 40 merged results (topK=40)
2026-06-14T03:20:06.681-05:00  INFO 58032 --- [backend] [http-nio-8080-exec-9] [db5bbae181fd6ca5f2f570da2279b057-283e7325a334c6ec] com.nib.backend.service.ChatService      : Cross-encoder rerank: 40 candidate(s) → 20 chunk(s), top relevance=0.387
2026-06-14T03:23:05.817-05:00  INFO 58032 --- [backend] [http-nio-8080-exec-4] [6e5e632fe94effe4e26fcf026dafc875-276f884249e19f62] com.nib.backend.service.ChatService      : Query rewrite: 'what does null mean?' → 'database null meaning'
2026-06-14T03:23:06.606-05:00  INFO 58032 --- [backend] [http-nio-8080-exec-4] [6e5e632fe94effe4e26fcf026dafc875-276f884249e19f62] c.n.backend.service.VectorSearchService  : Hybrid search: 80 vector + 0 text candidates → 40 merged results (topK=40)
2026-06-14T03:23:06.924-05:00  INFO 58032 --- [backend] [http-nio-8080-exec-4] [6e5e632fe94effe4e26fcf026dafc875-276f884249e19f62] c.nib.backend.service.RerankerService    : Cross-encoder found no relevant candidate (best=0.044 < floor=0.100) — keeping bi-encoder ranking instead
2026-06-14T03:23:13.108-05:00  INFO 58032 --- [backend] [http-nio-8080-exec-4] [6e5e632fe94effe4e26fcf026dafc875-276f884249e19f62] com.nib.backend.service.ChatService      : Treating uncited no-information answer as refusal for session afb9b3f6-589f-4240-9ff3-e9ece4fedd21
